모델명,제조/수입사,차종,유형,자동차형식,연료종류,배기량,변속형식,복합모드_CO2,복합_연비,등급
Mercedes-Benz S580 e 4MATIC,벤츠,승용차,일반형,PHEV,전기+휘발유,2999,자동9,31,2.7 / 9.8,PHEV
BMW 740d xDrive,BMW,승용차,일반형,하이브리드,경유,2993,자동8,153,12.5,3등급
Mercedes-Benz GLS580 4MATIC,벤츠,승용차,다목적형,하이브리드,휘발유,3982,자동9,262,6.6,5등급
Mercedes-Benz GLS580 4MATIC(6 Seater),벤츠,승용차,다목적형,하이브리드,휘발유,3982,자동9,262,6.6,5등급
Mercedes-Maybach GLS600 4MATIC(5 Seater),벤츠,승용차,다목적형,하이브리드,휘발유,3982,자동9,290,6.1,5등급
Mercedes-Maybach GLS600 4MATIC,벤츠,승용차,다목적형,하이브리드,휘발유,3982,자동9,290,6.1,5등급
Mercedes-AMG GLE63 S 4MATIC + Coupe,벤츠,승용차,다목적형,하이브리드,휘발유,3982,자동9,255,6.8,5등급
BMW iX xDrive50,BMW,승용차,다목적형,전기(MCT),전기,0,없음,0,3.7,고속
A7 55 TFSI e quattro,아우디,승용차,일반형,PHEV,전기+휘발유,1984,자동7,45.639,3 / 11.3,PHEV
DS7 1.2 PureTech,PSA Automobiles,승용차,다목적형,내연기관,휘발유,1199,자동8,137,12,3등급
Q8 55 TFSI quattro,아우디,승용차,다목적형,하이브리드,휘발유,2995,자동8,209,8.2,5등급
Q7 55 TFSI quattro,아우디,승용차,다목적형,하이브리드,휘발유,2995,자동8,211,8.1,5등급
그랜저(GN7) 2.5 GDI 20인치,현대,승용차,일반형,내연기관,휘발유,2497,자동8,150,11.2,4등급
그랜저(GN7) 2.5 GDI 19인치,현대,승용차,일반형,내연기관,휘발유,2497,자동8,148,11.4,4등급
그랜저(GN7) 2.5 GDI 18인치,현대,승용차,일반형,내연기관,휘발유,2497,자동8,143,11.7,3등급
그랜저(GN7) 3.5 GDI AWD 20인치,현대,승용차,일반형,내연기관,휘발유,3470,자동8,190,9,5등급
그랜저(GN7) 3.5 GDI AWD 19인치,현대,승용차,일반형,내연기관,휘발유,3470,자동8,186,9.2,5등급
그랜저(GN7) 3.5 GDI AWD 18인치,현대,승용차,일반형,내연기관,휘발유,3470,자동8,179,9.5,4등급
그랜저(GN7) 3.5 GDI 2WD 20인치,현대,승용차,일반형,내연기관,휘발유,3470,자동8,176,9.7,4등급
그랜저(GN7) 3.5 GDI 2WD 19인치,현대,승용차,일반형,내연기관,휘발유,3470,자동8,168,10.1,4등급
그랜저(GN7) 3.5 GDI 2WD 18인치,현대,승용차,일반형,내연기관,휘발유,3470,자동8,163,10.4,4등급
그랜저(GN7) 3.5 LPI 20인치,현대,승용차,일반형,내연기관,LPG,3470,자동8,183,7.3,5등급
그랜저(GN7) 3.5 LPI 19인치,현대,승용차,일반형,내연기관,LPG,3470,자동8,180,7.4,5등급
그랜저(GN7) 3.5 LPI 18인치,현대,승용차,일반형,내연기관,LPG,3470,자동8,170,7.8,5등급
Huracan Tecnica,람보르기니,승용차,일반형,내연기관,휘발유,5204,자동7,286,6.2,5등급
Mercedes-Maybach S680 4MATIC,벤츠,승용차,일반형,내연기관,휘발유,5980,자동9,306,5.8,5등급
Mercedes-Maybach S680 4MATIC(5 Seats),벤츠,승용차,일반형,내연기관,휘발유,5980,자동9,306,5.8,5등급
짚 그랜드 체로키,크라이슬러,승용차,다목적형,내연기관,휘발유,3604,자동8,228,7.4,5등급
짚 그랜드 체로키,크라이슬러,승용차,다목적형,내연기관,휘발유,3604,자동8,228,7.4,5등급
Mercedes-Benz GLE450 4MATIC,벤츠,승용차,다목적형,하이브리드,휘발유,2999,자동9,200,8.6,5등급
Mercedes-AMG GLE53 4MATIC +,벤츠,승용차,다목적형,하이브리드,휘발유,2999,자동9,218,7.9,5등급
Mercedes-Benz GLE450 4MATIC(5Seats),벤츠,승용차,다목적형,하이브리드,휘발유,2999,자동9,200,8.6,5등급
Mercedes-AMG GLE53 4MATIC +(5seats),벤츠,승용차,다목적형,하이브리드,휘발유,2999,자동9,218,7.9,5등급
Mercedes-AMG GLE53 4MATIC + Coupe,벤츠,승용차,다목적형,하이브리드,휘발유,2999,자동9,212,8.1,5등급
CHEVROLET EQUINOX FWD (MY23),GM,승용차,다목적형,내연기관,휘발유,1490,자동6,147,11.4,4등급
CHEVROLET EQUINOX AWD (MY23),GM,승용차,다목적형,내연기관,휘발유,1490,자동6,154,11,4등급
마세라티 MC20 Cielo,마세라티,승용차,일반형,내연기관,휘발유,2992,자동8,253,7.1,5등급
T4K,BYD,화물차,일반형,전기(MCT),전기,0,없음,0,2.6,고속
GMC Sierra ,한국지엠,화물차,일반형,내연기관,휘발유,6162,자동10,254,6.9,5등급
Peugeot 408 1.2 PureTech,PSA Automobiles,승용차,일반형,내연기관,휘발유,1199,자동8,129,12.9,3등급
디펜더 130 D300,랜드로버,승용차,다목적형,하이브리드,경유,2997,자동8,197,9.9,4등급
Mercedes-Benz EQS450 +,벤츠,승용차,일반형,전기(MCT),전기,0,없음,0,3.8,고속
URUS S,람보르기니,승용차,다목적형,내연기관,휘발유,3996,자동8,273,6.4,5등급
URUS Performante,람보르기니,승용차,다목적형,내연기관,휘발유,3996,자동8,272,6.5,5등급
URUS Performante,람보르기니,승용차,다목적형,내연기관,휘발유,3996,자동8,272,6.5,5등급
Mercedes-Benz EQS580 4MATIC SUV(5seats),벤츠,승용차,다목적형,전기(MCT),전기,0,없음,0,3.5,고속
Mercedes-Benz EQS450 4MATIC SUV(5seats),벤츠,승용차,다목적형,전기(MCT),전기,0,없음,0,3.6,고속
Mercedes-Benz EQS450 4MATIC SUV,벤츠,승용차,다목적형,전기(MCT),전기,0,없음,0,3.6,고속
Mercedes-Benz EQS580 4MATIC SUV,벤츠,승용차,다목적형,전기(MCT),전기,0,없음,0,3.5,고속
Mercedes-AMG EQE53 4MATIC +,벤츠,승용차,일반형,전기(MCT),전기,0,없음,0,3.3,고속
Mercedes-AMG EQS53 4MATIC +,벤츠,승용차,일반형,전기(MCT),전기,0,없음,0,3.1,고속
Mercedes-AMG EQS53 4MATIC +,벤츠,승용차,일반형,전기(MCT),전기,0,없음,0,3.2,고속
Mercedes-AMG A45 4MATIC +,벤츠,승용차,일반형,내연기관,휘발유,1991,자동8,195,8.8,5등급
마세라티 그레칼레 모데나,마세라티,승용차,다목적형,하이브리드,휘발유,1995,자동8,178,9.8,4등급
마세라티 그레칼레 GT,마세라티,승용차,다목적형,하이브리드,휘발유,1995,자동8,176,9.9,4등급
Mercedes-AMG E53 4MATIC + Coupe,벤츠,승용차,일반형,하이브리드,휘발유,2999,자동9,186,9.2,5등급
Mercedes-AMG E53 4MATIC +,벤츠,승용차,일반형,하이브리드,휘발유,2999,자동9,187,9.1,5등급
Mercedes-AMG GT43 4MATIC +,벤츠,승용차,일반형,하이브리드,휘발유,2999,자동9,211,8.2,5등급
Mercedes-AMG CLS53 4MATIC +,벤츠,승용차,일반형,하이브리드,휘발유,2999,자동9,189,9.1,5등급
911 타르가 4 GTS,포르쉐,승용차,일반형,내연기관,휘발유,2981,자동8,229,7.7,5등급
911 터보 S 카브리올레,포르쉐,승용차,일반형,내연기관,휘발유,3745,자동8,264,6.7,5등급
Mercedes-AMG GT63 S 4MATIC +,벤츠,승용차,일반형,내연기관,휘발유,3982,자동9,260,6.7,5등급
Peugeot 2008 1.5 BlueHDi,PSA Automobiles,승용차,다목적형,내연기관,경유,1499,자동8,109,17.1,1등급
더 뉴 레인지로버 스포츠 P360,랜드로버,승용차,다목적형,하이브리드,휘발유,2996,자동8,217,8,5등급
Mercedes-AMG CLA45 S 4MATIC +,벤츠,승용차,일반형,내연기관,휘발유,1991,자동8,188,9.1,5등급
RS Q8,아우디,승용차,다목적형,하이브리드,휘발유,3996,자동8,261,6.6,5등급
Mercedes-Benz C300 4MATIC,벤츠,승용차,일반형,하이브리드,휘발유,1999,자동9,151,11.2,4등급
Mercedes-Benz C200,벤츠,승용차,일반형,하이브리드,휘발유,1999,자동9,145,11.7,3등급
Mercedes-Benz EQE300,벤츠,승용차,일반형,전기(MCT),전기,0,없음,0,4.2,고속
Mercedes-Benz EQE350 4MATIC,벤츠,승용차,일반형,전기(MCT),전기,0,없음,0,4,고속
Q5 Sportback 45 TFSI quattro,아우디,승용차,다목적형,내연기관,휘발유,1984,자동7,164,10.2,4등급
마세라티 그레칼레 트로페오,마세라티,승용차,다목적형,내연기관,휘발유,2992,자동8,222,8,5등급
페라리 296 GTS,페라리,승용차,일반형,PHEV,전기+휘발유,2992,자동8,149,2.3 / 7.7,PHEV
페라리 푸로산게,페라리,승용차,일반형,내연기관,휘발유,6496,자동8,354,5.1,5등급
S4 TFSI,아우디,승용차,일반형,내연기관,휘발유,2995,자동8,178,9.6,4등급
Q5 45 TFSI quattro,아우디,승용차,다목적형,내연기관,휘발유,1984,자동7,161,10.5,4등급
토요타 Camry Hybrid,토요타,승용차,일반형,하이브리드,휘발유,2487,무단변속,91,17.1,1등급
Mercedes-Benz S580 4MATIC,벤츠,승용차,일반형,하이브리드,휘발유,3982,자동9,222,7.8,5등급
Mercedes-Maybach S580 4MATIC,벤츠,승용차,일반형,하이브리드,휘발유,3982,자동9,213,8.1,5등급
Mercedes-Maybach S580 4MATIC(5Seats),벤츠,승용차,일반형,하이브리드,휘발유,3982,자동9,213,8.1,5등급
Mercedes-Benz S450 4MATIC,벤츠,승용차,일반형,하이브리드,휘발유,2999,자동9,179,9.6,4등급
Mercedes-Benz S500 4MATIC,벤츠,승용차,일반형,하이브리드,휘발유,2999,자동9,189,9.1,5등급
Mercedes-AMG GLC63 S 4MATIC + Coupe,벤츠,승용차,다목적형,내연기관,휘발유,3982,자동9,253,6.9,5등급
RS 5 Sportback,아우디,승용차,일반형,내연기관,휘발유,2894,자동8,205,8.3,5등급
XM3 하이브리드 18인치,르노코리아자동차(주),승용차,기타형,하이브리드,휘발유,1598,자동4,93,17,1등급
XM3 하이브리드 17인치,르노코리아자동차(주),승용차,기타형,하이브리드,휘발유,1598,자동4,91,17.4,1등급
짚 랭글러 루비콘,크라이슬러,승용차,다목적형,내연기관,휘발유,1995,자동8,230,7.4,5등급
A5 Coupe 45 TFSI quattro,아우디,승용차,일반형,내연기관,휘발유,1984,자동7,156,10.9,4등급
A5 Sportback 45 TFSI quattro,아우디,승용차,일반형,내연기관,휘발유,1984,자동7,152,11.2,4등급
A4 45 TFSI quattro,아우디,승용차,일반형,내연기관,휘발유,1984,자동7,158,10.6,4등급
A5 Cabriolet 45 TFSI quattro,아우디,승용차,일반형,내연기관,휘발유,1984,자동7,157,10.7,4등급
MASADA 3세대 2밴,DFSK,화물차,밴형,전기(MCT),전기,0,없음,0,3.8,고속
MASADA 3세대 4밴,DFSK,화물차,밴형,전기(MCT),전기,0,없음,0,3.8,고속
아이오닉6 항속형 RWD 20인치,현대,승용차,일반형,전기(MCT),전기,0,없음,0,5.1,고속
아이오닉6 항속형 RWD 18인치,현대,승용차,일반형,전기(MCT),전기,0,없음,0,6,고속
아이오닉6 항속형 AWD 20인치,현대,승용차,일반형,전기(MCT),전기,0,없음,0,4.8,고속
아이오닉6 항속형 AWD 18인치,현대,승용차,일반형,전기(MCT),전기,0,없음,0,5.5,고속
아이오닉6 기본형 RWD 18인치,현대,승용차,일반형,전기(MCT),전기,0,없음,0,6.2,고속
"A4 40 TFSI	",아우디,승용차,일반형,내연기관,휘발유,1984,자동7,128,13,3등급
A5 Sportback 40 TFSI quattro,아우디,승용차,일반형,내연기관,휘발유,1984,자동7,138,12.1,3등급
A6 45 TFSI,아우디,승용차,일반형,내연기관,휘발유,1984,자동7,154,11,4등급
A6 45 TFSI quattro,아우디,승용차,일반형,내연기관,휘발유,1984,자동7,156,10.7,4등급
S5 Coupe TFSI,아우디,승용차,일반형,내연기관,휘발유,2995,자동8,171,9.9,4등급
Q7 45 TDI quattro,아우디,승용차,다목적형,하이브리드,경유,2967,자동8,183,10.6,4등급
Q7 45 TDI quattro,아우디,승용차,다목적형,하이브리드,경유,2967,자동8,183,10.6,4등급
Jetta,폭스바겐,승용차,일반형,내연기관,휘발유,1498,자동8,119,14.1,2등급
Q7 50 TDI quattro,아우디,승용차,다목적형,하이브리드,경유,2967,자동8,177,11,4등급
BMW 320i,BMW,승용차,일반형,내연기관,휘발유,1998,자동8,149,11.2,4등급
BMW 320d xDrive,BMW,승용차,일반형,내연기관,경유,1995,자동8,143,13.3,3등급
짚 글래디에이터,크라이슬러,화물차,화물,내연기관,휘발유,3604,자동8,277,6.2,5등급
S8 L TFSI,아우디,승용차,일반형,하이브리드,휘발유,3996,자동8,226,7.6,5등급
A8 L 60 TFSI quattro,아우디,승용차,일반형,하이브리드,휘발유,3996,자동8,234,7.4,5등급
A8 L 60 TFSI quattro,아우디,승용차,일반형,하이브리드,휘발유,3996,자동8,234,7.4,5등급
Model X Plaid,테슬라코리아 유한회사,승용차,다목적형,전기(MCT),전기,0,없음,0,4.1,고속
Model X AWD,테슬라코리아 유한회사,승용차,다목적형,전기(MCT),전기,0,없음,0,4.3,고속
Model X AWD,테슬라코리아 유한회사,승용차,다목적형,전기(MCT),전기,0,없음,0,4.3,고속
Model X Plaid,테슬라코리아 유한회사,승용차,다목적형,전기(MCT),전기,0,없음,0,4.1,고속
Model S AWD,테슬라코리아 유한회사,승용차,일반형,전기(MCT),전기,0,없음,0,4.5,고속
Model S Plaid,테슬라코리아 유한회사,승용차,일반형,전기(MCT),전기,0,없음,0,4.1,고속
Model X AWD,테슬라코리아 유한회사,승용차,다목적형,전기(MCT),전기,0,없음,0,4.3,고속
BMW 320d,BMW,승용차,일반형,내연기관,경유,1995,자동8,131,14.5,2등급
BMW X7 M60i xDrive,BMW,승용차,다목적형,하이브리드,휘발유,4395,자동8,250,6.9,5등급
BMW X7 M60i xDrive,BMW,승용차,다목적형,하이브리드,휘발유,4395,자동8,250,6.9,5등급
토레스 가솔린 1.5 AT 4WD 저공해3종 18인치 타이어,쌍용,승용차,기타형,내연기관,휘발유,1497,자동6,164,10.2,4등급
토레스 가솔린 1.5 AT 2WD 저공해3종 18인치 타이어,쌍용,승용차,기타형,내연기관,휘발유,1497,자동6,150,11.1,4등급
토레스 가솔린 1.5 AT 2WD 저공해3종 17인치 타이어,쌍용,승용차,기타형,내연기관,휘발유,1497,자동6,149,11.2,4등급
렉서스 ES300h,토요타,승용차,일반형,하이브리드,휘발유,2487,무단변속,94,16.8,1등급
Peugeot 5008 2.0 BlueHDi,PSA Automobiles,승용차,다목적형,내연기관,경유,1997,자동8,133,14.3,2등급
Peugeot 5008 1.5 BlueHDi,PSA Automobiles,승용차,다목적형,내연기관,경유,1499,자동8,116,16.1,1등급
BMW X7 xDrive40d,BMW,승용차,다목적형,하이브리드,경유,2993,자동8,194,10,4등급
BMW X7 xDrive40i,BMW,승용차,다목적형,하이브리드,휘발유,2998,자동8,218,7.8,5등급
BMW X7 xDrive40d,BMW,승용차,다목적형,하이브리드,경유,2993,자동8,194,10,4등급
BMW X7 xDrive40i,BMW,승용차,다목적형,하이브리드,휘발유,2998,자동8,218,7.8,5등급
Rolls Royce Phantom EWB,롤스로이스,승용차,일반형,내연기관,휘발유,6749,자동8,310,5.8,5등급
Rolls Royce Phantom EWB,롤스로이스,승용차,일반형,내연기관,휘발유,6749,자동8,310,5.8,5등급
Rolls Royce Phantom,롤스로이스,승용차,일반형,내연기관,휘발유,6749,자동8,310,5.8,5등급
Rolls Royce Phantom,롤스로이스,승용차,일반형,내연기관,휘발유,6749,자동8,310,5.8,5등급
투싼 1.6T-GDI HEV 6AT 4WD 17/18인치,현대,승용차,다목적형,하이브리드,휘발유,1598,자동6,105,15.3,2등급
투싼 1.6T-GDI HEV 6AT 4WD 19인치,현대,승용차,다목적형,하이브리드,휘발유,1598,자동6,107,15.1,2등급
투싼 1.6T-GDI HEV 6AT 4WD 17/18인치 빌트인캠,현대,승용차,다목적형,하이브리드,휘발유,1598,자동6,108,14.9,2등급
투싼 1.6T-GDI HEV 6AT 4WD 19인치 빌트인캠,현대,승용차,다목적형,하이브리드,휘발유,1598,자동6,110,14.7,2등급
Mercedes-Benz E450 4MATIC Cabriolet,벤츠,승용차,일반형,하이브리드,휘발유,2999,자동9,176,9.7,4등급
Mercedes-Benz E450 4MATIC,벤츠,승용차,일반형,하이브리드,휘발유,2999,자동9,176,9.7,4등급
Mercedes-Benz CLS450 4MATIC,벤츠,승용차,일반형,하이브리드,휘발유,2999,자동9,172,9.9,4등급
Mercedes-Benz E450 4MATIC Coupe,벤츠,승용차,일반형,하이브리드,휘발유,2999,자동9,176,9.7,4등급
BMW 320i,BMW,승용차,일반형,내연기관,휘발유,1998,자동8,149,11.2,4등급
BMW M340i,BMW,승용차,일반형,내연기관,휘발유,2998,자동8,162,10.4,4등급
BMW 320i Touring,BMW,승용차,일반형,내연기관,휘발유,1998,자동8,155,10.8,4등급
BMW M340i xDrive Touring,BMW,승용차,일반형,내연기관,휘발유,2998,자동8,176,9.6,4등급
짚 그랜드 체로키 4xe,크라이슬러,승용차,다목적형,PHEV,전기+휘발유,1995,자동8,48,2.3 / 8.8,PHEV
짚 그랜드 체로키 4xe,크라이슬러,승용차,다목적형,PHEV,전기+휘발유,1995,자동8,48,2.3 / 8.8,PHEV
BMW 330e,BMW,승용차,일반형,PHEV,전기+휘발유,1998,자동8,35,3.3 / 11,PHEV
BMW 320e,BMW,승용차,일반형,PHEV,전기+휘발유,1998,자동8,35,3.3 / 11,PHEV
Mercedes-Benz EQE350 +,벤츠,승용차,일반형,전기(MCT),전기,0,없음,0,4.3,고속
셀토스(PE) 2.0 가솔린 4WD 18 인치,기아,승용차,다목적형,내연기관,휘발유,1999,무단변속,148,11.3,4등급
셀토스(PE) 2.0 가솔린 4WD 16 인치 (빌트인캠),기아,승용차,다목적형,내연기관,휘발유,1999,무단변속,138,12.1,3등급
셀토스(PE) 2.0 가솔린 4WD 16 인치,기아,승용차,다목적형,내연기관,휘발유,1999,무단변속,137,12.2,3등급
셀토스(PE) 2.0 가솔린 2WD 18 인치,기아,승용차,다목적형,내연기관,휘발유,1999,무단변속,135,12.3,3등급
셀토스(PE) 2.0 가솔린 2WD 16 인치,기아,승용차,다목적형,내연기관,휘발유,1999,무단변속,128,12.9,3등급
셀토스(PE) 1.6T-GDI 2WD 18인치,기아,승용차,다목적형,내연기관,휘발유,1598,자동8,142,11.8,3등급
셀토스(PE) 1.6T-GDI 2WD 16인치 (빌트인캠),기아,승용차,다목적형,내연기관,휘발유,1598,자동8,133,12.5,3등급
셀토스(PE) 1.6T-GDI 4WD 18인치,기아,승용차,다목적형,내연기관,휘발유,1598,자동8,156,10.8,4등급
셀토스(PE) 1.6T-GDI 4WD 16인치,기아,승용차,다목적형,내연기관,휘발유,1598,자동8,142,11.8,3등급
셀토스(PE) 1.6T-GDI 2WD 16인치,기아,승용차,다목적형,내연기관,휘발유,1598,자동8,130,12.8,3등급
페라리 812 Competizione A,페라리,승용차,일반형,내연기관,휘발유,6496,자동7,318,5.7,5등급
더 뉴 레인지로버 스포츠 D300,랜드로버,승용차,다목적형,하이브리드,경유,2997,자동8,187,10.4,4등급
스포티지 2.0 LPI 19인치,기아,승용차,다목적형,내연기관,LPG,1999,자동6,146,9,5등급
스포티지 2.0 LPI 19인치(빌트인캠),기아,승용차,다목적형,내연기관,LPG,1999,자동6,149,8.8,5등급
스포티지 2.0 LPI 18인치,기아,승용차,다목적형,내연기관,LPG,1999,자동6,144,9.1,5등급
스포티지 2.0 LPI 18인치(빌트인캠),기아,승용차,다목적형,내연기관,LPG,1999,자동6,147,8.9,5등급
스포티지 2.0 LPI 17인치,기아,승용차,다목적형,내연기관,LPG,1999,자동6,143,9.2,5등급
BMW 320d Touring,BMW,승용차,일반형,내연기관,경유,1995,자동8,134,14.2,2등급
BMW 320d xDrive,BMW,승용차,일반형,내연기관,경유,1995,자동8,142,13.5,3등급
BMW 320d,BMW,승용차,일반형,내연기관,경유,1995,자동8,125,15,2등급
볼보 S90B6 AWD,볼보,승용차,일반형,하이브리드,휘발유,1969,자동8,176,9.9,4등급
볼보 S90B5,볼보,승용차,일반형,하이브리드,휘발유,1969,자동8,155,11.1,4등급
BMW i7 xDrive60,BMW,승용차,일반형,전기(MCT),전기,0,없음,0,3.7,고속
BMW 740i,BMW,승용차,일반형,하이브리드,휘발유,2998,자동8,156,10.7,4등급
디스커버리 P300,랜드로버,승용차,다목적형,내연기관,휘발유,1997,자동8,212,8.2,5등급
DS4 Crossback 1.5 BlueHDi,PSA Automobiles,승용차,일반형,내연기관,경유,1499,자동8,113,16.5,1등급
Mercedes-Benz E300 d 4MATIC Coupe,벤츠,승용차,일반형,하이브리드,경유,1993,자동9,141,13.5,3등급
볼보 XC60B5 AWD,볼보,승용차,다목적형,하이브리드,휘발유,1969,자동8,175,9.9,4등급
쏘나타(DN8) 1.6 T-GDI 19인치 23MY,현대,승용차,일반형,내연기관,휘발유,1598,자동8,134,12.4,3등급
쏘나타(DN8) 2.0CVVL_19인치타이어_23MY,현대,승용차,일반형,내연기관,휘발유,1999,자동6,143,11.7,3등급
CEVO-C SE 1인승 밴형,주식회사 쎄보모빌리티,승용차,일반형,전기,전기,0,없음,0,6.3,고속
DS3 CROSSBACK E-TENSE,PSA Automobiles,승용차,다목적형,전기(MCT),전기,0,없음,0,4.9,고속
Peugeot e-2008 SUV,PSA Automobiles,승용차,다목적형,전기(MCT),전기,0,없음,0,4.9,고속
Peugeot e-208,PSA Automobiles,승용차,일반형,전기(MCT),전기,0,없음,0,5.4,고속
Mercedes-AMG G63,벤츠,승용차,다목적형,내연기관,휘발유,3982,자동9,301,5.8,5등급
ID.4 Pro,폭스바겐,승용차,다목적형,전기(MCT),전기,0,없음,0,4.7,고속
T-Roc,폭스바겐,승용차,다목적형,내연기관,경유,1968,자동7,114,16.4,1등급
Tiguan Allspace 2.0 TDI,폭스바겐,승용차,다목적형,내연기관,경유,1968,자동7,129,14.6,2등급
G70 슈팅브레이크 2.0T-GDI AWD 19인치(올시즌)_SP,현대,승용차,기타형,내연기관,휘발유,1998,자동8,181,9.4,4등급
G70 슈팅브레이크 2.0T-GDI AWD 19인치(썸머)_SP,현대,승용차,기타형,내연기관,휘발유,1998,자동8,185,9.1,5등급
G70 슈팅브레이크 2.0T-GDI AWD 19인치(올시즌),현대,승용차,기타형,내연기관,휘발유,1998,자동8,181,9.4,4등급
G70 슈팅브레이크 2.0T-GDI AWD 19인치(썸머),현대,승용차,기타형,내연기관,휘발유,1998,자동8,185,9.1,5등급
G70 슈팅브레이크 2.0T-GDI 2WD 19인치(올시즌),현대,승용차,기타형,내연기관,휘발유,1998,자동8,166,10.2,4등급
G70 슈팅브레이크 2.0T-GDI 2WD 19인치(썸머),현대,승용차,기타형,내연기관,휘발유,1998,자동8,171,9.9,4등급
G70 슈팅브레이크 2.0T-GDI AWD 18인치타이어,현대,승용차,기타형,내연기관,휘발유,1998,자동8,174,9.7,4등급
G70 슈팅브레이크 2.0T-GDI AWD 18인치(빌트인캠),현대,승용차,기타형,내연기관,휘발유,1998,자동8,177,9.6,4등급
G70 슈팅브레이크 2.0T-GDI 2WD 18인치타이어,현대,승용차,기타형,내연기관,휘발유,1998,자동8,162,10.4,4등급
G70 슈팅브레이크2.0T-GDI 2WD 18인치(빌트인캠),현대,승용차,기타형,내연기관,휘발유,1998,자동8,166,10.2,4등급
Mercedes-Maybach GLS600 4MATIC,벤츠,승용차,다목적형,하이브리드,휘발유,3982,자동9,283,6.2,5등급
G70 슈팅브레이크 2.0T-GDI 2WD 19인치(올시즌)_SP,현대,승용차,기타형,내연기관,휘발유,1998,자동8,166,10.2,4등급
G70 슈팅브레이크 2.0T-GDI 2WD 19인치(썸머)_SP,현대,승용차,기타형,내연기관,휘발유,1998,자동8,171,9.9,4등급
Mercedes-Maybach GLS600 4MATIC (5 seater),벤츠,승용차,다목적형,하이브리드,휘발유,3982,자동9,283,6.2,5등급
Mercedes-Benz GLS580 4MATIC,벤츠,승용차,다목적형,하이브리드,휘발유,3982,자동9,289,6,5등급
"Mercedes-AMG GLE63 S 4MATIC+ Coupe						",벤츠,승용차,다목적형,하이브리드,휘발유,3982,자동9,270,6.5,5등급
Mercedes-Benz S400 d 4MATIC,벤츠,승용차,일반형,내연기관,경유,2925,자동9,170,11.4,4등급
DS7 CROSSBACK 1.2 PureTech,PSA Automobiles,승용차,다목적형,내연기관,휘발유,1199,자동8,137,11.8,3등급
Peugeot 3008 1.5 BlueHDi,PSA Automobiles,승용차,다목적형,내연기관,경유,1499,자동8,119,15.8,2등급
렉서스 NX450h+,토요타,승용차,다목적형,PHEV,전기+휘발유,2487,무단변속,26,3.8 / 14.4,PHEV
팰리세이드(PE) 3.8GDI AWD 8인 20인치,현대,승용차,다목적형,내연기관,휘발유,3778,자동8,200,8.5,5등급
팰리세이드(PE) 3.8GDI AWD 8인 18인치,현대,승용차,다목적형,내연기관,휘발유,3778,자동8,196,8.7,5등급
팰리세이드(PE) 3.8GDI 2WD 8인 20인치,현대,승용차,다목적형,내연기관,휘발유,3778,자동8,188,9,5등급
팰리세이드(PE) 3.8GDI 2WD 8인 18인치,현대,승용차,다목적형,내연기관,휘발유,3778,자동8,183,9.3,5등급
팰리세이드(PE) 3.8GDI AWD 7인 18인치,현대,승용차,다목적형,내연기관,휘발유,3778,자동8,196,8.7,5등급
팰리세이드(PE) 3.8GDI AWD 7인 20인치,현대,승용차,다목적형,내연기관,휘발유,3778,자동8,200,8.5,5등급
팰리세이드(PE) 3.8GDI 2WD 7인 20인치,현대,승용차,다목적형,내연기관,휘발유,3778,자동8,188,9,5등급
팰리세이드(PE) 3.8GDI 2WD 7인 18인치,현대,승용차,다목적형,내연기관,휘발유,3778,자동8,183,9.3,5등급
팰리세이드(PE) 2.2 디젤 AWD 7인 20인치,현대,승용차,다목적형,내연기관,경유,2199,자동8,170,11.4,4등급
팰리세이드(PE) 2.2 디젤 AWD 7인 18인치,현대,승용차,다목적형,내연기관,경유,2199,자동8,165,11.7,3등급
팰리세이드(PE) 2.2 디젤 2WD 8인 18인치(빌트인캠),현대,승용차,다목적형,내연기관,경유,2199,자동8,157,12.2,3등급
팰리세이드(PE) 2.2 디젤 2WD 8인 18인치,현대,승용차,다목적형,내연기관,경유,2199,자동8,154,12.4,3등급
팰리세이드(PE) 2.2 디젤 2WD 8인 20인치,현대,승용차,다목적형,내연기관,경유,2199,자동8,159,12,3등급
팰리세이드(PE) 2.2 디젤 AWD 8인 18인치,현대,승용차,다목적형,내연기관,경유,2199,자동8,165,11.7,3등급
팰리세이드(PE) 2.2 디젤 AWD 8인 20인치,현대,승용차,다목적형,내연기관,경유,2199,자동8,170,11.4,4등급
팰리세이드(PE) 2.2 디젤 2WD 7인 20인치,현대,승용차,다목적형,내연기관,경유,2199,자동8,159,12,3등급
팰리세이드(PE) 2.2 디젤 2WD 7인 18인치,현대,승용차,다목적형,내연기관,경유,2199,자동8,154,12.4,3등급
팰리세이드(PE) 2.2 디젤 2WD 7인 18인치(빌트인캠),현대,승용차,다목적형,내연기관,경유,2199,자동8,157,12.2,3등급
더 뉴 레인지로버 P530 LWB (4인승),랜드로버,승용차,다목적형,내연기관,휘발유,4395,자동8,261,6.8,5등급
K5(JF) 2.0GDI 플러그인하이브리드 개조차,기아,승용차,일반형,PHEV,전기+휘발유,1999,자동6,26,4.8 / 17,PHEV
"QM6 2.0 LPLi SULEV30 (19"" Tire)",르노코리아자동차(주),승용차,다목적형,내연기관,LPG,1998,무단변속,153,8.6,5등급
"QM6 2.0 LPLi SULEV30 (18"" Tire)",르노코리아자동차(주),승용차,다목적형,내연기관,LPG,1998,무단변속,147,8.9,5등급
Q8 50 TDI quattro,아우디,승용차,다목적형,하이브리드,경유,2967,자동8,193,10.1,4등급
이티밴,Brilliance Shineray,화물차,밴형,전기(MCT),전기,0,없음,0,4.4,고속
Expedition 3.5L,포드,승용차,다목적형,내연기관,휘발유,3496,자동10,237,7.2,5등급
Lincoln Navigator 3.5L,포드,승용차,다목적형,내연기관,휘발유,3496,자동10,238,7.2,5등급
Expedition 3.5L (8인승),포드,승용차,다목적형,내연기관,휘발유,3496,자동10,237,7.2,5등급
Lincoln Navigator 3.5L (8인승),포드,승용차,다목적형,내연기관,휘발유,3496,자동10,238,7.2,5등급
MASADA 픽업,DFSK,화물차,일반형,전기(MCT),전기,0,없음,0,3.5,고속
GV70 Electrified 무선충전,현대,승용차,다목적형,전기(MCT),전기,0,없음,0,4.2,고속
렉서스 UX300e,토요타,승용차,다목적형,전기(MCT),전기,0,없음,0,4.7,고속
렉서스 NX350h,토요타,승용차,다목적형,하이브리드,휘발유,2487,무단변속,114,14,2등급
포텐스,(주)진우에스엠씨,화물차,일반형,전기,전기,0,없음,0,4.5,고속
다니고C,(주)대창모터스,화물차,일반형,전기(MCT),전기,0,없음,0,3.1,고속
Mercedes-Benz EQS450 4MATIC,벤츠,승용차,일반형,전기(MCT),전기,0,없음,0,3.5,고속
CHEVROLET TRAVERSE AWD,GM,승용차,다목적형,내연기관,휘발유,3564,자동9,211,8.3,5등급
트레일블레이저 1.35 TURBO AWD,한국지엠,승용차,다목적형,내연기관,휘발유,1341,자동9,146,11.6,3등급
Q4 e-tron 40,아우디,승용차,다목적형,전기(MCT),전기,0,없음,0,4.3,고속
Q4 Sportback e-tron 40,아우디,승용차,다목적형,전기(MCT),전기,0,없음,0,4.1,고속
타이칸 GTS (5인승),포르쉐,승용차,일반형,전기(MCT),전기,0,없음,0,3.2,고속
타이칸 GTS,포르쉐,승용차,일반형,전기(MCT),전기,0,없음,0,3.2,고속
Mercedes-Benz E220 d 4MATIC,벤츠,승용차,일반형,하이브리드,경유,1993,자동9,139,13.7,3등급
볼보 S90T8 AWD,볼보,승용차,일반형,PHEV,전기+휘발유,1969,자동8,42,3 / 11.9,PHEV
볼보 C40 Recharge Twin,볼보,승용차,다목적형,전기(MCT),전기,0,없음,0,4.1,고속
니로 플러스 EV 항속형 2WD 17인치,기아,승용차,기타형,전기(MCT),전기,0,없음,0,5.3,고속
DS4 Crossback 1.5 BlueHDi,PSA Automobiles,승용차,일반형,내연기관,경유,1499,자동8,115,16.2,1등급
토요타 GR86,토요타,승용차,일반형,내연기관,휘발유,2387,수동6,174,9.5,4등급
파나메라 터보 S E-하이브리드,포르쉐,승용차,일반형,PHEV,전기+휘발유,3996,자동8,61,2 / 7.5,PHEV
파나메라 터보 S E-하이브리드 (5인승),포르쉐,승용차,일반형,PHEV,전기+휘발유,3996,자동8,61,2 / 7.5,PHEV
Explorer 3.3 FHEV,포드,승용차,다목적형,하이브리드,휘발유,3339,자동10,160,10.4,4등급
Mercedes-Benz EQB300 4MATIC (5 Seater),벤츠,승용차,다목적형,전기(MCT),전기,0,없음,0,4.1,고속
Mercedes-Benz EQB300 4MATIC,벤츠,승용차,다목적형,전기(MCT),전기,0,없음,0,4.1,고속
718 카이맨 GT4,포르쉐,승용차,일반형,내연기관,휘발유,3995,자동7,231,7.6,5등급
BMW M850i xDrive Gran Coupe,BMW,승용차,일반형,내연기관,휘발유,4395,자동8,224,7.7,5등급
BMW M850i xDrive Coupe,BMW,승용차,일반형,내연기관,휘발유,4395,자동8,226,7.6,5등급
Tiguan Allspace,폭스바겐,승용차,다목적형,내연기관,휘발유,1984,자동8,167,10.1,4등급
BMW 218d Active Tourer,BMW,승용차,일반형,내연기관,경유,1995,자동7,119,15.8,2등급
Master VAN Ph2 L2H2,르노코리아자동차(주),화물차,밴형,내연기관,경유,2299,수동6,183,10.5,4등급
Master VAN Ph2 L1H1 ,르노코리아자동차(주),화물차,밴형,내연기관,경유,2299,수동6,175,11,4등급
BMW iX M60,BMW,승용차,다목적형,전기(MCT),전기,0,없음,0,3.4,고속
볼보 XC40 Recharge Twin,볼보,승용차,다목적형,전기(MCT),전기,0,없음,0,3.9,고속
티볼리 가솔린 1.6 AT 2WD 기준4 16인치 타이어,쌍용,승용차,기타형,내연기관,휘발유,1597,자동6,143,11.6,3등급
티볼리 가솔린 1.6 AT 2WD 기준4 18인치 타이어,쌍용,승용차,기타형,내연기관,휘발유,1597,자동6,146,11.4,4등급
볼보 XC60T8 AWD,볼보,승용차,다목적형,PHEV,전기+휘발유,1969,자동8,33,3.3 / 11.4,PHEV
볼보 XC90T8 AWD,볼보,승용차,다목적형,PHEV,전기+휘발유,1969,자동8,42,03월 11일,PHEV
니로 EV 17인치,기아,승용차,기타형,전기(MCT),전기,0,없음,0,5.3,고속
Mercedes-Benz EQS350,벤츠,승용차,일반형,전기(MCT),전기,0,없음,0,4,고속
짚 레니게이드 1.3 AWD,크라이슬러,승용차,다목적형,내연기관,휘발유,1332,자동9,179,9.3,5등급
Mustang GT 5.0 Coupe,포드,승용차,일반형,내연기관,휘발유,5035,자동10,227,7.5,5등급
Mustang GT 5.0 Convertible,포드,승용차,일반형,내연기관,휘발유,5035,자동10,227,7.5,5등급
토요타 RAV4 Hybrid AWD,토요타,승용차,다목적형,하이브리드,휘발유,2487,무단변속,104,15.2,2등급
토요타 RAV4 Hybrid 2WD,토요타,승용차,다목적형,하이브리드,휘발유,2487,무단변속,102,15.5,2등급
Mustang GT 5.0 Convertible,포드,승용차,일반형,내연기관,휘발유,5035,자동10,227,7.5,5등급
Q2 35 TDI,아우디,승용차,다목적형,내연기관,경유,1968,자동7,111,16.7,1등급
아이오닉5 항속형 4WD 19인치 (77.4kWh),현대,승용차,다목적형,전기(MCT),전기,0,없음,0,4.7,고속
아이오닉5 항속형 4WD 20인치 (77.4kWh),현대,승용차,다목적형,전기(MCT),전기,0,없음,0,4.4,고속
짚 레니게이드 1.3 FWD,크라이슬러,승용차,다목적형,내연기관,휘발유,1332,자동9,160,10.4,4등급
짚 그랜드 체로키,크라이슬러,승용차,다목적형,내연기관,휘발유,3604,자동8,228,7.4,5등급
아이오닉5 항속형 RWD 19인치 (77.4kWh),현대,승용차,다목적형,전기(MCT),전기,0,없음,0,5.2,고속
아이오닉5 항속형 RWD 19인치 빌트인캠 (77.4kWh),현대,승용차,다목적형,전기(MCT),전기,0,없음,0,5.1,고속
아이오닉5 항속형 RWD 20인치 (77.4kWh),현대,승용차,다목적형,전기(MCT),전기,0,없음,0,4.8,고속
Model 3 RWD,테슬라코리아 유한회사,승용차,일반형,전기(MCT),전기,0,없음,0,5.7,고속
렉스턴스포츠칸 2.2디젤 4WD 6MT SCR Step2(17인치XL),쌍용,화물차,화물,내연기관,경유,2157,수동6,180,10.8,4등급
렉스턴스포츠칸 2.2 디젤 4WD 6MT SCR Step2(17인치),쌍용,화물차,화물,내연기관,경유,2157,수동6,175,11.1,4등급
렉스턴스포츠칸 2.2 디젤 2WD 6AT SCR Step2(20인치),쌍용,화물차,화물,내연기관,경유,2157,자동6,190,10.3,4등급
렉스턴스포츠칸 2.2 디젤 2WD 6AT SCR Step2(17인치),쌍용,화물차,화물,내연기관,경유,2157,자동6,186,10.5,4등급
렉스턴스포츠칸 2.2디젤 4WD 6AT SCR Step2(17인치XL),쌍용,화물차,화물,내연기관,경유,2157,자동6,191,10.2,4등급
렉스턴스포츠칸 2.2 디젤 4WD 6AT SCR Step2(17인치),쌍용,화물차,화물,내연기관,경유,2157,자동6,185,10.5,4등급
렉스턴스포츠 2.2 디젤 2WD 6MT SCR Step2(20인치),쌍용,화물차,화물,내연기관,경유,2157,수동6,171,11.3,4등급
렉스턴스포츠 2.2 디젤 2WD 6MT SCR Step2(17인치),쌍용,화물차,화물,내연기관,경유,2157,수동6,167,11.6,3등급
렉스턴스포츠 2.2 디젤 4WD 6MT SCR Step2(20인치),쌍용,화물차,화물,내연기관,경유,2157,수동6,178,10.9,4등급
렉스턴스포츠 2.2 디젤 4WD 6MT SCR Step2(17인치),쌍용,화물차,화물,내연기관,경유,2157,수동6,175,11.1,4등급
렉스턴스포츠 2.2 디젤 2WD 6AT SCR Step2(20인치),쌍용,화물차,화물,내연기관,경유,2157,자동6,188,10.4,4등급
렉스턴스포츠 2.2 디젤 2WD 6AT SCR Step2(17인치),쌍용,화물차,화물,내연기관,경유,2157,자동6,184,10.6,4등급
렉스턴스포츠 2.2 디젤 4WD 6AT SCR Step2(20인치),쌍용,화물차,화물,내연기관,경유,2157,자동6,187,10.4,4등급
렉스턴스포츠 2.2 디젤 4WD 6AT SCR Step2(17인치),쌍용,화물차,화물,내연기관,경유,2157,자동6,184,10.6,4등급
아반떼 1.6 T-GDI 6MT 18인치 타이어(22MY),현대,승용차,일반형,내연기관,휘발유,1598,수동6,136,12.3,3등급
아반떼 1.6 T-GDI 7DCT 18인치 타이어(22MY),현대,승용차,일반형,내연기관,휘발유,1598,자동7,130,12.8,3등급
아반떼 1.6 가솔린 16인치 타이어(22MY),현대,승용차,일반형,내연기관,휘발유,1598,무단변속,110,14.9,2등급
아반떼 1.6 가솔린 15인치 타이어(22MY),현대,승용차,일반형,내연기관,휘발유,1598,무단변속,106,15.4,2등급
Explorer 2.3L,포드,승용차,다목적형,내연기관,휘발유,2261,자동10,189,8.9,5등급
아반떼 1.6 LPI 15인치 타이어(22MY),현대,승용차,일반형,내연기관,LPG,1591,자동6,122,10.6,4등급
아반떼 1.6GDI 하이브리드 (17“타이어)(22MY),현대,승용차,일반형,하이브리드,휘발유,1580,자동6,81,19.5,1등급
아반떼 1.6GDI 하이브리드 (16“타이어)(22MY),현대,승용차,일반형,하이브리드,휘발유,1580,자동6,74,21.1,1등급
비바,Liaoning Lingyuan Linghe,화물차,밴형,전기(MCT),전기,0,없음,0,4.6,고속
브라보,Liaoning Lingyuan Linghe,화물차,일반형,전기(MCT),전기,0,없음,0,4.1,고속
레이 1.0 가솔린 1인승 밴형 14인치 타이어,기아,승용차,승용겸화물형,내연기관,휘발유,998,자동4,127,13,경형
G90 e-S/C 3.5T-GDI(LONG WHEEL BASE) AWD 5인 20인치,현대,승용차,일반형,하이브리드,휘발유,3470,자동8,209,8.2,5등급
G90 e-S/C 3.5T-GDI(LONG WHEEL BASE) AWD 4인 20인치,현대,승용차,일반형,하이브리드,휘발유,3470,자동8,209,8.2,5등급
Peugeot 2008 1.5 BlueHDi,PSA Automobiles,승용차,다목적형,내연기관,경유,1499,자동8,109,17.1,1등급
Peugeot 3008 1.2 Puretech,PSA Automobiles,승용차,다목적형,내연기관,휘발유,1199,자동8,134,12.2,3등급
Peugeot 5008 1.2 Puretech,PSA Automobiles,승용차,다목적형,내연기관,휘발유,1199,자동8,135,12.1,3등급
더 뉴 레인지로버 P530 SWB (5인승),랜드로버,승용차,다목적형,내연기관,휘발유,4395,자동8,261,6.8,5등급
더 뉴 레인지로버 P530 LWB (7인승),랜드로버,승용차,다목적형,내연기관,휘발유,4395,자동8,261,6.8,5등급
더 뉴 레인지로버 P530 LWB (5인승),랜드로버,승용차,다목적형,내연기관,휘발유,4395,자동8,261,6.8,5등급
봉고 1톤 일반덤프 4X4장축 킹캡(MT)(22),기아,화물차,덤프형,내연기관,경유,2497,수동6,225,8.7,5등급
Peugeot New 308 1.5 BlueHDi,PSA Automobiles,승용차,일반형,내연기관,경유,1499,자동8,108,17.2,1등급
DS7 CROSSBACK 1.2 PureTech,PSA Automobiles,승용차,다목적형,내연기관,휘발유,1199,자동8,137,11.8,3등급
Jetta,폭스바겐,승용차,일반형,내연기관,휘발유,1498,자동8,119,14.1,2등급
마칸 GTS,포르쉐,승용차,다목적형,내연기관,휘발유,2894,자동7,228,7.6,5등급
마칸 S,포르쉐,승용차,다목적형,내연기관,휘발유,2894,자동7,224,7.8,5등급
마칸,포르쉐,승용차,다목적형,내연기관,휘발유,1984,자동7,208,8.4,5등급
MINI John Cooper Works Clubman ALL4(MY23~),MINI,승용차,일반형,내연기관,휘발유,1998,자동8,175,9.7,4등급
포터2.5디젤 덤프4X4장축 슈퍼캡(MT)(22),현대,화물차,덤프형,내연기관,경유,2497,수동6,222,8.8,5등급
Mercedes-Maybach S680 4MATIC,벤츠,승용차,일반형,내연기관,휘발유,5980,자동9,297,5.9,5등급
Mercedes-Maybach S680 4MATIC (4 Seater),벤츠,승용차,일반형,내연기관,휘발유,5980,자동9,297,5.9,5등급
코란도 e-motion 2WD Non Heat Pump,쌍용,승용차,기타형,전기(MCT),전기,0,없음,0,4.9,고속
봉고 1톤 3방덤프 4X4장축 킹캡(MT)(22),기아,화물차,덤프형,내연기관,경유,2497,수동6,225,8.7,5등급
Mercedes-Benz EQA250,벤츠,승용차,다목적형,전기(MCT),전기,0,없음,0,4,고속
GV70 Electrified 19인치,현대,승용차,다목적형,전기(MCT),전기,0,없음,0,4.6,고속
GV70 Electrified 20인치,현대,승용차,다목적형,전기(MCT),전기,0,없음,0,4.3,고속
Arteon 2.0TDI 4Motion,폭스바겐,승용차,일반형,내연기관,경유,1968,자동7,137,13.8,2등급
Bronco 2.7,포드,승용차,다목적형,내연기관,휘발유,2694,자동10,205,8.2,5등급
젤라,"Dongfeng Automobile Co.,Ltd",화물차,일반형,전기(MCT),전기,0,없음,0,2.6,고속
더 뉴 레인지로버 D350 SWB (5인승),랜드로버,승용차,다목적형,하이브리드,경유,2997,자동8,193,10.1,4등급
더 뉴 레인지로버 D350 LWB (5인승),랜드로버,승용차,다목적형,하이브리드,경유,2997,자동8,193,10.1,4등급
MASADA 2밴,DFSK,화물차,밴형,전기(MCT),전기,0,없음,0,3.8,고속
MASADA 4밴,DFSK,화물차,밴형,전기(MCT),전기,0,없음,0,3.8,고속
더 뉴 레인지로버 D350 LWB (7인승),랜드로버,승용차,다목적형,하이브리드,경유,2997,자동8,193,10.1,4등급
더 뉴 레인지로버 P530 LWB (7인승),랜드로버,승용차,다목적형,내연기관,휘발유,4395,자동8,261,6.8,5등급
A8 L 55 TFSI quattro,아우디,승용차,일반형,하이브리드,휘발유,2995,자동8,209,8.3,5등급
봉고 전기차 (22),기아,화물차,일반형,전기(MCT),전기,0,없음,0,3.1,고속
911 카레라 GTS (2인승),포르쉐,승용차,일반형,내연기관,휘발유,2981,자동8,216,8.1,5등급
911 카레라 GTS,포르쉐,승용차,일반형,내연기관,휘발유,2981,자동8,216,8.1,5등급
911 카레라 GTS (2인승),포르쉐,승용차,일반형,내연기관,휘발유,2981,자동8,216,8.1,5등급
911 카레라 GTS,포르쉐,승용차,일반형,내연기관,휘발유,2981,자동8,216,8.1,5등급
911 카레라 GTS 카브리올레,포르쉐,승용차,일반형,내연기관,휘발유,2981,자동8,216,8.1,5등급
911 카레라 4 GTS (2인승),포르쉐,승용차,일반형,내연기관,휘발유,2981,자동8,222,7.9,5등급
911 카레라 4 GTS,포르쉐,승용차,일반형,내연기관,휘발유,2981,자동8,222,7.9,5등급
911 카레라 4 GTS 카브리올레,포르쉐,승용차,일반형,내연기관,휘발유,2981,자동8,222,7.9,5등급
911 타르가 4 GTS,포르쉐,승용차,일반형,내연기관,휘발유,2981,자동8,222,7.9,5등급
911 카레라 GTS 카브리올레,포르쉐,승용차,일반형,내연기관,휘발유,2981,자동8,216,8.1,5등급
캐딜락 Escalade ESV(7인승),GM,승용차,다목적형,내연기관,휘발유,6162,자동10,269,6.5,5등급
캐딜락 Escalade(7인승),GM,승용차,다목적형,내연기관,휘발유,6162,자동10,250,7,5등급
캐딜락 Escalade(8인승),GM,승용차,다목적형,내연기관,휘발유,6162,자동10,250,7,5등급
캐딜락 Escalade ESV(8인승),GM,승용차,다목적형,내연기관,휘발유,6162,자동10,269,6.5,5등급
Q3 Sportback 35 TDI,아우디,승용차,다목적형,내연기관,경유,1968,자동7,128,14.8,2등급
Q3 35 TDI,아우디,승용차,다목적형,내연기관,경유,1968,자동7,128,14.8,2등급
S3 TFSI,아우디,승용차,일반형,내연기관,휘발유,1984,자동7,163,10.4,4등급
A3 40 TFSI,아우디,승용차,일반형,하이브리드,휘발유,1984,자동7,131,13,3등급
"렉스턴 2.2 8AT 2WD SCR Step2 7인승				",쌍용,승용차,다목적형,내연기관,경유,2157,자동8,179,10.9,4등급
"렉스턴 2.2 8AT 4WD SCR Step2 7인승			",쌍용,승용차,다목적형,내연기관,경유,2157,자동8,184,10.6,4등급
"렉스턴 2.2 8AT 2WD SCR Step2 5인승				",쌍용,승용차,다목적형,내연기관,경유,2157,자동8,179,10.9,4등급
"렉스턴 2.2 8AT 4WD SCR Step2 5인승			",쌍용,승용차,다목적형,내연기관,경유,2157,자동8,184,10.6,4등급
CHEVROLET TAHOE AWD,GM,승용차,다목적형,내연기관,휘발유,6162,자동10,274,6.4,5등급
DS7 CROSSBACK 1.2 PureTech,PSA Automobiles,승용차,다목적형,내연기관,휘발유,1199,자동8,137,11.8,3등급
페라리 296 GTB,페라리,승용차,일반형,PHEV,전기+휘발유,2992,자동8,131,2.8 / 7.8,PHEV
포터 일렉트릭 22MY,현대,화물차,일반형,전기(MCT),전기,0,없음,0,3.1,고속
쏘렌토 2.2디젤 2WD 7인 20인치타이어(22),기아,승용차,다목적형,내연기관,경유,2151,자동8,139,13.7,3등급
쏘렌토 2.2디젤 4WD 7인 20인치타이어(22),기아,승용차,다목적형,내연기관,경유,2151,자동8,150,12.8,3등급
쏘렌토 2.2디젤 4WD 5인 18인치타이어(22),기아,승용차,다목적형,내연기관,경유,2151,자동8,140,13.6,3등급
쏘렌토 2.2디젤 2WD 7인 18인치타이어 (빌트인캠)(22),기아,승용차,다목적형,내연기관,경유,2151,자동8,135,14,2등급
쏘렌토 2.2디젤 4WD 7인 18인치타이어(22),기아,승용차,다목적형,내연기관,경유,2151,자동8,145,13.1,3등급
쏘렌토 2.2디젤 2WD 7인 18인치 타이어(22),기아,승용차,다목적형,내연기관,경유,2151,자동8,134,14.1,2등급
쏘렌토 2.2디젤 4WD 5인 20인치타이어(22),기아,승용차,다목적형,내연기관,경유,2151,자동8,150,12.8,3등급
쏘렌토 2.2디젤 4WD 6인 20인치타이어(22),기아,승용차,다목적형,내연기관,경유,2151,자동8,150,12.8,3등급
쏘렌토 2.2디젤 2WD 5인 20인치타이어(22),기아,승용차,다목적형,내연기관,경유,2151,자동8,139,13.7,3등급
쏘렌토 2.2디젤 2WD 6인 20인치타이어(22),기아,승용차,다목적형,내연기관,경유,2151,자동8,139,13.7,3등급
쏘렌토 2.2디젤 2WD 5인 18인치타이어 (빌트인캠)(22),기아,승용차,다목적형,내연기관,경유,2151,자동8,135,14,2등급
쏘렌토 2.2디젤 2WD 6인 18인치타이어 (빌트인캠)(22),기아,승용차,다목적형,내연기관,경유,2151,자동8,135,14,2등급
쏘렌토 2.2디젤 2WD 5인 18인치 타이어(22),기아,승용차,다목적형,내연기관,경유,2151,자동8,134,14.1,2등급
쏘렌토 2.2디젤 4WD 5인 18인치타이어 (빌트인캠)(22),기아,승용차,다목적형,내연기관,경유,2151,자동8,145,13.1,3등급
쏘렌토 2.2디젤 4WD 6인 18인치타이어(22),기아,승용차,다목적형,내연기관,경유,2151,자동8,145,13.1,3등급
쏘렌토 2.2디젤 2WD 6인 18인치 타이어(22),기아,승용차,다목적형,내연기관,경유,2151,자동8,134,14.1,2등급
싼타페 2.2디젤 AWD 7인 20인치(22),현대,승용차,다목적형,내연기관,경유,2151,자동8,150,12.8,3등급
싼타페 2.2디젤 AWD 7인 18인치(22),현대,승용차,다목적형,내연기관,경유,2151,자동8,146,13.1,3등급
싼타페 2.2디젤 AWD 5인 18인치(22),현대,승용차,다목적형,내연기관,경유,2151,자동8,140,13.6,3등급
싼타페 2.2디젤 2WD 7인 20인치(22),현대,승용차,다목적형,내연기관,경유,2151,자동8,139,13.7,3등급
카니발 2.2디젤 11인 18인치(22),기아,승합차,일반형,내연기관,경유,2151,자동8,155,12.4,3등급
싼타페 2.2디젤 AWD 5인 20인치(22),현대,승용차,다목적형,내연기관,경유,2151,자동8,150,12.8,3등급
싼타페 2.2디젤 AWD 6인 20인치(22),현대,승용차,다목적형,내연기관,경유,2151,자동8,150,12.8,3등급
카니발 2.2디젤 하이리무진 7인(19인치)(22),기아,승용차,기타형,내연기관,경유,2151,자동8,168,11.5,4등급
카니발 2.2디젤 하이리무진 9인(18인치/19인치)(22),기아,승용차,기타형,내연기관,경유,2151,자동8,160,12,3등급
싼타페 2.2디젤 AWD 5인 18인치(빌트인캠)(22),현대,승용차,다목적형,내연기관,경유,2151,자동8,146,13.1,3등급
싼타페 2.2디젤 AWD 6인 18인치(22),현대,승용차,다목적형,내연기관,경유,2151,자동8,146,13.1,3등급
싼타페 2.2디젤 2WD 5인 20인치(22),현대,승용차,다목적형,내연기관,경유,2151,자동8,139,13.7,3등급
싼타페 2.2디젤 2WD 6인 20인치(22),현대,승용차,다목적형,내연기관,경유,2151,자동8,139,13.7,3등급
카니발 2.2디젤 7인 19인치(빌트인캠)(22),기아,승용차,기타형,내연기관,경유,2151,자동8,155,12.4,3등급
카니발 2.2디젤 7인 19인치(22),기아,승용차,기타형,내연기관,경유,2151,자동8,154,12.5,3등급
포터 2.5디젤 초장축 슈퍼캡 MT(22),현대,화물차,일반형,내연기관,경유,2497,수동6,204,9.5,4등급
포터 2.5디젤 초장축 더블캡 MT(22),현대,화물차,일반형,내연기관,경유,2497,수동6,209,9.3,5등급
포터 2.5디젤 초장축 슈퍼캡 AT(22),현대,화물차,일반형,내연기관,경유,2497,자동5,221,8.8,5등급
포터 2.5디젤 초장축 더블캡 AT(22),현대,화물차,일반형,내연기관,경유,2497,자동5,224,8.7,5등급
포터 2.5디젤 4X4장축 슈퍼캡(22),현대,화물차,일반형,내연기관,경유,2497,수동6,217,9,5등급
포터 2.5디젤 4X4장축 더블캡(22),현대,화물차,일반형,내연기관,경유,2497,수동6,227,8.6,5등급
G90 3.5T-GDI 2WD 5인 20인치,현대,승용차,일반형,내연기관,휘발유,3470,자동8,192,8.9,5등급
G90 3.5T-GDI AWD 5인 19인치,현대,승용차,일반형,내연기관,휘발유,3470,자동8,202,8.5,5등급
G90 3.5T-GDI AWD 5인 20인치,현대,승용차,일반형,내연기관,휘발유,3470,자동8,207,8.3,5등급
G90 3.5T-GDI 2WD 5인 19인치,현대,승용차,일반형,내연기관,휘발유,3470,자동8,184,9.3,5등급
G90 3.5T-GDI 2WD 5인 19인치(빌트인캠),현대,승용차,일반형,내연기관,휘발유,3470,자동8,184,9.3,5등급
G90 3.5T-GDI 2WD 4인 19인치,현대,승용차,일반형,내연기관,휘발유,3470,자동8,190,9,5등급
G90 3.5T-GDI 2WD 4인 20인치,현대,승용차,일반형,내연기관,휘발유,3470,자동8,192,8.9,5등급
G90 3.5T-GDI AWD 4인 19인치,현대,승용차,일반형,내연기관,휘발유,3470,자동8,202,8.5,5등급
G90 3.5T-GDI AWD 4인 20인치,현대,승용차,일반형,내연기관,휘발유,3470,자동8,207,8.3,5등급
"싼타페 1.6T-GDI HEV AWD 5인 19""타이어(22MY)",현대,승용차,다목적형,하이브리드,휘발유,1598,자동6,125,13.1,3등급
"싼타페 1.6T-GDI HEV AWD 6인 19""타이어(22MY)",현대,승용차,다목적형,하이브리드,휘발유,1598,자동6,125,13.1,3등급
"싼타페 1.6T-GDI HEV AWD 7인 19""타이어(22MY)",현대,승용차,다목적형,하이브리드,휘발유,1598,자동6,125,13.1,3등급
포터 2.5디젤 초장축 표준캡 MT(22),현대,화물차,일반형,내연기관,경유,2497,수동6,204,9.5,4등급
포터 2.5디젤 초장축 표준캡 AT(22),현대,화물차,일반형,내연기관,경유,2497,자동5,221,8.8,5등급
포터 2.5디젤 4X4장축 표준캡(22),현대,화물차,일반형,내연기관,경유,2497,수동6,217,9,5등급
"싼타페 1.6T-GDI HEV AWD 5인 17""타이어(22MY)",현대,승용차,다목적형,하이브리드,휘발유,1598,자동6,122,13.4,3등급
"싼타페 1.6T-GDI HEV AWD 6인 17""타이어(22MY)",현대,승용차,다목적형,하이브리드,휘발유,1598,자동6,122,13.4,3등급
"싼타페 1.6T-GDI HEV AWD 7인 17""타이어(22MY)",현대,승용차,다목적형,하이브리드,휘발유,1598,자동6,122,13.4,3등급
"싼타페 1.6T-GDI HEV 2WD 5인 19""타이어(22MY)",현대,승용차,다목적형,하이브리드,휘발유,1598,자동6,114,14.3,2등급
"싼타페 1.6T-GDI HEV 2WD 6인 19""타이어(22MY)",현대,승용차,다목적형,하이브리드,휘발유,1598,자동6,114,14.3,2등급
"싼타페 1.6T-GDI HEV 2WD 7인 19""타이어(22MY)",현대,승용차,다목적형,하이브리드,휘발유,1598,자동6,114,14.3,2등급
"싼타페 1.6T-GDI HEV 2WD 5인 17""타이어(22MY)",현대,승용차,다목적형,하이브리드,휘발유,1598,자동6,106,15.3,2등급
"싼타페 1.6T-GDI HEV 2WD 5인 17""(빌트인캠)(22MY)",현대,승용차,다목적형,하이브리드,휘발유,1598,자동6,108,15,2등급
"싼타페 1.6T-GD HEV 2WD 6인 17""(빌트인캠)(22MY)",현대,승용차,다목적형,하이브리드,휘발유,1598,자동6,108,15,2등급
"싼타페 1.6T-GDI HEV 2WD 7인 17""(빌트인캠)(22MY)",현대,승용차,다목적형,하이브리드,휘발유,1598,자동6,108,15,2등급
싼타페(개조) 2.5T-GDI AWD 6인 20인치(22MY),현대,승용차,다목적형,내연기관,휘발유,2497,자동8,178,9.5,4등급
싼타페(개조) 2.5T-GDI AWD 6인 18인치(22MY),현대,승용차,다목적형,내연기관,휘발유,2497,자동8,172,9.9,4등급
싼타페(개조) 2.5T-GDI 2WD 6인 20인치(22MY),현대,승용차,다목적형,내연기관,휘발유,2497,자동8,167,10.1,4등급
싼타페(개조)2.5T-GDI 2WD 6인 18인치(빌트인캠)_22MY,현대,승용차,다목적형,내연기관,휘발유,2497,자동8,162,10.4,4등급
싼타페(개조) 2.5T-GDI 2WD 6인 18인치(22MY),현대,승용차,다목적형,내연기관,휘발유,2497,자동8,161,10.5,4등급
투싼 2.0디젤 2WD 8AT 17인치(22),현대,승용차,다목적형,내연기관,경유,1998,자동8,131,14.5,2등급
"싼타페 1.6T-GDI HEV 2WD 6인 17""타이어(22MY)",현대,승용차,다목적형,하이브리드,휘발유,1598,자동6,106,15.3,2등급
싼타페 2.2디젤 2WD 7인 18인치(빌트인캠)(22),현대,승용차,다목적형,내연기관,경유,2151,자동8,136,14,2등급
싼타페 2.2디젤 2WD 7인 18인치(22),현대,승용차,다목적형,내연기관,경유,2151,자동8,135,14.1,2등급
GV80 3.0디젤 AWD 7인 19인치(22),현대,승용차,다목적형,내연기관,경유,2996,자동8,180,10.8,4등급
GV80 3.0디젤 AWD 7인 22인치(22),현대,승용차,다목적형,내연기관,경유,2996,자동8,189,10.3,4등급
GV80 3.0디젤 AWD 5인 (20인치/22인치)(22),현대,승용차,다목적형,내연기관,경유,2996,자동8,186,10.5,4등급
GV80 3.0디젤 2WD 7인(22),현대,승용차,다목적형,내연기관,경유,2996,자동8,175,11.1,4등급
GV80 3.0디젤 2WD 5인 (20인치/22인치)(22),현대,승용차,다목적형,내연기관,경유,2996,자동8,169,11.5,4등급
싼타페 2.2디젤 2WD 5인 18인치(빌트인캠)(22),현대,승용차,다목적형,내연기관,경유,2151,자동8,136,14,2등급
싼타페 2.2디젤 2WD 6인 18인치(빌트인캠)(22),현대,승용차,다목적형,내연기관,경유,2151,자동8,136,14,2등급
싼타페 2.2디젤 2WD 5인 18인치(22),현대,승용차,다목적형,내연기관,경유,2151,자동8,135,14.1,2등급
싼타페 2.2디젤 2WD 6인 18인치(22),현대,승용차,다목적형,내연기관,경유,2151,자동8,135,14.1,2등급
GV80 3.0디젤 AWD 5인 19인치(22),현대,승용차,다목적형,내연기관,경유,2996,자동8,180,10.8,4등급
GV80 3.0디젤 AWD 6인 19인치(22),현대,승용차,다목적형,내연기관,경유,2996,자동8,180,10.8,4등급
GV80 3.0디젤 AWD 7인 20인치(22),현대,승용차,다목적형,내연기관,경유,2996,자동8,186,10.5,4등급
GV80 3.0디젤 AWD 6인 22인치(22),현대,승용차,다목적형,내연기관,경유,2996,자동8,189,10.3,4등급
GV80 3.0디젤 AWD 6인 20인치(22),현대,승용차,다목적형,내연기관,경유,2996,자동8,186,10.5,4등급
GV80 3.0디젤 2WD 6인(22),현대,승용차,다목적형,내연기관,경유,2996,자동8,175,11.1,4등급
GV80 3.0디젤 2WD 5인 19인치(22),현대,승용차,다목적형,내연기관,경유,2996,자동8,165,11.7,3등급
스포티지 2.0디젤 4WD 8AT 19인치 (빌트인캠),기아,승용차,다목적형,내연기관,경유,1998,자동8,155,12.4,3등급
스포티지 2.0디젤 4WD 8AT 19인치(22),기아,승용차,다목적형,내연기관,경유,1998,자동8,154,12.5,3등급
스포티지 2.0디젤 4WD 8AT 18인치 (빌트인캠)(22),기아,승용차,다목적형,내연기관,경유,1998,자동8,150,12.8,3등급
스포티지 2.0디젤 4WD 8AT 18인치(22),기아,승용차,다목적형,내연기관,경유,1998,자동8,149,12.9,3등급
스포티지 2.0디젤 2WD 8AT 19인치 (빌트인캠)(22),기아,승용차,다목적형,내연기관,경유,1998,자동8,138,13.8,2등급
스포티지 2.0디젤 2WD 8AT 19인치(22),기아,승용차,다목적형,내연기관,경유,1998,자동8,136,14,2등급
스포티지 2.0디젤 2WD 8AT 18인치 (빌트인캠)(22),기아,승용차,다목적형,내연기관,경유,1998,자동8,138,13.8,2등급
스포티지 2.0디젤 2WD 8AT 18인치(22),기아,승용차,다목적형,내연기관,경유,1998,자동8,137,13.9,2등급
스포티지 2.0디젤 2WD 8AT 17인치(22),기아,승용차,다목적형,내연기관,경유,1998,자동8,131,14.5,2등급
봉고 1톤 초장축 슈퍼캡 AT(22),기아,화물차,일반형,내연기관,경유,2497,자동5,221,8.8,5등급
봉고 1톤 초장축 슈퍼캡 MT(22),기아,화물차,일반형,내연기관,경유,2497,수동6,204,9.5,4등급
봉고 1톤 초장축 더블캡 MT(22),기아,화물차,일반형,내연기관,경유,2497,수동6,209,9.3,5등급
봉고 1톤 4X4장축 슈퍼캡(22),기아,화물차,일반형,내연기관,경유,2497,수동6,218,9,5등급
봉고 1톤 4X4장축 더블캡(22),기아,화물차,일반형,내연기관,경유,2497,수동6,227,8.6,5등급
GV70 2.2디젤 AWD 21인치 (스포츠패키지)(22),현대,승용차,다목적형,내연기관,경유,2151,자동8,160,12,3등급
GV70 2.2디젤 AWD 19인치 (스포츠패키지)(22),현대,승용차,다목적형,내연기관,경유,2151,자동8,157,12.2,3등급
GV70 2.2디젤 AWD 18인치(빌트인캠)(22),현대,승용차,다목적형,내연기관,경유,2151,자동8,149,12.8,3등급
GV70 2.2디젤 AWD 18인치(22),현대,승용차,다목적형,내연기관,경유,2151,자동8,148,12.9,3등급
GV70 2.2디젤 2WD 21인치 (스포츠패키지)(22),현대,승용차,다목적형,내연기관,경유,2151,자동8,151,12.6,3등급
GV70 2.2디젤 2WD 19인치 (스포츠패키지)(22),현대,승용차,다목적형,내연기관,경유,2151,자동8,144,13.2,3등급
GV70 2.2디젤 2WD 18인치 (빌트인캠)(22),현대,승용차,다목적형,내연기관,경유,2151,자동8,141,13.5,3등급
GV70 2.2디젤 2WD 18인치(22),현대,승용차,다목적형,내연기관,경유,2151,자동8,140,13.6,3등급
GV70 2.2디젤 AWD 21인치(22),현대,승용차,다목적형,내연기관,경유,2151,자동8,160,12,3등급
GV70 2.2디젤 AWD 19인치(22),현대,승용차,다목적형,내연기관,경유,2151,자동8,157,12.2,3등급
GV70 2.2디젤 2WD 21인치(22),현대,승용차,다목적형,내연기관,경유,2151,자동8,151,12.6,3등급
GV70 2.2디젤 2WD 19인치(22),현대,승용차,다목적형,내연기관,경유,2151,자동8,144,13.2,3등급
투싼 2.0디젤 AWD 8AT 19인치 (빌트인캠)(22),현대,승용차,다목적형,내연기관,경유,1998,자동8,155,12.4,3등급
스포티지 2.0디젤 4WD 8AT 17인치(22),기아,승용차,다목적형,내연기관,경유,1998,자동8,149,12.9,3등급
봉고 1톤 초장축 표준캡 AT(22),기아,화물차,일반형,내연기관,경유,2497,자동5,221,8.8,5등급
카니발 2.2디젤 11인 18인치(빌트인캠)(22),기아,승합차,일반형,내연기관,경유,2151,자동8,157,12.3,3등급
카니발 2.2디젤 9인 18인치/19인치(빌트인캠)(22),기아,승용차,기타형,내연기관,경유,2151,자동8,149,12.9,3등급
카니발 2.2디젤 9인 18인치/19인치(22),기아,승용차,기타형,내연기관,경유,2151,자동8,147,13,3등급
캐스퍼 1.0 가솔린 15인치타이어_밴형,현대,승용차,일반형,내연기관,휘발유,998,자동4,115,14.3,경형
캐스퍼 1.0T-GDI 4AT 15인치_밴형,현대,승용차,일반형,내연기관,휘발유,998,자동4,130,12.8,경형
모하비 3.0 디젤 4WD 5인 18인치타이어(22),기아,승용차,다목적형,내연기관,경유,2959,자동8,211,9.3,5등급
모하비 3.0 디젤 4WD 7인 18인치타이어(22),기아,승용차,다목적형,내연기관,경유,2959,자동8,215,9.1,5등급
모하비 3.0 디젤 4WD 5인 20인치타이어(22),기아,승용차,다목적형,내연기관,경유,2959,자동8,212,9.3,5등급
모하비 3.0 디젤 4WD 7인 20인치타이어(22),기아,승용차,다목적형,내연기관,경유,2959,자동8,214,9.2,5등급
투싼 2.0디젤 AWD 8AT 18인치 (빌트인캠) (22),현대,승용차,다목적형,내연기관,경유,1998,자동8,150,12.8,3등급
투싼 2.0디젤 AWD 8AT 17/18인치(22),현대,승용차,다목적형,내연기관,경유,1998,자동8,149,12.9,3등급
투싼 2.0디젤 2WD 8AT 19인치(빌트인캠)(22),현대,승용차,다목적형,내연기관,경유,1998,자동8,138,13.8,2등급
투싼 2.0디젤 2WD 8AT 18인치(빌트인캠)(22),현대,승용차,다목적형,내연기관,경유,1998,자동8,135,14.1,2등급
투싼 2.0디젤 2WD 8AT 18인치(22),현대,승용차,다목적형,내연기관,경유,1998,자동8,134,14.2,2등급
봉고 1톤 초장축 표준캡 MT(22),기아,화물차,일반형,내연기관,경유,2497,수동6,204,9.5,4등급
봉고 1톤 4X4장축 표준캡(22),기아,화물차,일반형,내연기관,경유,2497,수동6,218,9,5등급
봉고 1톤 초장축 더블캡 AT(22),기아,화물차,일반형,내연기관,경유,2497,자동5,224,8.7,5등급
모하비 3.0 디젤 4WD 6인 20인치타이어(22),기아,승용차,다목적형,내연기관,경유,2959,자동8,214,9.2,5등급
모하비 3.0 디젤 4WD 6인 18인치타이어(22),기아,승용차,다목적형,내연기관,경유,2959,자동8,211,9.3,5등급
투싼 2.0디젤 AWD 8AT 19인치(22),현대,승용차,다목적형,내연기관,경유,1998,자동8,155,12.4,3등급
투싼 2.0디젤 2WD 8AT 19인치(22),현대,승용차,다목적형,내연기관,경유,1998,자동8,138,13.8,2등급
짚 컴패스 2.4 AWD,크라이슬러,승용차,다목적형,내연기관,휘발유,2360,자동9,173,9.6,4등급
더 뉴 레인지로버 D350 LWB (7인승),랜드로버,승용차,다목적형,하이브리드,경유,2997,자동8,193,10.1,4등급
Mercedes-Benz GLC300 e 4MATIC Coupe,벤츠,승용차,다목적형,PHEV,전기+휘발유,1991,자동9,55,2.7 / 9.4,PHEV
"싼타페 1.6T-GDI HEV 2WD 7인 17""타이어(22MY)",현대,승용차,다목적형,하이브리드,휘발유,1598,자동6,106,15.3,2등급
e-tron S Sportback,아우디,승용차,다목적형,전기(MCT),전기,0,없음,0,2.7,고속
e-tron S,아우디,승용차,다목적형,전기(MCT),전기,0,없음,0,2.7,고속
Polestar 2 Long Range Single Motor,폴스타,승용차,일반형,전기(MCT),전기,0,없음,0,4.8,고속
Polestar 2 Long Range Dual Motor,폴스타,승용차,일반형,전기(MCT),전기,0,없음,0,3.8,고속
Golf GTI,폭스바겐,승용차,일반형,내연기관,휘발유,1984,자동7,149,11.5,4등급
BMW X6 M50i (2022),BMW,승용차,다목적형,내연기관,휘발유,4395,자동8,234,7.4,5등급
BMW X5 M50i (2022),BMW,승용차,다목적형,내연기관,휘발유,4395,자동8,237,7.3,5등급
Mercedes-Benz G400 d,벤츠,승용차,다목적형,내연기관,경유,2925,자동9,241,8.2,5등급
MINI Cooper SE,MINI,승용차,일반형,전기(MCT),전기,0,없음,0,4.5,고속
BMW i4 eDrive40,BMW,승용차,일반형,전기(MCT),전기,0,없음,0,4.6,고속
카이엔 COUPE (5인승),포르쉐,승용차,다목적형,내연기관,휘발유,2995,자동8,242,7.2,5등급
카이엔 터보 COUPE (5인승),포르쉐,승용차,다목적형,내연기관,휘발유,3996,자동8,270,6.5,5등급
카이엔 터보 GT,포르쉐,승용차,다목적형,내연기관,휘발유,3996,자동8,270,6.5,5등급
카이엔,포르쉐,승용차,다목적형,내연기관,휘발유,2995,자동8,242,7.2,5등급
카이엔 COUPE,포르쉐,승용차,다목적형,내연기관,휘발유,2995,자동8,242,7.2,5등급
카이엔 터보,포르쉐,승용차,다목적형,내연기관,휘발유,3996,자동8,270,6.5,5등급
카이엔 터보 COUPE,포르쉐,승용차,다목적형,내연기관,휘발유,3996,자동8,270,6.5,5등급
캐딜락 CT5-V Blackwing,GM,승용차,일반형,내연기관,휘발유,6162,자동10,281,6.1,5등급
니로(SG2) 1.6GDI 하이브리드 18인치,기아,승용차,기타형,하이브리드,휘발유,1580,자동6,82,19.1,1등급
니로(SG2) 1.6GDI 하이브리드 18인치 빌트인캠,기아,승용차,기타형,하이브리드,휘발유,1580,자동6,84,18.8,1등급
니로(SG2) 1.6GDI 하이브리드 16인치,기아,승용차,기타형,하이브리드,휘발유,1580,자동6,75,20.8,1등급
니로(SG2) 1.6GDI 하이브리드 16인치 빌트인캠,기아,승용차,기타형,하이브리드,휘발유,1580,자동6,76,20.5,1등급
GV60 성능형 4WD 무선충전,현대,승용차,다목적형,전기(MCT),전기,0,없음,0,3.9,고속
GV60 4WD 무선충전,현대,승용차,다목적형,전기(MCT),전기,0,없음,0,4.1,고속
Mercedes-Benz GLE350 e 4MATIC Coupe,벤츠,승용차,다목적형,PHEV,전기+휘발유,1991,자동9,27,2.5 / 8.7,PHEV
"Mercedes-Benz GLE350 e 4MATIC	",벤츠,승용차,다목적형,PHEV,전기+휘발유,1991,자동9,26,2.5 / 8.9,PHEV
"Mercedes-Benz E300 e 4MATIC	",벤츠,승용차,일반형,PHEV,전기+휘발유,1991,자동9,39,2.9 / 10.2,PHEV
BMW i4 M50,BMW,승용차,일반형,전기(MCT),전기,0,없음,0,4.1,고속
BMW 320e,BMW,승용차,일반형,PHEV,전기+휘발유,1998,자동8,50,3.3 / 11,PHEV
Mercedes-Benz EQC400 4MATIC,벤츠,승용차,다목적형,전기(MCT),전기,0,없음,0,3.1,고속
Mercedes-Benz GLE300 d 4MATIC,벤츠,승용차,다목적형,하이브리드,경유,1993,자동9,161,11.9,3등급
Mercedes-Benz GLE300 d 4MATIC (5 Seater),벤츠,승용차,다목적형,하이브리드,경유,1993,자동9,161,11.9,3등급
Mercedes-Benz EQS450 +,벤츠,승용차,일반형,전기(MCT),전기,0,없음,0,3.8,고속
"Mercedes-Benz C200 4MATIC	",벤츠,승용차,일반형,하이브리드,휘발유,1999,자동9,149,11.3,4등급
"Mercedes-Benz GLC300 e 4MATIC	",벤츠,승용차,다목적형,PHEV,전기+휘발유,1991,자동9,62,2.5 / 9.1,PHEV
"Mercedes-Benz C300	",벤츠,승용차,일반형,하이브리드,휘발유,1999,자동9,143,11.8,3등급
911 터보 S (2인승),포르쉐,승용차,일반형,내연기관,휘발유,3745,자동8,257,6.8,5등급
RS e-tron GT,아우디,승용차,일반형,전기(MCT),전기,0,없음,0,3.4,고속
e-tron GT quattro,아우디,승용차,일반형,전기(MCT),전기,0,없음,0,3.7,고속
Peugeot 3008 1.2 Puretech,PSA Automobiles,승용차,다목적형,내연기관,휘발유,1199,자동8,134,12.2,3등급
CHEVROLET COLORADO AWD,GM,화물차,일반형,내연기관,휘발유,3649,자동8,220,7.9,5등급
"Mercedes-AMG GT43 4MATIC + 	",벤츠,승용차,일반형,하이브리드,휘발유,2999,자동9,212,8.1,5등급
GV60 4WD 19인치,현대,승용차,다목적형,전기(MCT),전기,0,없음,0,4.5,고속
GV60 4WD 20인치,현대,승용차,다목적형,전기(MCT),전기,0,없음,0,4.3,고속
짚 글래디에이터,크라이슬러,화물차,화물,내연기관,휘발유,3604,자동8,260,6.5,5등급
짚 컴패스 2.4 FWD,크라이슬러,승용차,다목적형,내연기관,휘발유,2360,자동6,171,9.7,4등급
Q5 Sportback 45 TFSI quattro,아우디,승용차,다목적형,내연기관,휘발유,1984,자동7,172,10,4등급
Q5 45 TFSI quattro,아우디,승용차,다목적형,내연기관,휘발유,1984,자동7,168,10.2,4등급
Peugeot 5008 1.2 Puretech,PSA Automobiles,승용차,다목적형,내연기관,휘발유,1199,자동8,135,12.1,3등급
캐스퍼 1.0T-GDI 4AT 15인치,현대,승용차,일반형,내연기관,휘발유,998,자동4,130,12.8,경형
캐스퍼 1.0T-GDI 4AT 17인치,현대,승용차,일반형,내연기관,휘발유,998,자동4,136,12.3,경형
캐스퍼 1.0 가솔린 15인치타이어,현대,승용차,일반형,내연기관,휘발유,998,자동4,115,14.3,경형
캐스퍼 1.0 가솔린 17인치타이어,현대,승용차,일반형,내연기관,휘발유,998,자동4,119,13.8,경형
스포티지 1.6T-GDI 하이브리드 4WD 6AT (빌트인캠),기아,승용차,다목적형,하이브리드,휘발유,1598,자동6,110,14.8,2등급
스포티지 1.6T-GDI 하이브리드 4WD 6AT,기아,승용차,다목적형,하이브리드,휘발유,1598,자동6,107,15.2,2등급
스타리아 어린이통학차 3.5LPI 15인,현대,승합차,일반형,내연기관,LPG,3470,자동8,210,6.3,5등급
스타리아 어린이통학차 2.2디젤 2WD 14인,현대,승합차,일반형,내연기관,경유,2199,자동8,194,10,4등급
스타리아 라운지 리무진 2.2디젤 2WD 9인,현대,승용차,기타형,내연기관,경유,2199,자동8,196,10,4등급
스타리아 라운지 리무진 2.2디젤 2WD 7인,현대,승용차,기타형,내연기관,경유,2199,자동8,196,10,4등급
스타리아 어린이통학차 2.2디젤 2WD 11인,현대,승합차,일반형,내연기관,경유,2199,자동8,194,10,4등급
스타리아 어린이통학차 3.5LPI 11인,현대,승합차,일반형,내연기관,LPG,3470,자동8,210,6.3,5등급
스타리아 라운지 리무진 2.2디젤 4WD 9인,현대,승용차,기타형,내연기관,경유,2199,자동8,209,9.4,4등급
스타리아 라운지 리무진 2.2디젤 4WD 7인,현대,승용차,기타형,내연기관,경유,2199,자동8,209,9.4,4등급
스타리아 어린이통학차 2.2디젤 4WD 11인 (18인치),현대,승합차,일반형,내연기관,경유,2199,자동8,209,9.3,5등급
마세라티 콰트로포르테 모데나 Q4,마세라티,승용차,일반형,내연기관,휘발유,2979,자동8,259,6.5,5등급
마세라티 콰트로포르테 GT,마세라티,승용차,일반형,내연기관,휘발유,2979,자동8,226,7.4,5등급
마세라티 기블리 모데나 S Q4,마세라티,승용차,일반형,내연기관,휘발유,2979,자동8,252,6.7,5등급
마세라티 기블리 모데나,마세라티,승용차,일반형,내연기관,휘발유,2979,자동8,237,7.1,5등급
비바,Liaoning Lingyuan Linghe,화물차,밴형,전기(MCT),전기,0,없음,0,4.8,고속
마세라티 르반떼 모데나 S,마세라티,승용차,다목적형,내연기관,휘발유,2979,자동8,241,7,5등급
마세라티 르반떼 모데나,마세라티,승용차,다목적형,내연기관,휘발유,2979,자동8,241,7,5등급
스타리아 어린이통학차 2.2디젤 4WD 11인 (17인치),현대,승합차,일반형,내연기관,경유,2199,자동8,209,9.3,5등급
EV6 기본형 4WD 19인치,기아,승용차,다목적형,전기(MCT),전기,0,없음,0,5.3,고속
GV60 성능형 4WD 21인치,현대,승용차,다목적형,전기(MCT),전기,0,없음,0,4.1,고속
GV60 RWD 19인치,현대,승용차,다목적형,전기(MCT),전기,0,없음,0,5.1,고속
스포티지 1.6T-GDI 하이브리드 6AT (빌트인캠),기아,승용차,다목적형,하이브리드,휘발유,1598,자동6,99,16.3,1등급
스포티지 1.6T-GDI 하이브리드 6AT,기아,승용차,다목적형,하이브리드,휘발유,1598,자동6,96,16.7,1등급
스포티지 1.6T-GDI 4WD 7DCT 18인치,기아,승용차,다목적형,내연기관,휘발유,1598,자동7,149,11.3,4등급
스포티지 1.6T-GDI 4WD 7DCT 17인치,기아,승용차,다목적형,내연기관,휘발유,1598,자동7,145,11.6,3등급
스포티지 1.6T-GDI 2WD 7DCT 19인치 (빌트인캠),기아,승용차,다목적형,내연기관,휘발유,1598,자동7,142,11.8,3등급
스포티지 1.6T-GDI 2WD 7DCT 19인치,기아,승용차,다목적형,내연기관,휘발유,1598,자동7,139,12,3등급
스포티지 1.6T-GDI 2WD 7DCT 18인치 (빌트인캠),기아,승용차,다목적형,내연기관,휘발유,1598,자동7,138,12.1,3등급
스포티지 1.6T-GDI 2WD 7DCT 18인치,기아,승용차,다목적형,내연기관,휘발유,1598,자동7,136,12.3,3등급
스포티지 1.6T-GDI 2WD 7DCT 17인치,기아,승용차,다목적형,내연기관,휘발유,1598,자동7,133,12.5,3등급
스포티지 2.0디젤 4WD 8AT 19인치 (빌트인캠),기아,승용차,다목적형,내연기관,경유,1998,자동8,152,12.6,3등급
스포티지 2.0디젤 4WD 8AT 19인치,기아,승용차,다목적형,내연기관,경유,1998,자동8,149,12.9,3등급
스포티지 2.0디젤 4WD 8AT 18인치 (빌트인캠),기아,승용차,다목적형,내연기관,경유,1998,자동8,151,12.7,3등급
스포티지 2.0디젤 4WD 8AT 18인치,기아,승용차,다목적형,내연기관,경유,1998,자동8,150,12.8,3등급
스포티지 2.0디젤 4WD 8AT 17인치,기아,승용차,다목적형,내연기관,경유,1998,자동8,146,13.1,3등급
스포티지 2.0디젤 2WD 8AT 19인치 (빌트인캠),기아,승용차,다목적형,내연기관,경유,1998,자동8,137,13.9,2등급
스포티지 2.0디젤 2WD 8AT 19인치,기아,승용차,다목적형,내연기관,경유,1998,자동8,135,14.1,2등급
스포티지 2.0디젤 2WD 8AT 18인치 (빌트인캠),기아,승용차,다목적형,내연기관,경유,1998,자동8,137,13.9,2등급
스포티지 2.0디젤 2WD 8AT 18인치,기아,승용차,다목적형,내연기관,경유,1998,자동8,136,14,2등급
스포티지 2.0디젤 2WD 8AT 17인치,기아,승용차,다목적형,내연기관,경유,1998,자동8,130,14.6,2등급
스포티지 1.6T-GDI 4WD 7DCT 19인치 (빌트인캠),기아,승용차,다목적형,내연기관,휘발유,1598,자동7,156,10.8,4등급
스포티지 1.6T-GDI 4WD 7DCT 19인치,기아,승용차,다목적형,내연기관,휘발유,1598,자동7,152,11.1,4등급
스포티지 1.6T-GDI 4WD 7DCT 18인치 (빌트인캠),기아,승용차,다목적형,내연기관,휘발유,1598,자동7,151,11.1,4등급
렉서스 ES300h,토요타,승용차,일반형,하이브리드,휘발유,2487,무단변속,92,16.8,1등급
911 GT3,포르쉐,승용차,일반형,내연기관,휘발유,3996,자동7,271,6.5,5등급
911 GT3,포르쉐,승용차,일반형,내연기관,휘발유,3996,자동7,271,6.5,5등급
쏘나타(DN8) 2.0CVVL 17인치 non-ISG,현대,승용차,일반형,내연기관,휘발유,1999,자동6,135,12.4,3등급
CHEVROLET EQUINOX AWD,GM,승용차,다목적형,내연기관,휘발유,1490,자동6,156,10.6,4등급
CHEVROLET EQUINOX FWD,GM,승용차,다목적형,내연기관,휘발유,1490,자동6,143,11.5,4등급
Mercedes-Benz GLB250 4MATIC,벤츠,승용차,다목적형,내연기관,휘발유,1991,자동8,172,9.9,4등급
Mercedes-Benz GLB250 4MATIC(5seater),벤츠,승용차,다목적형,내연기관,휘발유,1991,자동8,172,9.9,4등급
Mercedes-AMG GLB35 4MATIC,벤츠,승용차,다목적형,내연기관,휘발유,1991,자동8,191,9,5등급
CHEVROLET BOLT EUV,GM,승용차,일반형,전기(MCT),전기,0,없음,0,5.5,고속
"Mercedes-Benz E300 d 4MATIC Coupe	",벤츠,승용차,일반형,하이브리드,경유,1993,자동9,142,13.4,3등급
BMW iX3 M Sport,BMW,승용차,일반형,전기(MCT),전기,0,없음,0,4.1,고속
타이칸 크로스 투리스모 터보 (5인승),포르쉐,승용차,일반형,전기(MCT),전기,0,없음,0,2.8,고속
Q8 45 TDI quattro ,아우디,승용차,다목적형,하이브리드,경유,2967,자동8,190,10.2,4등급
타이칸 크로스 투리스모 터보,포르쉐,승용차,일반형,전기(MCT),전기,0,없음,0,2.8,고속
타이칸 크로스 투리스모 4S (5인승),포르쉐,승용차,일반형,전기(MCT),전기,0,없음,0,2.9,고속
타이칸 크로스 투리스모 (5인승),포르쉐,승용차,일반형,전기(MCT),전기,0,없음,0,2.9,고속
타이칸 크로스 투리스모 4S,포르쉐,승용차,일반형,전기(MCT),전기,0,없음,0,2.9,고속
타이칸 크로스 투리스모,포르쉐,승용차,일반형,전기(MCT),전기,0,없음,0,2.9,고속
Mercedes-Benz GLS400 d 4MATIC (MY22),벤츠,승용차,다목적형,내연기관,경유,2925,자동9,199,9.8,4등급
마세라티 MC20,마세라티,승용차,일반형,내연기관,휘발유,2992,자동8,239,7,5등급
볼보 V90CCB5 AWD,볼보,승용차,다목적형,하이브리드,휘발유,1969,자동8,160,10.6,4등급
볼보 V60CCB5 AWD,볼보,승용차,다목적형,하이브리드,휘발유,1969,자동8,171,9.9,4등급
볼보 XC40B4 AWD,볼보,승용차,다목적형,하이브리드,휘발유,1969,자동8,169,10.1,4등급
볼보 XC60B5 AWD,볼보,승용차,다목적형,하이브리드,휘발유,1969,자동8,180,9.5,4등급
볼보 S90B6 AWD,볼보,승용차,일반형,하이브리드,휘발유,1969,자동8,172,9.9,4등급
볼보 XC90B6 AWD,볼보,승용차,다목적형,하이브리드,휘발유,1969,자동8,183,9.3,5등급
볼보 S90B5,볼보,승용차,일반형,하이브리드,휘발유,1969,자동8,151,11.2,4등급
볼보 S60B5,볼보,승용차,일반형,하이브리드,휘발유,1969,자동8,149,11.3,4등급
볼보 XC60B6 AWD,볼보,승용차,다목적형,하이브리드,휘발유,1969,자동8,189,9.1,5등급
볼보 V90CCB6 AWD,볼보,승용차,다목적형,하이브리드,휘발유,1969,자동8,164,10.4,4등급
페라리 812 Competizione,페라리,승용차,일반형,내연기관,휘발유,6496,자동7,319,5.6,5등급
마세라티 기블리 GT,마세라티,승용차,일반형,하이브리드,휘발유,1995,자동8,186,8.9,5등급
볼보 S90T8 AWD,볼보,승용차,일반형,PHEV,전기+휘발유,1969,자동8,63,2.9 / 11.2,PHEV
마세라티 르반떼 GT,마세라티,승용차,다목적형,하이브리드,휘발유,1995,자동8,209,7.9,5등급
Mercedes-Benz EQA250,벤츠,승용차,다목적형,전기(MCT),전기,0,없음,0,4,고속
렉서스 ES300h,토요타,승용차,일반형,하이브리드,휘발유,2487,무단변속,91,17.2,1등급
GV80(22MY) 3.0디젤 AWD 5인 19인치타이어,현대,승용차,다목적형,내연기관,경유,2996,자동8,179,10.9,4등급
GV80(22MY) 3.0디젤 AWD 6인 19인치타이어,현대,승용차,다목적형,내연기관,경유,2996,자동8,179,10.9,4등급
GV80(22MY) 3.0디젤 AWD 7인 19인치타이어,현대,승용차,다목적형,내연기관,경유,2996,자동8,179,10.9,4등급
GV80(22MY) 3.0디젤 AWD 6인 22인치 타이어,현대,승용차,다목적형,내연기관,경유,2996,자동8,188,10.4,4등급
GV80(22MY) 3.0디젤 AWD 7인 22인치 타이어,현대,승용차,다목적형,내연기관,경유,2996,자동8,188,10.4,4등급
GV80(22MY) 3.0디젤 AWD 6인 20인치타이어,현대,승용차,다목적형,내연기관,경유,2996,자동8,184,10.6,4등급
GV80(22MY) 3.0디젤 AWD 7인 20인치타이어,현대,승용차,다목적형,내연기관,경유,2996,자동8,184,10.6,4등급
GV80(22MY) 3.0디젤 AWD 5인 20인치타이어,현대,승용차,다목적형,내연기관,경유,2996,자동8,184,10.6,4등급
GV80(22MY) 3.0디젤 AWD 5인 22인치타이어,현대,승용차,다목적형,내연기관,경유,2996,자동8,184,10.6,4등급
GV80(22MY) 3.0디젤 2WD 5인 19인치 타이어,현대,승용차,다목적형,내연기관,경유,2996,자동8,164,11.8,3등급
GV80(22MY) 3.0디젤 2WD 5인 20인치 타이어,현대,승용차,다목적형,내연기관,경유,2996,자동8,167,11.6,3등급
GV80(22MY) 3.0디젤 2WD 5인 22인치 타이어,현대,승용차,다목적형,내연기관,경유,2996,자동8,167,11.6,3등급
GV80(22MY) 3.0디젤 2WD 6인 19인치 타이어,현대,승용차,다목적형,내연기관,경유,2996,자동8,173,11.2,4등급
GV80(22MY) 3.0디젤 2WD 6인 20인치 타이어,현대,승용차,다목적형,내연기관,경유,2996,자동8,173,11.2,4등급
GV80(22MY) 3.0디젤 2WD 6인 22인치 타이어,현대,승용차,다목적형,내연기관,경유,2996,자동8,173,11.2,4등급
GV80(22MY) 3.0디젤 2WD 7인 19인치 타이어,현대,승용차,다목적형,내연기관,경유,2996,자동8,173,11.2,4등급
GV80(22MY) 3.0디젤 2WD 7인 20인치 타이어,현대,승용차,다목적형,내연기관,경유,2996,자동8,173,11.2,4등급
GV80(22MY) 3.0디젤 2WD 7인 22인치 타이어,현대,승용차,다목적형,내연기관,경유,2996,자동8,173,11.2,4등급
GV80(22MY) 2.5T-GDI AWD 5인 20인치타이어,현대,승용차,다목적형,내연기관,휘발유,2497,자동8,199,8.6,5등급
GV80(22MY) 2.5T-GDI AWD 5인 22인치타이어,현대,승용차,다목적형,내연기관,휘발유,2497,자동8,199,8.6,5등급
GV80(22MY) 2.5T-GDI AWD 5인 19인치타이어(빌트인캠),현대,승용차,다목적형,내연기관,휘발유,2497,자동8,194,8.8,5등급
GV80(22MY) 2.5T-GDI AWD 6인 19인치타이어(빌트인캠),현대,승용차,다목적형,내연기관,휘발유,2497,자동8,194,8.8,5등급
GV80(22MY) 2.5T-GDI AWD 7인 19인치타이어(빌트인캠),현대,승용차,다목적형,내연기관,휘발유,2497,자동8,194,8.8,5등급
GV80(22MY) 2.5T-GDI AWD 5인 19인치타이어,현대,승용차,다목적형,내연기관,휘발유,2497,자동8,190,9,5등급
GV80(22MY) 2.5T-GDI AWD 6인 19인치타이어,현대,승용차,다목적형,내연기관,휘발유,2497,자동8,190,9,5등급
GV80(22MY) 2.5T-GDI AWD 7인 19인치타이어,현대,승용차,다목적형,내연기관,휘발유,2497,자동8,190,9,5등급
GV80(22MY) 2.5T-GDI AWD 6인 20인치타이어,현대,승용차,다목적형,내연기관,휘발유,2497,자동8,202,8.5,5등급
GV80(22MY) 2.5T-GDI AWD 6인 22인치타이어,현대,승용차,다목적형,내연기관,휘발유,2497,자동8,202,8.5,5등급
GV80(22MY) 2.5T-GDI AWD 7인 20인치타이어,현대,승용차,다목적형,내연기관,휘발유,2497,자동8,202,8.5,5등급
GV80(22MY) 2.5T-GDI AWD 7인 22인치타이어,현대,승용차,다목적형,내연기관,휘발유,2497,자동8,202,8.5,5등급
GV80(22MY) 2.5T-GDI 2WD 5인승 19인치 타이어,현대,승용차,다목적형,내연기관,휘발유,2497,자동8,175,9.7,4등급
GV80(22MY) 2.5T-GDI 2WD 5인 19인치타이어(빌트인캠),현대,승용차,다목적형,내연기관,휘발유,2497,자동8,179,9.5,4등급
GV80(22MY) 2.5T-GDI 2WD 6인 19인치타이어,현대,승용차,다목적형,내연기관,휘발유,2497,자동8,183,9.3,5등급
GV80(22MY) 2.5T-GDI 2WD 7인 19인치타이어,현대,승용차,다목적형,내연기관,휘발유,2497,자동8,183,9.3,5등급
GV80(22MY) 2.5T-GDI 2WD 5인 20인치타이어,현대,승용차,다목적형,내연기관,휘발유,2497,자동8,188,9.1,5등급
GV80(22MY) 2.5T-GDI 2WD 5인 22인치타이어,현대,승용차,다목적형,내연기관,휘발유,2497,자동8,188,9.1,5등급
GV80(22MY) 2.5T-GDI 2WD 6인 20인치타이어,현대,승용차,다목적형,내연기관,휘발유,2497,자동8,188,9.1,5등급
GV80(22MY) 2.5T-GDI 2WD 6인 22인치타이어,현대,승용차,다목적형,내연기관,휘발유,2497,자동8,188,9.1,5등급
GV80(22MY) 2.5T-GDI 2WD 7인 20인치타이어,현대,승용차,다목적형,내연기관,휘발유,2497,자동8,188,9.1,5등급
GV80(22MY) 2.5T-GDI 2WD 7인 22인치타이어,현대,승용차,다목적형,내연기관,휘발유,2497,자동8,188,9.1,5등급
GV80(22MY) 3.5T-GDI AWD 5인 20인치타이어(빌트인캠),현대,승용차,다목적형,내연기관,휘발유,3470,자동8,221,7.8,5등급
GV80(22MY) 3.5T-GDI 2WD 6인 20인치타이어,현대,승용차,다목적형,내연기관,휘발유,3470,자동8,205,8.4,5등급
GV80(22MY) 3.5T-GDI 2WD 7인 20인치타이어,현대,승용차,다목적형,내연기관,휘발유,3470,자동8,205,8.4,5등급
GV80(22MY) 3.5T-GDI 2WD 5인 22인치타이어,현대,승용차,다목적형,내연기관,휘발유,3470,자동8,205,8.4,5등급
GV80(22MY) 3.5T-GDI 2WD 6인 22인치타이어,현대,승용차,다목적형,내연기관,휘발유,3470,자동8,210,8.2,5등급
GV80(22MY) 3.5T-GDI 2WD 7인 22인치타이어,현대,승용차,다목적형,내연기관,휘발유,3470,자동8,210,8.2,5등급
GV80(22MY) 3.5T-GDI AWD 5인 22인치타이어,현대,승용차,다목적형,내연기관,휘발유,3470,자동8,221,7.8,5등급
GV80(22MY) 3.5T-GDI AWD 6인 20인치타이어,현대,승용차,다목적형,내연기관,휘발유,3470,자동8,221,7.8,5등급
GV80(22MY) 3.5T-GDI AWD 6인 22인치타이어,현대,승용차,다목적형,내연기관,휘발유,3470,자동8,221,7.8,5등급
GV80(22MY) 3.5T-GDI AWD 7인 20인치타이어,현대,승용차,다목적형,내연기관,휘발유,3470,자동8,221,7.8,5등급
GV80(22MY) 3.5T-GDI AWD 7인 22인치타이어,현대,승용차,다목적형,내연기관,휘발유,3470,자동8,221,7.8,5등급
GV80(22MY) 3.5T-GDI AWD 5인 20인치타이어,현대,승용차,다목적형,내연기관,휘발유,3470,자동8,215,8,5등급
GV80(22MY) 3.5T-GDI 2WD 5인 20인치타이어,현대,승용차,다목적형,내연기관,휘발유,3470,자동8,199,8.6,5등급
GV80(22MY) 3.5T-GDI 2WD 5인 20인치타이어(빌트인캠),현대,승용차,다목적형,내연기관,휘발유,3470,자동8,205,8.4,5등급
Mercedes-Benz S500 4MATIC,벤츠,승용차,일반형,하이브리드,휘발유,2999,자동9,180,9.5,4등급
BMW X3 M Competition,BMW,승용차,다목적형,내연기관,휘발유,2993,자동8,224,7.7,5등급
BMW X4 xDrive20d,BMW,승용차,다목적형,내연기관,경유,1995,자동8,156,12.3,3등급
BMW X3 xDrive20d,BMW,승용차,다목적형,내연기관,경유,1995,자동8,157,12.2,3등급
A5 Sportback 40 TFSI quattro,아우디,승용차,일반형,내연기관,휘발유,1984,자동7,142,12,3등급
A4 40 TFSI,아우디,승용차,일반형,내연기관,휘발유,1984,자동7,136,12.4,3등급
BMW X4 M Competition,BMW,승용차,다목적형,내연기관,휘발유,2993,자동8,222,7.8,5등급
Mercedes-Benz S450 4MATIC,벤츠,승용차,일반형,하이브리드,휘발유,2999,자동9,177,9.7,4등급
Mercedes-Benz GLC300 4MATIC,벤츠,승용차,다목적형,내연기관,휘발유,1991,자동9,201,8.5,5등급
Mercedes-Benz GLC300 4MATIC Coupe,벤츠,승용차,다목적형,내연기관,휘발유,1991,자동9,185,9.2,5등급
BMW X3 xDrive30e,BMW,승용차,다목적형,PHEV,전기+휘발유,1998,자동8,61,2.6 / 9.6,PHEV
BMW X3 M40i,BMW,승용차,다목적형,내연기관,휘발유,2998,자동8,186,9.2,5등급
BMW X4 M40i,BMW,승용차,다목적형,내연기관,휘발유,2998,자동8,200,8.5,5등급
A5 Coupe 45 TFSI quattro,아우디,승용차,일반형,내연기관,휘발유,1984,자동7,156,10.9,4등급
A4 45 TFSI quattro,아우디,승용차,일반형,내연기관,휘발유,1984,자동7,156,11,4등급
A5 Sportback 45 TFSI quattro,아우디,승용차,일반형,내연기관,휘발유,1984,자동7,165,10.4,4등급
A5 Cabriolet 45 TFSI quattro,아우디,승용차,일반형,내연기관,휘발유,1984,자동7,165,10.4,4등급
Rolls Royce Ghost Black Badge,롤스로이스,승용차,일반형,내연기관,휘발유,6749,자동8,315,5.6,5등급
BMW X3 xDrive20i,BMW,승용차,다목적형,내연기관,휘발유,1998,자동8,173,9.8,4등급
BMW X4 xDrive20i,BMW,승용차,다목적형,내연기관,휘발유,1998,자동8,172,9.9,4등급
Rolls Royce Ghost Black Badge,롤스로이스,승용차,일반형,내연기관,휘발유,6749,자동8,315,5.6,5등급
BMW M240i xDrive,BMW,승용차,일반형,내연기관,휘발유,2998,자동8,177,9.6,4등급
Golf 2.0TDI,폭스바겐,승용차,일반형,내연기관,경유,1968,자동7,104,17.8,1등급
코란도 e-motion 2WD Heat Pump,쌍용,승용차,기타형,전기(MCT),전기,0,없음,0,4.9,고속
"Mercedes-Maybach S580 4MATIC	",벤츠,승용차,일반형,하이브리드,휘발유,3982,자동9,238,7.3,5등급
Mercedes-Maybach S580 4MATIC (4Seater),벤츠,승용차,일반형,하이브리드,휘발유,3982,자동9,238,7.3,5등급
EV6 항속형 4WD 19인치,기아,승용차,다목적형,전기(MCT),전기,0,없음,0,5,고속
EV6 항속형 4WD 20인치,기아,승용차,다목적형,전기(MCT),전기,0,없음,0,4.6,고속
플러스2.0(카고),(주) 한신자동차,화물차,일반형,전기(MCT),전기,0,없음,0,2.5,고속
BMW iX xDrive50,BMW,승용차,다목적형,전기(MCT),전기,0,없음,0,3.6,고속
BMW iX xDrive40,BMW,승용차,다목적형,전기(MCT),전기,0,없음,0,3.9,고속
투싼 1.6T-GDI 하이브리드 6AT 19인치,현대,승용차,다목적형,하이브리드,휘발유,1598,자동6,102,15.8,2등급
투싼 1.6T-GDI 하이브리드 6AT 19인치 (빌트인캠),현대,승용차,다목적형,하이브리드,휘발유,1598,자동6,105,15.3,2등급
타이칸 (5인승),포르쉐,승용차,일반형,전기(MCT),전기,0,없음,0,3.1,고속
타이칸,포르쉐,승용차,일반형,전기(MCT),전기,0,없음,0,3.1,고속
아반떼 N 2.0 T-GDI 6MT 19인치,현대,승용차,일반형,내연기관,휘발유,1998,수동6,158,10.7,4등급
아반떼 N 2.0 T-GDI 8DCT 19인치,현대,승용차,일반형,내연기관,휘발유,1998,자동8,164,10.4,4등급
"타이칸 (High, 5인승)",포르쉐,승용차,일반형,전기(MCT),전기,0,없음,0,3,고속
타이칸 (High),포르쉐,승용차,일반형,전기(MCT),전기,0,없음,0,3,고속
BMW M440i xDrive Convertible,BMW,승용차,일반형,내연기관,휘발유,2998,자동8,177,9.6,4등급
Mercedes-Benz GLA250 4MATIC,벤츠,승용차,다목적형,내연기관,휘발유,1991,자동8,165,10.3,4등급
"Mercedes-Benz CLS300 d 4MATIC	",벤츠,승용차,일반형,하이브리드,경유,1993,자동9,137,13.9,2등급
Passat GT 2.0TDI 4Motion,폭스바겐,승용차,일반형,내연기관,경유,1968,자동7,133,14.3,2등급
재규어 F-PACE SVR,재규어,승용차,다목적형,내연기관,휘발유,5000,자동8,252,7,5등급
BMW M4 Competition Convertible M xDrive,BMW,승용차,일반형,내연기관,휘발유,2993,자동8,208,8.3,5등급
BMW M4 Competition M xDrive,BMW,승용차,일반형,내연기관,휘발유,2993,자동8,206,8.3,5등급
BMW M3 Competition M xDrive,BMW,승용차,일반형,내연기관,휘발유,2993,자동8,206,8.3,5등급
"Mercedes-AMG A35 4MATIC	",벤츠,승용차,일반형,내연기관,휘발유,1991,자동7,168,10.1,4등급
Mercedes-Benz A220 Sedan,벤츠,승용차,일반형,내연기관,휘발유,1991,자동7,145,11.7,3등급
Mercedes-Benz A250 4MATIC,벤츠,승용차,일반형,내연기관,휘발유,1991,자동7,151,11.2,4등급
Mercedes-Benz A220,벤츠,승용차,일반형,내연기관,휘발유,1991,자동7,141,11.9,3등급
SQ5 Sportback TFSI,아우디,승용차,다목적형,내연기관,휘발유,2995,자동8,195,8.9,5등급
BMW 420d Gran Coupe,BMW,승용차,일반형,내연기관,경유,1995,자동8,126,15,2등급
BMW 320d(MY22),BMW,승용차,일반형,내연기관,경유,1995,자동8,125,15.1,2등급
BMW 420i Gran Coupe,BMW,승용차,일반형,내연기관,휘발유,1998,자동8,150,11.2,4등급
Mercedes-Benz S580 4MATIC,벤츠,승용차,일반형,하이브리드,휘발유,3982,자동9,232,7.5,5등급
Mercedes-Benz GLE350 e 4MATIC ,벤츠,승용차,다목적형,PHEV,전기+휘발유,1991,자동9,45,2.5 / 9,PHEV
Q7 55 TFSI quattro,아우디,승용차,다목적형,하이브리드,휘발유,2995,자동8,206,8.4,5등급
Q8 55 TFSI quattro,아우디,승용차,다목적형,하이브리드,휘발유,2995,자동8,205,8.5,5등급
G80 2.5T-GDI 2WD 19인치 (SP),현대,승용차,일반형,내연기관,휘발유,2497,자동8,159,10.6,4등급
G80 3.5T-GDI AWD 20인치 (SP 다이내믹),현대,승용차,일반형,내연기관,휘발유,3470,자동8,207,8.3,5등급
G80 3.5T-GDI AWD 20인치 (SP),현대,승용차,일반형,내연기관,휘발유,3470,자동8,206,8.3,5등급
G80 3.5T-GDI AWD 20인치 (22MY),현대,승용차,일반형,내연기관,휘발유,3470,자동8,206,8.3,5등급
G80 3.5T-GDI 2WD 20인치 (SP 다이내믹),현대,승용차,일반형,내연기관,휘발유,3470,자동8,194,8.8,5등급
G80 3.5T-GDI 2WD 20인치 (SP),현대,승용차,일반형,내연기관,휘발유,3470,자동8,193,8.9,5등급
G80 3.5T-GDI 2WD 20인치 (22MY),현대,승용차,일반형,내연기관,휘발유,3470,자동8,190,9,5등급
G80 2.5T-GDI AWD 20인치 (SP),현대,승용차,일반형,내연기관,휘발유,2497,자동8,176,9.7,4등급
G80 2.5T-GDI AWD 20인치 (22MY),현대,승용차,일반형,내연기관,휘발유,2497,자동8,175,9.7,4등급
G80 2.5T-GDI AWD 19인치 (SP),현대,승용차,일반형,내연기관,휘발유,2497,자동8,174,9.8,4등급
G80 2.5T-GDI 2WD 20인치 (SP),현대,승용차,일반형,내연기관,휘발유,2497,자동8,162,10.5,4등급
G80 2.5T-GDI 2WD 20인치 (22MY),현대,승용차,일반형,내연기관,휘발유,2497,자동8,161,10.5,4등급
G80 2.2디젤 AWD 19인치 (SP),현대,승용차,일반형,내연기관,경유,2151,자동8,152,12.7,3등급
G80 2.2디젤 2WD 19인치 (SP),현대,승용차,일반형,내연기관,경유,2151,자동8,137,13.9,2등급
Q5 Sportback 45 TFSI quattro,아우디,승용차,다목적형,내연기관,휘발유,1984,자동7,171,10,4등급
Mercedes-Benz CLA250 4MATIC,벤츠,승용차,일반형,내연기관,휘발유,1991,자동7,158,10.8,4등급
재규어 F-PACE D300,재규어,승용차,다목적형,하이브리드,경유,2997,자동8,170,11.3,4등급
Huracan STO,람보르기니,승용차,일반형,내연기관,휘발유,5204,자동7,279,6.3,5등급
ODYSSEY,혼다,승용차,일반형,내연기관,휘발유,3471,자동10,187,9,5등급
스타리아 2.2디젤 3밴 8AT,현대,화물차,밴형,내연기관,경유,2199,자동8,166,11.6,3등급
스타리아 2.2디젤 3밴 6MT,현대,화물차,밴형,내연기관,경유,2199,수동6,156,12.3,3등급
스타리아 2.2디젤 5밴 8AT (빌트인캠),현대,화물차,밴형,내연기관,경유,2199,자동8,174,11.1,4등급
스타리아 2.2디젤 5밴 8AT,현대,화물차,밴형,내연기관,경유,2199,자동8,172,11.3,4등급
스타리아 2.2디젤 3밴 8AT (빌트인캠),현대,화물차,밴형,내연기관,경유,2199,자동8,168,11.5,4등급
스타리아 2.2디젤 5밴 6MT,현대,화물차,밴형,내연기관,경유,2199,수동6,161,11.9,3등급
스타리아 3.5LPI 5밴 8AT,현대,화물차,밴형,내연기관,LPG,3470,자동8,189,7,5등급
스타리아 3.5LPI 5밴 8AT (빌트인캠),현대,화물차,밴형,내연기관,LPG,3470,자동8,191,6.9,5등급
스타리아 3.5LPI 3밴 8AT,현대,화물차,밴형,내연기관,LPG,3470,자동8,189,7,5등급
스타리아 3.5LPI 3밴 8AT (빌트인캠),현대,화물차,밴형,내연기관,LPG,3470,자동8,191,6.9,5등급
G80 Electrified,현대,승용차,일반형,전기(MCT),전기,0,없음,0,4.3,고속
EV6 항속형 RWD 19인치(빌트인캠미적용),기아,승용차,다목적형,전기(MCT),전기,0,없음,0,5.4,고속
EV6 항속형 RWD 19인치(빌트인캠적용),기아,승용차,다목적형,전기(MCT),전기,0,없음,0,5.3,고속
EV6 항속형 RWD 20인치,기아,승용차,다목적형,전기(MCT),전기,0,없음,0,4.9,고속
EV6 기본형 RWD 19인치,기아,승용차,다목적형,전기(MCT),전기,0,없음,0,5.6,고속
"싼타페 1.6T-GDI 하이브리드 AWD 7인 19""타이어",현대,승용차,다목적형,하이브리드,휘발유,1598,자동6,125,13.1,3등급
"싼타페 1.6T-GDI 하이브리드 AWD 7인 17""타이어",현대,승용차,다목적형,하이브리드,휘발유,1598,자동6,122,13.4,3등급
"싼타페 1.6T-GDI 하이브리드 2WD 7인 19""타이어",현대,승용차,다목적형,하이브리드,휘발유,1598,자동6,114,14.3,2등급
"싼타페 1.6T-GDI 하이브리드 2WD 7인 17""(빌트인캠)",현대,승용차,다목적형,하이브리드,휘발유,1598,자동6,108,15,2등급
"싼타페 1.6T-GDI 하이브리드 2WD 7인 17""타이어",현대,승용차,다목적형,하이브리드,휘발유,1598,자동6,106,15.3,2등급
"싼타페 1.6T-GDI 하이브리드 AWD 5인 19""타이어",현대,승용차,다목적형,하이브리드,휘발유,1598,자동6,125,13.1,3등급
"싼타페 1.6T-GDI 하이브리드 AWD 5인 17""타이어",현대,승용차,다목적형,하이브리드,휘발유,1598,자동6,122,13.4,3등급
"싼타페 1.6T-GDI 하이브리드 2WD 5인 19""타이어",현대,승용차,다목적형,하이브리드,휘발유,1598,자동6,114,14.3,2등급
"싼타페 1.6T-GDI 하이브리드 2WD 5인 17""(빌트인캠)",현대,승용차,다목적형,하이브리드,휘발유,1598,자동6,108,15,2등급
"싼타페 1.6T-GDI 하이브리드 2WD 5인 17""타이어",현대,승용차,다목적형,하이브리드,휘발유,1598,자동6,106,15.3,2등급
코나 N 2.0T-GDI 2WD 19인치타이어,현대,승용차,다목적형,내연기관,휘발유,1998,자동8,170,10,4등급
카니발(22MY) 2.2디젤 11인 18인치타이어(빌트인캠),기아,승합차,일반형,내연기관,경유,2151,자동8,154,12.4,3등급
카니발(22MY) 2.2디젤 11인 18인치타이어,기아,승합차,일반형,내연기관,경유,2151,자동8,151,12.7,3등급
카니발(22MY) 2.2디젤 9인 18인치/19인치,기아,승용차,기타형,내연기관,경유,2151,자동8,146,13.1,3등급
카니발(22MY) 2.2디젤 7인 19인치타이어(빌트인캠),기아,승용차,기타형,내연기관,경유,2151,자동8,153,12.5,3등급
카니발(22MY) 2.2디젤 7인 19인치타이어,기아,승용차,기타형,내연기관,경유,2151,자동8,153,12.6,3등급
카니발(22MY) 3.5GDI 하이리무진 7인승 19인치,기아,승용차,기타형,내연기관,휘발유,3470,자동8,205,8.4,5등급
카니발(22MY) 3.5GDI 11인 18인치타이어(빌트인캠),기아,승합차,일반형,내연기관,휘발유,3470,자동8,188,9.1,5등급
카니발(22MY) 3.5GDI 11인 18인치타이어,기아,승합차,일반형,내연기관,휘발유,3470,자동8,188,9.1,5등급
카니발(22MY) 3.5GDI 9인 18인치/19인치,기아,승용차,기타형,내연기관,휘발유,3470,자동8,187,9.1,5등급
카니발(22MY) 3.5GDI 7인 19인치타이어(빌트인캠),기아,승용차,기타형,내연기관,휘발유,3470,자동8,193,8.9,5등급
카니발(22MY) 3.5GDI 7인 19인치타이어,기아,승용차,기타형,내연기관,휘발유,3470,자동8,192,8.9,5등급
카니발(22MY) 2.2디젤 9인 18인치/19인치(빌트인캠),기아,승용차,기타형,내연기관,경유,2151,자동8,147,13,3등급
"카니발(22MY) 2.2디젤 하이리무진 7인승(19""타이어)",기아,승용차,기타형,내연기관,경유,2151,자동8,176,11,4등급
카니발(22MY) 3.5GDI 9인 18인치/19인치(빌트인캠),기아,승용차,기타형,내연기관,휘발유,3470,자동8,188,9.1,5등급
Mercedes-Benz C200 Coupe,벤츠,승용차,일반형,내연기관,휘발유,1991,자동9,161,10.6,4등급
Mercedes-Benz C200 Cabriolet,벤츠,승용차,일반형,내연기관,휘발유,1991,자동9,171,10,4등급
"Mercedes-Benz GLE350 e 4MATIC Coupe	",벤츠,승용차,다목적형,PHEV,전기+휘발유,1991,자동9,45,2.5 / 9,PHEV
재규어 F-PACE P250,재규어,승용차,다목적형,내연기관,휘발유,1997,자동8,197,8.6,5등급
Passat GT 2.0TDI,폭스바겐,승용차,일반형,내연기관,경유,1968,자동7,120,15.7,2등급
Q5 Sportback 40 TDI quattro,아우디,승용차,다목적형,내연기관,경유,1968,자동7,146,13,3등급
e-tron 55 quattro,아우디,승용차,다목적형,전기(MCT),전기,0,없음,0,3,고속
K8 3.5 GDI AWD 19인치,기아,승용차,일반형,내연기관,휘발유,3470,자동8,183,9.3,5등급
K8 3.5 GDI AWD 18인치 (빌트인캠),기아,승용차,일반형,내연기관,휘발유,3470,자동8,180,9.5,4등급
K8 3.5 GDI AWD 18인치 ,기아,승용차,일반형,내연기관,휘발유,3470,자동8,175,9.7,4등급
스타리아 3.5LPI 2WD 11인 18인치 (빌트인캠),현대,승합차,일반형,내연기관,LPG,3470,자동8,199,6.7,5등급
스타리아 3.5LPI 2WD 9인 17인치 (빌트인캠),기아,승용차,기타형,내연기관,LPG,3470,자동8,199,6.7,5등급
스타리아 3.5LPI 2WD 9인 17인치,현대,승용차,기타형,내연기관,LPG,3470,자동8,197,6.7,5등급
스타리아 라운지 3.5LPI 2WD 7인 18인치,현대,승용차,기타형,내연기관,LPG,3470,자동8,199,6.7,5등급
스타리아 라운지 3.5LPI 2WD 7인 18인치 (빌트인캠),현대,승용차,기타형,내연기관,LPG,3470,자동8,202,6.6,5등급
스타리아 라운지 3.5LPI 2WD 9인 18인치 (빌트인캠),현대,승용차,기타형,내연기관,LPG,3470,자동8,205,6.5,5등급
스타리아 3.5LPI 2WD 11인 17인치,현대,승합차,일반형,내연기관,LPG,3470,자동8,199,6.7,5등급
스타리아 3.5LPI 2WD 11인 17인치 (빌트인캠),현대,승합차,일반형,내연기관,LPG,3470,자동8,199,6.7,5등급
스타리아 3.5LPI 2WD 11인 18인치,현대,승합차,일반형,내연기관,LPG,3470,자동8,199,6.7,5등급
스타리아 3.5LPI 2WD 9인 18인치,현대,승용차,기타형,내연기관,LPG,3470,자동8,199,6.7,5등급
스타리아 3.5LPI 2WD 9인 18인치 (빌트인캠),현대,승용차,기타형,내연기관,LPG,3470,자동8,202,6.6,5등급
스타리아 라운지 3.5LPI 2WD 9인 18인치,현대,승용차,기타형,내연기관,LPG,3470,자동8,205,6.5,5등급
플러스2.0(카고),(주) 한신자동차,화물차,일반형,전기(MCT),전기,0,없음,0,2.5,고속
Model S Long Range Plus,테슬라코리아 유한회사,승용차,일반형,전기(MCT),전기,0,없음,0,4.4,고속
Model X Performance,테슬라코리아 유한회사,승용차,다목적형,전기(MCT),전기,0,없음,0,3.8,고속
Model X Performance,테슬라코리아 유한회사,승용차,다목적형,전기(MCT),전기,0,없음,0,3.8,고속
Model X Performance,테슬라코리아 유한회사,승용차,다목적형,전기(MCT),전기,0,없음,0,3.8,고속
Model X Long Range Plus,테슬라코리아 유한회사,승용차,다목적형,전기(MCT),전기,0,없음,0,4,고속
Model X Long Range Plus,테슬라코리아 유한회사,승용차,다목적형,전기(MCT),전기,0,없음,0,4,고속
Model S Performance,테슬라코리아 유한회사,승용차,일반형,전기(MCT),전기,0,없음,0,4.3,고속
Model X Long Range Plus,테슬라코리아 유한회사,승용차,다목적형,전기(MCT),전기,0,없음,0,4,고속
Mercedes-Benz EQA250,벤츠,승용차,다목적형,전기(MCT),전기,0,없음,0,4.1,고속
Mercedes-Benz E350 4MATIC,벤츠,승용차,일반형,하이브리드,휘발유,1991,자동9,172,9.9,4등급
Arteon 2.0TDI,폭스바겐,승용차,일반형,내연기관,경유,1968,자동7,121,15.5,2등급
T-Roc 2.0TDI,폭스바겐,승용차,다목적형,내연기관,경유,1968,자동7,115,16.2,1등급
e-tron Sportback 55 quattro,아우디,승용차,다목적형,전기(MCT),전기,0,없음,0,3.1,고속
디펜더 110 P400,랜드로버,승용차,다목적형,하이브리드,휘발유,2996,자동8,255,6.9,5등급
아이오닉5 기본형 RWD 19인치,현대,승용차,다목적형,전기(MCT),전기,0,없음,0,5.1,고속
아이오닉5 기본형 RWD 19인치,현대,승용차,다목적형,전기(MCT),전기,0,없음,0,5.1,고속
아이오닉5 기본형 4WD 19인치,현대,승용차,다목적형,전기(MCT),전기,0,없음,0,4.8,고속
MINI John Cooper Works Clubman ALL4(MY22),BMW,승용차,일반형,내연기관,휘발유,1998,자동8,170,10,4등급
Mercedes-Benz S500 4MATIC,벤츠,승용차,일반형,하이브리드,휘발유,2999,자동9,179,9.6,4등급
파나메라 4 E-하이브리드 (5인승),포르쉐,승용차,일반형,PHEV,전기+휘발유,2894,자동8,56,2.3 / 8.6,PHEV
파나메라 4 E-하이브리드,포르쉐,승용차,일반형,PHEV,전기+휘발유,2894,자동8,56,2.3 / 8.6,PHEV
BMW M5 CS,BMW,승용차,일반형,내연기관,휘발유,4395,자동8,224,7.7,5등급
BMW X2 M35i,BMW,승용차,다목적형,내연기관,휘발유,1998,자동8,172,9.8,4등급
타이칸 터보 (5인승),포르쉐,승용차,일반형,전기(MCT),전기,0,없음,0,2.9,고속
타이칸 터보,포르쉐,승용차,일반형,전기(MCT),전기,0,없음,0,2.9,고속
짚 랭글러 사하라 4xe,크라이슬러,승용차,다목적형,PHEV,전기+휘발유,1995,자동8,59,2.4 / 9.2,PHEV
마세라티 기블리 트로페오,마세라티,승용차,일반형,내연기관,휘발유,3799,자동8,260,6.5,5등급
캐딜락 Escalade,GM,승용차,다목적형,내연기관,휘발유,6162,자동10,269,6.5,5등급
렉스턴스포츠 2.2 디젤 2WD 6MT SCR,쌍용,화물차,화물,내연기관,경유,2157,수동6,171,11.3,4등급
렉스턴스포츠 2.2 디젤 4WD 6MT SCR,쌍용,화물차,화물,내연기관,경유,2157,수동6,177,11,4등급
렉스턴스포츠 2.2 디젤 2WD 6AT SCR,쌍용,화물차,화물,내연기관,경유,2157,자동6,188,10.4,4등급
렉스턴스포츠 2.2 디젤 4WD 6AT SCR,쌍용,화물차,화물,내연기관,경유,2157,자동6,194,10.1,4등급
렉스턴스포츠 칸 2.2 디젤 2WD 6MT SCR,쌍용,화물차,화물,내연기관,경유,2157,수동6,173,11.2,4등급
렉스턴스포츠 칸 2.2 디젤 4WD 6MT SCR,쌍용,화물차,화물,내연기관,경유,2157,수동6,178,10.9,4등급
렉스턴스포츠 칸 2.2 디젤 2WD 6AT SCR,쌍용,화물차,화물,내연기관,경유,2157,자동6,190,10.3,4등급
렉스턴스포츠 칸 2.2 디젤 4WD 6AT SCR,쌍용,화물차,화물,내연기관,경유,2157,자동6,196,10,4등급
K8 1.6TGDI 하이브리드 18인치 (빌트인캠),기아,승용차,일반형,하이브리드,휘발유,1598,자동6,96,16.8,1등급
K8 1.6TGDI 하이브리드 18인치,기아,승용차,일반형,하이브리드,휘발유,1598,자동6,94,17.1,1등급
K8 1.6TGDI 하이브리드 17인치 (빌트인캠),기아,승용차,일반형,하이브리드,휘발유,1598,자동6,91,17.6,1등급
K8 1.6TGDI 하이브리드 17인치,기아,승용차,일반형,하이브리드,휘발유,1598,자동6,88,18,1등급
스타리아 2.2디젤 2WD  6MT 11인 17인치,현대,승합차,일반형,내연기관,경유,2199,수동6,163,11.8,3등급
스타리아 2.2디젤 2WD 11인 17인치 (빌트인캠),현대,승합차,일반형,내연기관,경유,2199,자동8,179,10.8,4등급
스타리아 2.2디젤 2WD 11인 18인치 (빌트인캠),현대,승합차,일반형,내연기관,경유,2199,자동8,180,10.8,4등급
스타리아 2.2디젤 2WD 9인 18인치 (빌트인캠),현대,승용차,기타형,내연기관,경유,2199,자동8,175,11,4등급
스타리아 2.2디젤 2WD 9인 17인치,현대,승용차,기타형,내연기관,경유,2199,자동8,171,11.3,4등급
스타리아 라운지 2.2디젤 2WD 9인 18인치,현대,승용차,기타형,내연기관,경유,2199,자동8,179,10.8,4등급
스타리아 라운지 2.2디젤 2WD 9인 18인치 (빌트인캠),현대,승용차,기타형,내연기관,경유,2199,자동8,180,10.8,4등급
스타리아 2.2디젤 4WD 11인 18인치 (빌트인캠),현대,승합차,일반형,내연기관,경유,2199,자동8,190,10.3,4등급
스타리아 라운지 2.2디젤 4WD 9인 18인치 (빌트인캠),현대,승용차,기타형,내연기관,경유,2199,자동8,189,10.3,4등급
스타리아 2.2디젤 2WD 11인 17인치,현대,승합차,일반형,내연기관,경유,2199,자동8,179,10.8,4등급
스타리아 2.2디젤 2WD 11인 18인치,현대,승합차,일반형,내연기관,경유,2199,자동8,180,10.8,4등급
스타리아 2.2디젤 2WD 9인 17인치 (빌트인캠),현대,승용차,기타형,내연기관,경유,2199,자동8,175,11,4등급
스타리아 2.2디젤 2WD 9인 18인치,현대,승용차,기타형,내연기관,경유,2199,자동8,175,11,4등급
스타리아 라운지 2.2디젤 2WD 7인 18인치,현대,승용차,기타형,내연기관,경유,2199,자동8,179,10.8,4등급
스타리아 라운지 2.2디젤 2WD 7인 18인치 (빌트인캠),현대,승용차,기타형,내연기관,경유,2199,자동8,180,10.8,4등급
스타리아 2.2디젤 4WD 11인 17인치,현대,승합차,일반형,내연기관,경유,2199,자동8,190,10.3,4등급
스타리아 2.2디젤 4WD 11인 17인치 (빌트인캠),현대,승합차,일반형,내연기관,경유,2199,자동8,190,10.3,4등급
스타리아 2.2디젤 4WD 11인 18인치,현대,승합차,일반형,내연기관,경유,2199,자동8,190,10.3,4등급
스타리아 2.2디젤 4WD 9인 17인치,현대,승용차,기타형,내연기관,경유,2199,자동8,189,10.3,4등급
스타리아 2.2디젤 4WD 9인 17인치 (빌트인캠),현대,승용차,기타형,내연기관,경유,2199,자동8,189,10.3,4등급
스타리아 2.2디젤 4WD 9인 18인치,현대,승용차,기타형,내연기관,경유,2199,자동8,189,10.3,4등급
스타리아 2.2디젤 4WD 9인 18인치 (빌트인캠),현대,승용차,기타형,내연기관,경유,2199,자동8,189,10.3,4등급
스타리아 라운지 2.2디젤 4WD 7인 18인치,현대,승용차,기타형,내연기관,경유,2199,자동8,189,10.3,4등급
스타리아 라운지 2.2디젤 4WD 7인 18인치 (빌트인캠),현대,승용차,기타형,내연기관,경유,2199,자동8,189,10.3,4등급
스타리아 라운지 2.2디젤 4WD 9인 18인치,현대,승용차,기타형,내연기관,경유,2199,자동8,189,10.3,4등급
캐딜락 Escalade(8인승),GM,승용차,다목적형,내연기관,휘발유,6162,자동10,269,6.5,5등급
마세라티 기블리 하이브리드,마세라티,승용차,일반형,하이브리드,휘발유,1995,자동8,186,8.9,5등급
마세라티 콰트로포르테 트로페오,마세라티,승용차,일반형,내연기관,휘발유,3799,자동8,280,6,5등급
페라리 SF90 Spider Assetto Fiorano,페라리,승용차,일반형,PHEV,전기+휘발유,3990,자동8,122,2.6 / 7.2,PHEV
페라리 SF90 Spider,페라리,승용차,일반형,PHEV,전기+휘발유,3990,자동8,122,2.6 / 7.2,PHEV
BMW M135i xDrive,BMW,승용차,일반형,내연기관,휘발유,1998,자동8,170,10,4등급
BMW 120i,BMW,승용차,일반형,내연기관,휘발유,1998,자동8,154,11,4등급
BMW 220i Gran Coupe,BMW,승용차,일반형,내연기관,휘발유,1998,자동8,151,11.2,4등급
K9 PE 3.3GDI 2WD 18인치,기아,승용차,일반형,내연기관,휘발유,3342,자동8,188,9.1,5등급
K9 PE 3.3GDI 2WD 19인치,기아,승용차,일반형,내연기관,휘발유,3342,자동8,197,8.7,5등급
K9 PE 3.3GDI AWD 18인치,기아,승용차,일반형,내연기관,휘발유,3342,자동8,203,8.5,5등급
K9 PE 3.3GDI AWD 19인치,기아,승용차,일반형,내연기관,휘발유,3342,자동8,206,8.4,5등급
K9 PE 3.3T-GDI AWD 19인치,기아,승용차,일반형,내연기관,휘발유,3342,자동8,213,8.1,5등급
K9 PE 3.8GDI 2WD 18인치(빌트인캠),기아,승용차,일반형,내연기관,휘발유,3778,자동8,194,8.8,5등급
K9 PE 3.8GDI 2WD 19인치(빌트인캠),기아,승용차,일반형,내연기관,휘발유,3778,자동8,198,8.6,5등급
K9 PE 3.8GDI AWD 18인치(빌트인캠),기아,승용차,일반형,내연기관,휘발유,3778,자동8,210,8.2,5등급
K9 PE 3.8GDI AWD 19인치(빌트인캠),기아,승용차,일반형,내연기관,휘발유,3778,자동8,209,8.2,5등급
K9 PE 3.8GDI 2WD 18인치,기아,승용차,일반형,내연기관,휘발유,3778,자동8,192,9,5등급
K9 PE 3.8GDI 2WD 19인치,기아,승용차,일반형,내연기관,휘발유,3778,자동8,196,8.8,5등급
K9 PE 3.8GDI AWD 18인치,기아,승용차,일반형,내연기관,휘발유,3778,자동8,204,8.4,5등급
K9 PE 3.8GDI AWD 19인치,기아,승용차,일반형,내연기관,휘발유,3778,자동8,207,8.3,5등급
K9 PE 3.3GDI 2WD 18인치(빌트인캠),기아,승용차,일반형,내연기관,휘발유,3342,자동8,190,9,5등급
K9 PE 3.3GDI 2WD 19인치(빌트인캠),기아,승용차,일반형,내연기관,휘발유,3342,자동8,200,8.6,5등급
K9 PE 3.3GDI AWD 18인치(빌트인캠),기아,승용차,일반형,내연기관,휘발유,3342,자동8,205,8.4,5등급
K9 PE 3.3GDI AWD 19인치(빌트인캠),기아,승용차,일반형,내연기관,휘발유,3342,자동8,208,8.3,5등급
K9 PE 3.3T-GDI 2WD 19인치(빌트인캠),기아,승용차,일반형,내연기관,휘발유,3342,자동8,200,8.6,5등급
K9 PE 3.3T-GDI AWD 19인치(빌트인캠),기아,승용차,일반형,내연기관,휘발유,3342,자동8,216,8,5등급
Mercedes-AMG GLE63 S 4MATIC + Coupe,벤츠,승용차,다목적형,하이브리드,휘발유,3982,자동9,267,6.7,5등급
재규어 XF P250,재규어,승용차,일반형,내연기관,휘발유,1997,자동8,160,10.3,4등급
재규어 XF P250 AWD,재규어,승용차,일반형,내연기관,휘발유,1997,자동8,167,9.9,4등급
Q7 45 TDI quattro,아우디,승용차,다목적형,하이브리드,경유,2967,자동8,183,10.6,4등급
A8 50 TDI quattro,아우디,승용차,일반형,하이브리드,경유,2967,자동8,170,11.4,4등급
S7 TDI,아우디,승용차,일반형,하이브리드,경유,2967,자동8,168,11.5,4등급
A7 50 TDI quattro,아우디,승용차,일반형,하이브리드,경유,2967,자동8,162,11.9,3등급
Q7 50 TDI quattro,아우디,승용차,다목적형,하이브리드,경유,2967,자동8,177,11,4등급
Q7 45 TDI quattro,아우디,승용차,다목적형,하이브리드,경유,2967,자동8,183,10.6,4등급
S6 TDI,아우디,승용차,일반형,하이브리드,경유,2967,자동8,168,11.5,4등급
Q8 50 TDI quattro,아우디,승용차,다목적형,하이브리드,경유,2967,자동8,187,10.4,4등급
Q8 45 TDI quattro,아우디,승용차,다목적형,하이브리드,경유,2967,자동8,177,10.9,4등급
A7 45 TDI quattro ,아우디,승용차,일반형,하이브리드,경유,2967,자동7,147,13,3등급
A6 45 TDI quattro,아우디,승용차,일반형,하이브리드,경유,2967,자동7,148,12.9,3등급
A6 50 TDI quattro,아우디,승용차,일반형,하이브리드,경유,2967,자동8,165,11.7,3등급
Bentayga V8,벤틀리,승용차,다목적형,내연기관,휘발유,3996,자동8,263,6.7,5등급
MINI Cooper S Convertible,MINI,승용차,일반형,내연기관,휘발유,1998,자동7,140,12,3등급
MINI John Cooper Works Convertible,MINI,승용차,일반형,내연기관,휘발유,1998,자동8,149,11.3,4등급
Bentayga V8,벤틀리,승용차,다목적형,내연기관,휘발유,3996,자동8,263,6.7,5등급
짚 그랜드 체로키 L,크라이슬러,승용차,다목적형,내연기관,휘발유,3604,자동8,220,7.7,5등급
짚 그랜드 체로키 L,크라이슬러,승용차,다목적형,내연기관,휘발유,3604,자동8,220,7.7,5등급
A6 40 TDI,아우디,승용차,일반형,내연기관,경유,1968,자동7,126,15,2등급
A6 40 TDI quattro,아우디,승용차,일반형,내연기관,경유,1968,자동7,133,14.2,2등급
A8 L 50 TDI quattro,아우디,승용차,일반형,하이브리드,경유,2967,자동8,173,11.2,4등급
MINI Cooper Convertible,MINI,승용차,일반형,내연기관,휘발유,1499,자동7,139,12.1,3등급
MINI John Cooper Works,MINI,승용차,일반형,내연기관,휘발유,1998,자동8,148,11.4,4등급
타이칸 터보 S (5인승),포르쉐,승용차,일반형,전기(MCT),전기,0,없음,0,2.8,고속
타이칸 터보 S,포르쉐,승용차,일반형,전기(MCT),전기,0,없음,0,2.8,고속
K3 1.6 T-GDI 5DR 7DCT PE (SUMMER TIRE),기아,승용차,일반형,내연기관,휘발유,1591,자동7,141,11.9,3등급
K3 1.6 가솔린 CVT PE (16인치 타이어),기아,승용차,일반형,내연기관,휘발유,1598,무단변속,114,14.4,2등급
K3 1.6 T-GDI 5DR 7DCT PE (ALL SEASON TIRE),기아,승용차,일반형,내연기관,휘발유,1591,자동7,139,12.1,3등급
아이오닉5 항속형 4WD 19인치,현대,승용차,다목적형,전기(MCT),전기,0,없음,0,4.7,고속
아이오닉5 항속형 4WD 20인치,현대,승용차,다목적형,전기(MCT),전기,0,없음,0,4.5,고속
Mercedes-Benz GLB250 4MATIC (5seater),벤츠,승용차,다목적형,내연기관,휘발유,1991,자동8,174,10.1,4등급
MINI Cooper S,MINI,승용차,일반형,내연기관,휘발유,1998,자동7,136,12.3,3등급
MINI Cooper,MINI,승용차,일반형,내연기관,휘발유,1499,자동7,124,13.4,3등급
MINI Cooper S five-door,MINI,승용차,일반형,내연기관,휘발유,1998,자동7,133,12.6,3등급
MINI Cooper five-door,MINI,승용차,일반형,내연기관,휘발유,1499,자동7,135,12.4,3등급
레인지로버 벨라 P400,랜드로버,승용차,다목적형,하이브리드,휘발유,2996,자동8,190,8.9,5등급
Q5 40 TDI quattro,아우디,승용차,다목적형,내연기관,경유,1968,자동7,150,12.8,3등급
Tiguan 2.0TDI,폭스바겐,승용차,다목적형,내연기관,경유,1968,자동7,121,15.6,2등급
렉서스 LC500 Convertible,토요타,승용차,일반형,내연기관,휘발유,4969,자동10,230,7.5,5등급
Model Y Standard Range,테슬라코리아 유한회사,승용차,다목적형,전기(MCT),전기,0,없음,0,5.6,고속
K8 3.5 GDI 19인치,기아,승용차,일반형,내연기관,휘발유,3470,자동8,165,10.3,4등급
K8 3.5 GDI 18인치,기아,승용차,일반형,내연기관,휘발유,3470,자동8,160,10.6,4등급
K8 3.5 GDI 18인치 (빌트인캠),기아,승용차,일반형,내연기관,휘발유,3470,자동8,162,10.5,4등급
K8 3.5 LPI 18인치,기아,승용차,일반형,내연기관,LPG,3470,자동8,172,7.7,5등급
K8 3.5 LPI 17인치,기아,승용차,일반형,내연기관,LPG,3470,자동8,166,8,5등급
K8 2.5 GDI 18인치,기아,승용차,일반형,내연기관,휘발유,2497,자동8,144,11.7,3등급
K8 2.5 GDI 17인치 (빌트인캠),기아,승용차,일반형,내연기관,휘발유,2497,자동8,141,11.9,3등급
K8 2.5 GDI 17인치,기아,승용차,일반형,내연기관,휘발유,2497,자동8,140,12,3등급
토요타 Sienna Hybrid AWD,토요타,승용차,기타형,하이브리드,휘발유,2487,무단변속,117,13.7,3등급
토요타 Sienna Hybrid 2WD,토요타,승용차,기타형,하이브리드,휘발유,2487,무단변속,109,14.5,2등급
K8 2.5 GDI 19인치,기아,승용차,일반형,내연기관,휘발유,2497,자동8,148,11.4,4등급
Peugeot 5008 2.0 BlueHDi,PSA Automobiles,승용차,다목적형,내연기관,경유,1997,자동8,126,15,2등급
Expedition 3.5 (8인승),포드,승용차,다목적형,내연기관,휘발유,3496,자동10,231,7.4,5등급
Model 3 Long Range,테슬라코리아 유한회사,승용차,일반형,전기(MCT),전기,0,없음,0,5.6,고속
쏘나타(DN8) 1.6 T-GDI 19인치(빌트인캠)_22MY,현대,승용차,일반형,내연기관,휘발유,1598,자동8,134,12.6,3등급
쏘나타(DN8) 1.6 T-GDI 19인치타이어_22MY,현대,승용차,일반형,내연기관,휘발유,1598,자동8,131,12.8,3등급
쏘나타(DN8) 1.6 T-GDI 17인치타이어(빌트인캠)_22MY,현대,승용차,일반형,내연기관,휘발유,1598,자동8,122,13.6,3등급
쏘나타(DN8) 1.6 T-GDI 17인치타이어_22MY,현대,승용차,일반형,내연기관,휘발유,1598,자동8,120,13.8,2등급
쏘나타(DN8) 2.0LPI_18인치타이어_22MY,현대,승용차,일반형,내연기관,LPG,1999,자동6,132,9.9,4등급
쏘나타(DN8) 하이브리드_17인치(빌트인캠)_22MY,현대,승용차,일반형,하이브리드,휘발유,1999,자동6,85,18.8,1등급
쏘나타(DN8) 2.0GDI 하이브리드_17인치타이어_22MY,현대,승용차,일반형,하이브리드,휘발유,1999,자동6,83,19.1,1등급
쏘나타(DN8) 하이브리드_18인치(빌트인캠)_22MY,현대,승용차,일반형,하이브리드,휘발유,1999,자동6,91,17.6,1등급
쏘나타(DN8) 2.0GDI 하이브리드_18인치타이어_22MY,현대,승용차,일반형,하이브리드,휘발유,1999,자동6,88,18,1등급
쏘나타(DN8) 2.0CVVL_17인치타이어_22MY,현대,승용차,일반형,내연기관,휘발유,1999,자동6,131,12.7,3등급
쏘나타(DN8) 2.0CVVL_18인치타이어_22MY,현대,승용차,일반형,내연기관,휘발유,1999,자동6,133,12.5,3등급
디스커버리 D300,랜드로버,승용차,다목적형,하이브리드,경유,2997,자동8,180,10.8,4등급
디스커버리 D250,랜드로버,승용차,다목적형,하이브리드,경유,2997,자동8,180,10.8,4등급
Mercedes-Benz C300 e 4MATIC,벤츠,승용차,일반형,PHEV,전기+휘발유,1991,자동9,57,2.9 / 10.7,PHEV
아이오닉5 항속형 RWD 19인치,현대,승용차,다목적형,전기(MCT),전기,0,없음,0,5.1,고속
"XM3 1.6 (17"" tire) LRRC",르노코리아자동차(주),승용차,기타형,내연기관,휘발유,1598,무단변속,121,13.6,3등급
"XM3 1.3 (17"" tire) LRRC",르노코리아자동차(주),승용차,기타형,내연기관,휘발유,1332,자동7,119,13.8,2등급
디펜더 90 D250,랜드로버,승용차,다목적형,하이브리드,경유,2997,자동8,190,10.2,4등급
디펜더 110 D300,랜드로버,승용차,다목적형,하이브리드,경유,2997,자동8,199,9.8,4등급
디펜더 110 D250,랜드로버,승용차,다목적형,하이브리드,경유,2997,자동8,199,9.8,4등급
"Mercedes-AMG GLA45 4MATIC	",벤츠,승용차,다목적형,내연기관,휘발유,1991,자동8,205,8.6,5등급
"Mercedes-Maybach S580 4MATIC	",벤츠,승용차,일반형,하이브리드,휘발유,3982,자동9,227,7.9,5등급
Mercedes-AMG A35 4MATIC,벤츠,승용차,일반형,내연기관,휘발유,1991,자동7,174,10.1,4등급
아이오닉5 항속형 RWD 20인치,현대,승용차,다목적형,전기(MCT),전기,0,없음,0,4.9,고속
아이오닉5 항속형 RWD 19인치 빌트인캠,현대,승용차,다목적형,전기(MCT),전기,0,없음,0,5.1,고속
"Mercedes-Benz S580 4MATIC	",벤츠,승용차,일반형,하이브리드,휘발유,3982,자동9,227,7.9,5등급
Mercedes-Benz GLB250 4MATIC,벤츠,승용차,다목적형,내연기관,휘발유,1991,자동8,174,10.1,4등급
Mercedes-Benz GLB220,벤츠,승용차,다목적형,내연기관,휘발유,1991,자동8,164,10.6,4등급
Mercedes-Maybach S580 4MATIC (4 Seater),벤츠,승용차,일반형,하이브리드,휘발유,3982,자동9,227,7.9,5등급
A6 45 TFSI quattro,아우디,승용차,일반형,내연기관,휘발유,1984,자동7,159,10.8,4등급
A6 45 TFSI,아우디,승용차,일반형,내연기관,휘발유,1984,자동7,156,10.9,4등급
A4 35 TDI,아우디,승용차,일반형,내연기관,경유,1968,자동7,110,16.9,1등급
A4 40 TDI quattro,아우디,승용차,일반형,내연기관,경유,1968,자동7,120,15.6,2등급
RS Q8,아우디,승용차,다목적형,하이브리드,휘발유,3996,자동8,265,6.6,5등급
코란도 1.6 디젤 6MT 2WD SCR Step2,쌍용,승용차,기타형,내연기관,경유,1597,수동6,117,16,1등급
코란도 1.6 디젤 6AT 2WD SCR Step2 17인치 타이어,쌍용,승용차,기타형,내연기관,경유,1597,자동6,132,14.3,2등급
코란도 1.6 디젤 6AT 2WD SCR Step2 19인치 타이어,쌍용,승용차,기타형,내연기관,경유,1597,자동6,134,14.2,2등급
코란도 1.6 디젤 6AT AWD SCR Step2,쌍용,승용차,기타형,내연기관,경유,1597,자동6,135,14.1,2등급
Grand C4 Spacetourer 1.5 BlueHDi,PSA Automobiles,승용차,일반형,내연기관,경유,1499,자동8,123,15.2,2등급
DS3 Crossback 1.5 BlueHDi,PSA Automobiles,승용차,다목적형,내연기관,경유,1499,자동8,119,15.7,2등급
페라리 Portofino M,페라리,승용차,일반형,내연기관,휘발유,3855,자동8,231,7.6,5등급
Peugeot 308 1.5 BlueHDi,PSA Automobiles,승용차,일반형,내연기관,경유,1499,자동8,109,17.1,1등급
Peugeot 5008 1.5 BlueHDi,PSA Automobiles,승용차,다목적형,내연기관,경유,1499,자동8,126,14.9,2등급
C3 Aircross 1.5 BlueHDi,PSA Automobiles,승용차,다목적형,내연기관,경유,1499,자동6,122,15.4,2등급
C5 Aircross 1.5 BlueHDi_(18inch tire),PSA Automobiles,승용차,다목적형,내연기관,경유,1499,자동8,118,15.8,2등급
Peugeot 508SW 1.5 BlueHDi_(19inch tire),PSA Automobiles,승용차,일반형,내연기관,경유,1499,자동8,120,15.6,2등급
Peugeot 508SW 1.5 BlueHDi_(18inch tire),PSA Automobiles,승용차,일반형,내연기관,경유,1499,자동8,108,17.2,1등급
Peugeot 508 1.5 BlueHDi_(19inch tire),PSA Automobiles,승용차,일반형,내연기관,경유,1499,자동8,120,15.6,2등급
Peugeot 508 1.5 BlueHDi_(18inch tire),PSA Automobiles,승용차,일반형,내연기관,경유,1499,자동8,108,17.2,1등급
DS7 Crossback 1.5 BlueHDi,PSA Automobiles,승용차,다목적형,내연기관,경유,1499,자동8,126,14.9,2등급
Peugeot 3008 1.5 BlueHDi,PSA Automobiles,승용차,다목적형,내연기관,경유,1499,자동8,118,15.8,2등급
C5 Aircross 1.5 BlueHDi_(19inch tire),PSA Automobiles,승용차,다목적형,내연기관,경유,1499,자동8,119,15.8,2등급
MG ZS EV,(주) 케이모터,승용차,다목적형,전기(MCT),전기,0,없음,0,4.3,고속
Mercedes-Benz S350 d,벤츠,승용차,일반형,내연기관,경유,2925,자동9,161,12,3등급
Mercedes-Benz GLA220,벤츠,승용차,다목적형,내연기관,휘발유,1991,자동8,158,11,4등급
"Mercedes-AMG GLE53 4MATIC+	",벤츠,승용차,다목적형,하이브리드,휘발유,2999,자동9,220,8.3,5등급
"Mercedes-Benz GLE450 4MATIC (5 Seater)	",벤츠,승용차,다목적형,하이브리드,휘발유,2999,자동9,220,8.3,5등급
Mercedes-Benz GLE450 4MATIC,벤츠,승용차,다목적형,하이브리드,휘발유,2999,자동9,220,8.3,5등급
Mercedes-AMG GLE53 4MATIC+ Coupe,벤츠,승용차,다목적형,하이브리드,휘발유,2999,자동9,220,8.3,5등급
"Mercedes-AMG GT43 4MATIC+	",벤츠,승용차,일반형,하이브리드,휘발유,2999,자동9,212,8.6,5등급
Mercedes-Maybach GLS600,벤츠,승용차,다목적형,하이브리드,휘발유,3982,자동9,277,6.6,5등급
Mercedes-Benz GLS580 4MATIC,벤츠,승용차,다목적형,하이브리드,휘발유,3982,자동9,277,6.6,5등급
Mercedes-Maybach GLS600 (4 Seater),벤츠,승용차,다목적형,하이브리드,휘발유,3982,자동9,277,6.6,5등급
디스커버리 P360,랜드로버,승용차,다목적형,하이브리드,휘발유,2996,자동8,227,7.5,5등급
디펜더 110 P300,랜드로버,승용차,다목적형,내연기관,휘발유,1997,자동8,223,7.6,5등급
디펜더 110 P300,랜드로버,승용차,다목적형,내연기관,휘발유,1997,자동8,223,7.6,5등급
SQ5 TFSI,아우디,승용차,다목적형,내연기관,휘발유,2995,자동8,201,8.6,5등급
RS 5 Sportback,아우디,승용차,일반형,내연기관,휘발유,2894,자동8,203,8.6,5등급
"Mercedes-Benz S400 d 4MATIC	",벤츠,승용차,일반형,내연기관,경유,2925,자동9,170,11.4,4등급
RS 7,아우디,승용차,일반형,하이브리드,휘발유,3996,자동8,239,7.4,5등급
A5 Sportback 35 TDI,아우디,승용차,일반형,내연기관,경유,1968,자동7,114,16.3,1등급
RS 6 Avant,아우디,승용차,일반형,하이브리드,휘발유,3996,자동8,250,7,5등급
A5 Sportback 40 TDI quattro,아우디,승용차,일반형,내연기관,경유,1968,자동7,125,15,2등급
Lincoln Navigator 3.5,포드,승용차,다목적형,내연기관,휘발유,3496,자동10,238,7.2,5등급
Expedition 3.5,포드,승용차,다목적형,내연기관,휘발유,3496,자동10,231,7.4,5등급
Lincoln Navigator 3.5 (8인승),포드,승용차,다목적형,내연기관,휘발유,3496,자동10,238,7.2,5등급
"Mercedes-Benz CLA250 4MATIC	",벤츠,승용차,일반형,내연기관,휘발유,1991,자동7,156,11.2,4등급
"Mercedes-Benz A250 4MATIC	",벤츠,승용차,일반형,내연기관,휘발유,1991,자동7,156,11.2,4등급
"Mercedes-Benz G400 d	",벤츠,승용차,다목적형,내연기관,경유,2925,자동9,233,8.4,5등급
"Mercedes-Benz A220	",벤츠,승용차,일반형,내연기관,휘발유,1991,자동7,151,11.5,4등급
레인지로버 벨라 P250,랜드로버,승용차,다목적형,내연기관,휘발유,1997,자동8,197,8.6,5등급
718 카이맨 GTS 4.0,포르쉐,승용차,일반형,내연기관,휘발유,3995,자동7,208,8.4,5등급
718 박스터 GTS 4.0,포르쉐,승용차,일반형,내연기관,휘발유,3995,자동7,208,8.4,5등급
캐딜락 XT4,GM,승용차,다목적형,내연기관,휘발유,1998,자동9,173,10,4등급
ACCORD 1.5T,혼다,승용차,일반형,내연기관,휘발유,1498,무단변속,118,13.9,2등급
ACCORD HYBRID,혼다,승용차,일반형,하이브리드,휘발유,1993,무단변속,91,17.5,1등급
렉서스 UX250h AWD,토요타,승용차,다목적형,하이브리드,휘발유,1987,무단변속,105,15,2등급
GR Supra,토요타,승용차,일반형,내연기관,휘발유,2998,자동8,165,10.2,4등급
"셀토스 1.6디젤 4WD 18"" 타이어 (21)",기아,승용차,다목적형,내연기관,경유,1598,자동7,132,14.3,2등급
"셀토스 1.6디젤 4WD 17"" 타이어 (21)",기아,승용차,다목적형,내연기관,경유,1598,자동7,127,14.8,2등급
"셀토스 1.6디젤 4WD 16"" 타이어 (21)",기아,승용차,다목적형,내연기관,경유,1598,자동7,123,15.3,2등급
"셀토스 1.6디젤 2WD 18"" 타이어 (21)",기아,승용차,다목적형,내연기관,경유,1598,자동7,116,16.1,1등급
"셀토스 1.6디젤 2WD 17"" 타이어 (21)",기아,승용차,다목적형,내연기관,경유,1598,자동7,111,16.7,1등급
"셀토스 1.6디젤 2WD 16"" 타이어 (21)",기아,승용차,다목적형,내연기관,경유,1598,자동7,109,17.1,1등급
팰리세이드 2.2 디젤 2WD 7인 20인치 (21),현대,승용차,다목적형,내연기관,경유,2199,자동8,164,11.7,3등급
팰리세이드 2.2 디젤 AWD 7인 18인치 (21),현대,승용차,다목적형,내연기관,경유,2199,자동8,170,11.4,4등급
팰리세이드 2.2 디젤 AWD 7인 20인치 (21),현대,승용차,다목적형,내연기관,경유,2199,자동8,171,11.3,4등급
팰리세이드 2.2 디젤 2WD 7인 18인치 (21),현대,승용차,다목적형,내연기관,경유,2199,자동8,155,12.4,3등급
팰리세이드 2.2 디젤 2WD 8인 18인치 (21),현대,승용차,다목적형,내연기관,경유,2199,자동8,159,12.1,3등급
팰리세이드 2.2 디젤 2WD 8인 20인치 (21),현대,승용차,다목적형,내연기관,경유,2199,자동8,164,11.7,3등급
팰리세이드 2.2 디젤 AWD 8인 18인치 (21),현대,승용차,다목적형,내연기관,경유,2199,자동8,170,11.4,4등급
팰리세이드 2.2 디젤 AWD 8인 20인치 (21),현대,승용차,다목적형,내연기관,경유,2199,자동8,171,11.3,4등급
모하비 3.0 디젤 4WD 6인 18인치타이어 (21),기아,승용차,다목적형,내연기관,경유,2959,자동8,210,9.4,4등급
모하비 3.0 디젤 4WD 6인 20인치타이어 (21),기아,승용차,다목적형,내연기관,경유,2959,자동8,214,9.2,5등급
모하비 3.0 디젤 4WD 5인 20인치타이어 (21),기아,승용차,다목적형,내연기관,경유,2959,자동8,212,9.3,5등급
모하비 3.0 디젤 4WD 7인 20인치타이어 (21),기아,승용차,다목적형,내연기관,경유,2959,자동8,214,9.2,5등급
모하비 3.0 디젤 4WD 5인 18인치타이어 (21),기아,승용차,다목적형,내연기관,경유,2959,자동8,210,9.4,4등급
모하비 3.0 디젤 4WD 7인 18인치타이어 (21),기아,승용차,다목적형,내연기관,경유,2959,자동8,212,9.3,5등급
"카니발 2.2디젤 하이리무진 9인승(18""/19""타이어)",기아,승용차,기타형,내연기관,경유,2151,자동8,169,11.5,4등급
"카니발 2.2디젤 하이리무진 7인승(19""타이어)",기아,승용차,기타형,내연기관,경유,2151,자동8,176,11,4등급
렉서스 LS500 AWD,토요타,승용차,일반형,내연기관,휘발유,3445,자동10,220,7.9,5등급
렉서스 LS500h AWD,토요타,승용차,일반형,하이브리드,휘발유,3456,무단변속,175,9.6,4등급
다니고VAN,(주)대창모터스,화물차,밴형,전기,전기,0,없음,0,3.6,고속
BMW 330i xDrive,BMW,승용차,일반형,내연기관,휘발유,1998,자동8,152,11.2,4등급
카이엔 E-하이브리드,포르쉐,승용차,다목적형,PHEV,전기+휘발유,2995,자동8,55,1.8 / 8,PHEV
카이엔 E-하이브리드 COUPE,포르쉐,승용차,다목적형,PHEV,전기+휘발유,2995,자동8,55,1.8 / 8,PHEV
카이엔 E-하이브리드 COUPE (5인승),포르쉐,승용차,다목적형,PHEV,전기+휘발유,2995,자동8,55,1.8 / 8,PHEV
Q8 55 TFSI quattro,아우디,승용차,다목적형,하이브리드,휘발유,2995,자동8,222,7.9,5등급
파나메라 터보 S,포르쉐,승용차,일반형,내연기관,휘발유,3996,자동8,246,7.1,5등급
파나메라 터보 S (5인승),포르쉐,승용차,일반형,내연기관,휘발유,3996,자동8,246,7.1,5등급
파나메라 4 (5인승),포르쉐,승용차,일반형,내연기관,휘발유,2894,자동8,217,8,5등급
파나메라 4,포르쉐,승용차,일반형,내연기관,휘발유,2894,자동8,217,8,5등급
파나메라 4 이그제큐티브,포르쉐,승용차,일반형,내연기관,휘발유,2894,자동8,217,8,5등급
스포티지 1.6디젤 4WD (PE/19“ 타이어)(21),기아,승용차,다목적형,내연기관,경유,1598,자동7,144,13.2,3등급
스포티지 1.6디젤 4WD (PE/18“ 타이어)(21),기아,승용차,다목적형,내연기관,경유,1598,자동7,137,13.9,2등급
스포티지 1.6디젤 4WD (PE/17“ 타이어)(21),기아,승용차,다목적형,내연기관,경유,1598,자동7,135,14,2등급
스포티지 1.6디젤 2WD (PE/19“ 타이어)(21),기아,승용차,다목적형,내연기관,경유,1598,자동7,126,14.9,2등급
스포티지 1.6디젤 2WD (PE/18“ 타이어)(21),기아,승용차,다목적형,내연기관,경유,1598,자동7,124,15.2,2등급
스포티지 1.6디젤 2WD (PE/17“ 타이어)(21),기아,승용차,다목적형,내연기관,경유,1598,자동7,118,15.8,2등급
BMW 330i,BMW,승용차,일반형,내연기관,휘발유,1998,자동8,143,11.8,3등급
S5 Sportback TFSI,아우디,승용차,일반형,내연기관,휘발유,2995,자동8,189,9.2,5등급
Q3 Sportback 35 TDI quattro,아우디,승용차,다목적형,내연기관,경유,1968,자동7,135,14,2등급
Q3 35 TDI quattro,아우디,승용차,다목적형,내연기관,경유,1968,자동7,134,14.2,2등급
짚 랭글러 아일랜더,크라이슬러,승용차,다목적형,내연기관,휘발유,1995,자동8,193,9,5등급
"렉스턴 2.2 8AT 4WD SCR Step2 7인승 ISG			",쌍용,승용차,다목적형,내연기관,경유,2157,자동8,175,11.1,4등급
"렉스턴 2.2 8AT 2WD SCR Step2 7인승 ISG				",쌍용,승용차,다목적형,내연기관,경유,2157,자동8,167,11.6,3등급
"렉스턴 2.2 8AT 2WD SCR Step2 5인승 ISG				",쌍용,승용차,다목적형,내연기관,경유,2157,자동8,167,11.6,3등급
"렉스턴 2.2 8AT 4WD SCR Step2 5인승 ISG			",쌍용,승용차,다목적형,내연기관,경유,2157,자동8,175,11.1,4등급
Jetta 1.4 TSI,폭스바겐,승용차,일반형,내연기관,휘발유,1395,자동8,126,13.4,3등급
Tiguan 2.0TDI 4Motion,폭스바겐,승용차,다목적형,내연기관,경유,1968,자동7,142,13.4,3등급
T-Roc 2.0TDI,폭스바겐,승용차,다목적형,내연기관,경유,1968,자동7,112,16.5,1등급
Mercedes-Benz C220 d 4MATIC,벤츠,승용차,일반형,내연기관,경유,1950,자동9,140,13.6,3등급
Mercedes-AMG GLB35 4MATIC,벤츠,승용차,다목적형,내연기관,휘발유,1991,자동8,188,9.5,4등급
Mercedes-AMG C43 4MATIC Coupe,벤츠,승용차,일반형,내연기관,휘발유,2996,자동9,211,8.6,5등급
D2C(D2C13),쎄미시스코,화물차,화물,전기,전기,0,없음,0,5.4,고속
토요타 Camry Hybrid,토요타,승용차,일반형,하이브리드,휘발유,2487,무단변속,91,17.1,1등급
토요타 Avalon Hybrid,토요타,승용차,일반형,하이브리드,휘발유,2487,무단변속,92,17,1등급
BMW 420i Convertible,BMW,승용차,일반형,내연기관,휘발유,1998,자동8,149,11.4,4등급
파나메라 GTS,포르쉐,승용차,일반형,내연기관,휘발유,3996,자동8,247,7.1,5등급
파나메라 GTS (5인승),포르쉐,승용차,일반형,내연기관,휘발유,3996,자동8,247,7.1,5등급
토요타 Camry Hybrid LE,토요타,승용차,일반형,하이브리드,휘발유,2487,무단변속,84,18.5,1등급
BMW 430i Convertible,BMW,승용차,일반형,내연기관,휘발유,1998,자동8,150,11.3,4등급
BMW M4 Competition,BMW,승용차,일반형,내연기관,휘발유,2993,자동8,206,8.3,5등급
BMW M3 Competition,BMW,승용차,일반형,내연기관,휘발유,2993,자동8,208,8.3,5등급
Mercedes-AMG GT-R,벤츠,승용차,일반형,내연기관,휘발유,3982,자동7,248,7,5등급
Mercedes-Benz GLA220,벤츠,승용차,다목적형,내연기관,휘발유,1991,자동8,150,11.5,4등급
Mercedes-Benz A200 d,벤츠,승용차,일반형,내연기관,경유,1950,자동8,116,16.1,1등급
Mercedes-Benz GLB 220,벤츠,승용차,다목적형,내연기관,휘발유,1991,자동8,165,10.8,4등급
Mercedes-AMG G63,벤츠,승용차,다목적형,내연기관,휘발유,3982,자동9,319,5.7,5등급
Mercedes-Benz A220 Sedan,벤츠,승용차,일반형,내연기관,휘발유,1991,자동7,149,11.9,3등급
Mercedes-Benz A220,벤츠,승용차,일반형,내연기관,휘발유,1991,자동7,149,11.9,3등급
Mercedes-AMG G63(Standard),벤츠,승용차,다목적형,내연기관,휘발유,3982,자동9,319,5.7,5등급
Mercedes-Benz GLB 200 d,벤츠,승용차,다목적형,내연기관,경유,1950,자동8,133,14.2,2등급
Q5 45 TFSI quattro,아우디,승용차,다목적형,내연기관,휘발유,1984,자동7,168,10.2,4등급
BMW 840d xDrive Gran Coupe,BMW,승용차,일반형,하이브리드,경유,2993,자동8,150,12.8,3등급
BMW M440i xDrive,BMW,승용차,일반형,내연기관,휘발유,2998,자동8,165,10.4,4등급
Flying Spur V8,벤틀리,승용차,일반형,내연기관,휘발유,3996,자동8,258,6.8,5등급
Flying Spur V8,벤틀리,승용차,일반형,내연기관,휘발유,3996,자동8,258,6.8,5등급
Mercedes-AMG GT63 S 4MATIC+,벤츠,승용차,일반형,내연기관,휘발유,3982,자동9,246,7.2,5등급
Mercedes-AMG GT63 S 4MATIC+ (5 seater),벤츠,승용차,일반형,내연기관,휘발유,3982,자동9,246,7.2,5등급
Model Y Long Range,테슬라코리아 유한회사,승용차,다목적형,전기(MCT),전기,0,없음,0,5.4,고속
Model Y Performance,테슬라코리아 유한회사,승용차,다목적형,전기(MCT),전기,0,없음,0,4.8,고속
BMW 320d,BMW,승용차,일반형,내연기관,경유,1995,자동8,126,14.9,2등급
BMW 320d xDrive,BMW,승용차,일반형,내연기관,경유,1995,자동8,134,14.1,2등급
Ranger Raptor,포드,화물차,화물,내연기관,경유,1996,자동10,221,8.9,5등급
Ranger Wildtrak,포드,화물차,화물,내연기관,경유,1996,자동10,195,10,4등급
"QM6 New 2.0 DIESEL (4WD 19"" Tire)",르노코리아자동차(주),승용차,다목적형,내연기관,경유,1997,무단변속,152,12.5,3등급
"QM6 New 2.0 DIESEL (4WD 18"" Tire)",르노코리아자동차(주),승용차,다목적형,내연기관,경유,1997,무단변속,150,12.7,3등급
Mercedes-Benz GLC300 4MATIC Coupe,벤츠,승용차,다목적형,내연기관,휘발유,1991,자동9,194,9.2,5등급
포트로 탑(HMT-250T),(주)디피코,화물차,기타형,전기,전기,0,없음,0,4.2,고속
포트로 픽업(HMT-250P),(주)디피코,화물차,기타형,전기,전기,0,없음,0,4.2,고속
타이칸 4S,포르쉐,승용차,일반형,전기(MCT),전기,0,없음,0,3,고속
타이칸 4S (5인승),포르쉐,승용차,일반형,전기(MCT),전기,0,없음,0,3,고속
Mercedes-Benz GLB250 4MATIC (7seater),벤츠,승용차,다목적형,내연기관,휘발유,1991,자동8,170,10.5,4등급
트랙스 1.4,한국지엠,승용차,기타형,내연기관,휘발유,1399,자동6,148,11.4,4등급
Model Y Long Range,테슬라코리아 유한회사,승용차,다목적형,전기(MCT),전기,0,없음,0,5.4,고속
마세라티 르반떼 S,마세라티,승용차,다목적형,내연기관,휘발유,2979,자동8,241,7,5등급
마세라티 기블리,마세라티,승용차,일반형,내연기관,휘발유,2979,자동8,237,7.1,5등급
마세라티 콰트로포르테 350,마세라티,승용차,일반형,내연기관,휘발유,2979,자동8,226,7.4,5등급
마세라티 기블리 S Q4,마세라티,승용차,일반형,내연기관,휘발유,2979,자동8,252,6.7,5등급
티볼리 에어 가솔린 1.5 AT 2WD  18인치 타이어,쌍용,승용차,기타형,내연기관,휘발유,1497,자동6,142,11.8,3등급
티볼리 에어 가솔린 1.5 AT 2WD  17인치 타이어,쌍용,승용차,기타형,내연기관,휘발유,1497,자동6,141,11.9,3등급
티볼리 에어 가솔린 1.5 AT 2WD  16인치 타이어,쌍용,승용차,기타형,내연기관,휘발유,1497,자동6,139,12,3등급
마세라티 르반떼,마세라티,승용차,다목적형,내연기관,휘발유,2979,자동8,241,7,5등급
마세라티 르반떼 GTS,마세라티,승용차,다목적형,내연기관,휘발유,3799,자동8,291,5.8,5등급
마세라티 르반떼 트로페오,마세라티,승용차,다목적형,내연기관,휘발유,3799,자동8,291,5.8,5등급
마세라티 콰트로포르테 S Q4,마세라티,승용차,일반형,내연기관,휘발유,2979,자동8,259,6.5,5등급
렉서스 UX250h 2WD,토요타,승용차,다목적형,하이브리드,휘발유,1987,무단변속,93,16.7,1등급
Model 3 Long Range,테슬라코리아 유한회사,승용차,일반형,전기(MCT),전기,0,없음,0,5.6,고속
Model 3 Standard Range Plus RWD,테슬라코리아 유한회사,승용차,일반형,전기(MCT),전기,0,없음,0,6.1,고속
Model 3 Performance,테슬라코리아 유한회사,승용차,일반형,전기(MCT),전기,0,없음,0,5.1,고속
코나(OS PE) 2.0 가솔린 2WD_17인치타이어,현대,승용차,다목적형,내연기관,휘발유,1999,무단변속,128,13.2,3등급
코나(OS PE) 2.0 가솔린 2WD_18인치타이어,현대,승용차,다목적형,내연기관,휘발유,1999,무단변속,131,12.8,3등급
코나(OS PE) 2.0 가솔린 4WD_16/17인치타이어,현대,승용차,다목적형,내연기관,휘발유,1999,무단변속,142,11.8,3등급
코나(OS PE) 2.0 가솔린 4WD_18인치타이어,현대,승용차,다목적형,내연기관,휘발유,1999,무단변속,145,11.6,3등급
코나(OS PE) 2.0 가솔린 2WD_16인치타이어,현대,승용차,다목적형,내연기관,휘발유,1999,무단변속,122,13.6,3등급
플러스(PLUS),(주) 한신자동차,화물차,일반형,전기(MCT),전기,0,없음,0,2.5,고속
LEAF PLUS,닛산,승용차,일반형,전기(MCT),전기,0,없음,0,4.8,고속
LEAF,닛산,승용차,일반형,전기(MCT),전기,0,없음,0,5.2,고속
Mercedes-AMG C63 S Coupe,벤츠,승용차,일반형,내연기관,휘발유,3982,자동9,220,8.3,5등급
GV70 3.5T-GDI AWD 19인치(빌트인캠),현대,승용차,다목적형,내연기관,휘발유,3470,자동8,202,8.5,5등급
GV70 3.5T-GDI AWD 19인치,현대,승용차,다목적형,내연기관,휘발유,3470,자동8,200,8.6,5등급
GV70 2.2디젤 AWD 21인치,현대,승용차,다목적형,내연기관,경유,2151,자동8,161,12,3등급
GV70 2.2디젤 AWD 19인치,현대,승용차,다목적형,내연기관,경유,2151,자동8,155,12.4,3등급
GV70 2.2디젤 2WD 21인치,현대,승용차,다목적형,내연기관,경유,2151,자동8,152,12.6,3등급
GV70 2.2디젤 2WD 19인치,현대,승용차,다목적형,내연기관,경유,2151,자동8,145,13.2,3등급
GV70 2.5T-GDI AWD 21인치,현대,승용차,다목적형,내연기관,휘발유,2497,자동8,186,9.2,5등급
GV70 2.5T-GDI AWD 19인치,현대,승용차,다목적형,내연기관,휘발유,2497,자동8,176,9.7,4등급
GV70 2.5T-GDI 2WD 21인치,현대,승용차,다목적형,내연기관,휘발유,2497,자동8,173,9.8,4등급
GV70 2.5T-GDI 2WD 19인치,현대,승용차,다목적형,내연기관,휘발유,2497,자동8,170,10,4등급
GV70 3.5T-GDI AWD 21인치,현대,승용차,다목적형,내연기관,휘발유,3470,자동8,207,8.3,5등급
GV70 2.2디젤 AWD 21인치 (스포츠패키지),현대,승용차,다목적형,내연기관,경유,2151,자동8,161,12,3등급
GV70 2.2디젤 AWD 19인치 (스포츠패키지),현대,승용차,다목적형,내연기관,경유,2151,자동8,155,12.4,3등급
GV70 2.2디젤 AWD 18인치(빌트인캠),현대,승용차,다목적형,내연기관,경유,2151,자동8,150,12.8,3등급
GV70 2.2디젤 AWD 18인치,현대,승용차,다목적형,내연기관,경유,2151,자동8,149,12.9,3등급
GV70 2.2디젤 2WD 21인치 (스포츠패키지),현대,승용차,다목적형,내연기관,경유,2151,자동8,152,12.6,3등급
GV70 2.2디젤 2WD 19인치 (스포츠패키지),현대,승용차,다목적형,내연기관,경유,2151,자동8,145,13.2,3등급
GV70 2.2디젤 2WD 18인치 (빌트인캠),현대,승용차,다목적형,내연기관,경유,2151,자동8,141,13.5,3등급
GV70 2.2디젤 2WD 18인치,현대,승용차,다목적형,내연기관,경유,2151,자동8,140,13.6,3등급
GV70 2.5T-GDI AWD 21인치 (스포츠패키지),현대,승용차,다목적형,내연기관,휘발유,2497,자동8,186,9.2,5등급
GV70 2.5T-GDI AWD 19인치 (스포츠패키지),현대,승용차,다목적형,내연기관,휘발유,2497,자동8,176,9.7,4등급
GV70 2.5T-GDI AWD 18인치(빌트인캠),현대,승용차,다목적형,내연기관,휘발유,2497,자동8,176,9.7,4등급
GV70 2.5T-GDI AWD 18인치,현대,승용차,다목적형,내연기관,휘발유,2497,자동8,174,9.8,4등급
GV70 2.5T-GDI 2WD 21인치 (스포츠패키지),현대,승용차,다목적형,내연기관,휘발유,2497,자동8,173,9.8,4등급
GV70 2.5T-GDI 2WD 19인치 (스포츠패키지),현대,승용차,다목적형,내연기관,휘발유,2497,자동8,170,10,4등급
GV70 2.5T-GDI 2WD 18인치(빌트인캠),현대,승용차,다목적형,내연기관,휘발유,2497,자동8,160,10.6,4등급
GV70 2.5T-GDI 2WD 18인치,현대,승용차,다목적형,내연기관,휘발유,2497,자동8,158,10.7,4등급
GV70 3.5T-GDI AWD 21인치[썸머](스포츠패키지),현대,승용차,다목적형,내연기관,휘발유,3470,자동8,210,8.2,5등급
GV70 3.5T-GDI AWD 21인치 (스포츠패키지),현대,승용차,다목적형,내연기관,휘발유,3470,자동8,207,8.3,5등급
카니발 3.5GDI 하이리무진 7인승 19인치,기아,승용차,기타형,내연기관,휘발유,3470,자동8,205,8.4,5등급
카니발 3.5GDI 하이리무진 4인승 (19인치/20인치),기아,승용차,기타형,내연기관,휘발유,3470,자동8,205,8.4,5등급
카니발 3.5GDI 하이리무진 9인승 19인치,기아,승용차,기타형,내연기관,휘발유,3470,자동8,196,8.7,5등급
Explorer 3.0,포드,승용차,다목적형,내연기관,휘발유,2956,자동10,205,8.3,5등급
A4 45 TFSI quattro,아우디,승용차,일반형,내연기관,휘발유,1984,자동7,164,10.5,4등급
짚 체로키 2.4 FWD,크라이슬러,승용차,다목적형,내연기관,휘발유,2360,자동9,172,10,4등급
911 터보 S 카브리올레,포르쉐,승용차,일반형,내연기관,휘발유,3745,자동8,257,6.8,5등급
911 터보 S,포르쉐,승용차,일반형,내연기관,휘발유,3745,자동8,257,6.8,5등급
S4 TFSI,아우디,승용차,일반형,내연기관,휘발유,2995,자동8,175,9.9,4등급
A8 L 55 TFSI quattro,아우디,승용차,일반형,하이브리드,휘발유,2995,자동8,201,8.7,5등급
Touareg 3.0 TDI,폭스바겐,승용차,다목적형,내연기관,경유,2967,자동8,188,10.3,4등급
e-tron Sportback 50 quattro,아우디,승용차,다목적형,전기(MCT),전기,0,없음,0,3,고속
e-tron 50 quattro,아우디,승용차,다목적형,전기(MCT),전기,0,없음,0,2.9,고속
Rolls Royce Ghost EWB,롤스로이스,승용차,일반형,내연기관,휘발유,6749,자동8,300,5.8,5등급
Rolls Royce Ghost,롤스로이스,승용차,일반형,내연기관,휘발유,6749,자동8,308,5.7,5등급
BMW 320i,BMW,승용차,일반형,내연기관,휘발유,1998,자동8,142,11.8,3등급
Rolls Royce Ghost EWB,롤스로이스,승용차,일반형,내연기관,휘발유,6749,자동8,300,5.8,5등급
Rolls Royce Ghost,롤스로이스,승용차,일반형,내연기관,휘발유,6749,자동8,308,5.7,5등급
Touareg 4.0 TDI,폭스바겐,승용차,다목적형,내연기관,경유,3956,자동8,216,9.1,5등급
Mercedes-Benz GLC300 4MATIC,벤츠,승용차,다목적형,내연기관,휘발유,1991,자동9,194,9.2,5등급
Mercedes-Benz C200 Coupe,벤츠,승용차,일반형,내연기관,휘발유,1991,자동9,158,10.8,4등급
Mercedes-AMG A35 4MATIC (NEW),벤츠,승용차,일반형,내연기관,휘발유,1991,자동7,174,10.3,4등급
재규어 F-Type P300 Convertible,재규어,승용차,일반형,내연기관,휘발유,1997,자동8,172,9.8,4등급
재규어 F-Type P300 Coupe,재규어,승용차,일반형,내연기관,휘발유,1997,자동8,172,9.8,4등급
타이칸 4S (High),포르쉐,승용차,일반형,전기(MCT),전기,0,없음,0,2.9,고속
"타이칸 4S (High, 5인승)",포르쉐,승용차,일반형,전기(MCT),전기,0,없음,0,2.9,고속
포트로(HMT-101),(주)디피코,화물차,기타형,전기,전기,0,없음,0,3.8,고속
짚 레니게이드 2.4 FWD,크라이슬러,승용차,다목적형,내연기관,휘발유,2360,자동9,174,9.8,4등급
짚 체로키 2.4 AWD,크라이슬러,승용차,다목적형,내연기관,휘발유,2360,자동9,184,9.3,5등급
K5(DL3) 2.0GDI 하이브리드_18인치(빌트인캠),기아,승용차,일반형,하이브리드,휘발유,1999,자동6,91,17.6,1등급
K5(DL3) 2.0GDI 하이브리드_18인치타이어,기아,승용차,일반형,하이브리드,휘발유,1999,자동6,88,18,1등급
K5(DL3) 2.0CVVL_18인치(빌트인캠),기아,승용차,일반형,내연기관,휘발유,1999,자동6,133,12.5,3등급
K5(DL3) 2.0CVVL_17인치(빌트인캠),기아,승용차,일반형,내연기관,휘발유,1999,자동6,130,12.8,3등급
K5(DL3) 1.6T-GDI_19인치(빌트인캠),기아,승용차,일반형,내연기관,휘발유,1598,자동8,132,12.6,3등급
K5(DL3) 1.6T-GDI_17인치(빌트인캠)_21MY,기아,승용차,일반형,내연기관,휘발유,1598,자동8,123,13.5,3등급
K5(DL3) 1.6T-GDI_17인치타이어_21MY,기아,승용차,일반형,내연기관,휘발유,1598,자동8,122,13.6,3등급
S5 Coupe TFSI,아우디,승용차,일반형,내연기관,휘발유,2995,자동8,183,9.5,4등급
A4 40 TFSI,아우디,승용차,일반형,내연기관,휘발유,1984,자동7,144,11.8,3등급
Aventador S Coupe,람보르기니,승용차,일반형,내연기관,휘발유,6498,자동7,438,4.1,5등급
MINI Cooper S Countryman ALL4,MINI,승용차,다목적형,내연기관,휘발유,1998,자동8,159,10.7,4등급
Aventador SVJ Roadster,람보르기니,승용차,일반형,내연기관,휘발유,6498,자동7,425,4.2,5등급
BMW X7 xDrive40d,BMW,승용차,다목적형,하이브리드,경유,2993,자동8,184,10.5,4등급
BMW X4 xDrive30d,BMW,승용차,다목적형,하이브리드,경유,2993,자동8,157,12.3,3등급
BMW X3 xDrive30d,BMW,승용차,다목적형,하이브리드,경유,2993,자동8,155,12.4,3등급
Aventador S Roadster,람보르기니,승용차,일반형,내연기관,휘발유,6498,자동7,423,4.2,5등급
BMW X6 xDrive30d,BMW,승용차,다목적형,하이브리드,경유,2993,자동8,178,10.9,4등급
BMW X5 xDrive30d,BMW,승용차,다목적형,하이브리드,경유,2993,자동8,181,10.7,4등급
Aventador SVJ Coupe,람보르기니,승용차,일반형,내연기관,휘발유,6498,자동7,390,4.6,5등급
BMW 640i xDrive,BMW,승용차,일반형,내연기관,휘발유,2998,자동8,179,9.6,4등급
BMW 620d xDrive,BMW,승용차,일반형,내연기관,경유,1995,자동8,145,13.2,3등급
BMW X7 xDrive40d,BMW,승용차,다목적형,하이브리드,경유,2993,자동8,184,10.5,4등급
BMW 620d,BMW,승용차,일반형,내연기관,경유,1995,자동8,151,12.7,3등급
BMW 630d xDrive,BMW,승용차,일반형,하이브리드,경유,2993,자동8,146,13.1,3등급
Jetta 1.4 TSI,폭스바겐,승용차,일반형,내연기관,휘발유,1395,자동8,126,13.4,3등급
BMW X5 xDrive30d,BMW,승용차,다목적형,하이브리드,경유,2993,자동8,181,10.7,4등급
BMW 620d,BMW,승용차,일반형,내연기관,경유,1995,자동8,140,13.5,3등급
Arteon 2.0 TDI 4Motion,폭스바겐,승용차,일반형,내연기관,경유,1968,자동7,143,13.4,3등급
파워프라자 봉고3ev PEACE 더블캡,(주)파워프라자,화물차,화물,전기,전기,0,없음,0,2,고속
싼타페(개조) 2.5T-GDI 2WD 5인 20인치타이어,현대,승용차,다목적형,내연기관,휘발유,2497,자동8,167,10.1,4등급
싼타페(개조) 2.5T-GDI AWD 7인 20인치타이어,현대,승용차,다목적형,내연기관,휘발유,2497,자동8,178,9.5,4등급
싼타페(개조) 2.5T-GDI AWD 7인 18인치타이어,현대,승용차,다목적형,내연기관,휘발유,2497,자동8,172,9.9,4등급
싼타페(개조) 2.5T-GDI 2WD 7인 20인치타이어,현대,승용차,다목적형,내연기관,휘발유,2497,자동8,167,10.1,4등급
싼타페(개조) 2.5T-GDI 2WD 7인 18인치(빌트인캠),현대,승용차,다목적형,내연기관,휘발유,2497,자동8,162,10.4,4등급
싼타페(개조) 2.5T-GDI 2WD 7인 18인치타이어,현대,승용차,다목적형,내연기관,휘발유,2497,자동8,161,10.5,4등급
싼타페(개조) 2.5T-GDI 2WD 5인 18인치(빌트인캠),현대,승용차,다목적형,내연기관,휘발유,2497,자동8,156,10.8,4등급
싼타페(개조) 2.5T-GDI 2WD 5인 18인치타이어,현대,승용차,다목적형,내연기관,휘발유,2497,자동8,156,10.8,4등급
싼타페(개조) 2.5T-GDI AWD 5인 20인치타이어,현대,승용차,다목적형,내연기관,휘발유,2497,자동8,178,9.5,4등급
싼타페(개조) 2.5T-GDI AWD 5인 18인치타이어,현대,승용차,다목적형,내연기관,휘발유,2497,자동8,172,9.9,4등급
Mercedes-Benz C200,벤츠,승용차,일반형,내연기관,휘발유,1991,자동9,158,10.8,4등급
코나(PE) 1.6T-GDI 2WD 18인치타이어,현대,승용차,다목적형,내연기관,휘발유,1598,자동7,131,12.7,3등급
코나(PE) 1.6T-GDI 4WD 16인치타이어,현대,승용차,다목적형,내연기관,휘발유,1598,자동7,137,12.2,3등급
코나(PE) 1.6T-GDI 4WD 17인치타이어,현대,승용차,다목적형,내연기관,휘발유,1598,자동7,142,11.8,3등급
코나(PE) 1.6T-GDI 4WD 18인치타이어,현대,승용차,다목적형,내연기관,휘발유,1598,자동7,145,11.6,3등급
코나(PE) 1.6T-GDI 2WD 16인치/17인치타이어,현대,승용차,다목적형,내연기관,휘발유,1598,자동7,119,13.9,2등급
Mercedes-Benz E250,벤츠,승용차,일반형,내연기관,휘발유,1991,자동9,177,10.1,4등급
Mercedes-Benz E 300 e 4MATIC FL,벤츠,승용차,일반형,PHEV,전기+휘발유,1991,자동9,60,2.5 / 10.3,PHEV
Mercedes-AMG A45 4MATIC,벤츠,승용차,일반형,내연기관,휘발유,1991,자동8,194,9,5등급
Mercedes-Benz E 450 4MATIC Coupe,벤츠,승용차,일반형,하이브리드,휘발유,2999,자동9,192,9.1,5등급
Mercedes-Benz E450 4MATIC Cabriolet ,벤츠,승용차,일반형,하이브리드,휘발유,2999,자동9,192,9.1,5등급
BMW 740d xDrive,BMW,승용차,일반형,하이브리드,경유,2993,자동8,151,12.7,3등급
트레일블레이저 1.35 TURBO AWD,한국지엠,승용차,다목적형,내연기관,휘발유,1341,자동9,143,11.8,3등급
트레일블레이저 1.35 TURBO FWD,한국지엠,승용차,다목적형,내연기관,휘발유,1341,무단변속,133,12.6,3등급
트레일블레이저 1.35 TURBO FWD,한국지엠,승용차,다목적형,내연기관,휘발유,1341,무단변속,129,12.9,3등급
트레일블레이저 1.35 TURBO AWD,한국지엠,승용차,다목적형,내연기관,휘발유,1341,자동9,146,11.6,3등급
SMART EV Z,쎄미시스코,승용차,일반형,전기,전기,0,없음,0,5.8,고속
"Mercedes-Benz GLC220 d 4MATIC Coupe	",벤츠,승용차,다목적형,내연기관,경유,1950,자동9,154,12.4,3등급
Mercedes-Benz GLC220 d 4MATIC,벤츠,승용차,다목적형,내연기관,경유,1950,자동9,154,12.4,3등급
Mercedes-AMG S63 4MATIC Coupe,벤츠,승용차,일반형,내연기관,휘발유,3982,자동9,242,7.3,5등급
Mercedes-Benz  A250 4MATIC,벤츠,승용차,일반형,내연기관,휘발유,1991,자동7,150,11.5,4등급
쏘렌토(MQ4) 2.5T-GDI 2WD 5인 18인치타이어,기아,승용차,다목적형,내연기관,휘발유,2497,자동8,153,11,4등급
쏘렌토(MQ4) 2.5T-GDI 2WD 5인 18인치(빌트인캠),기아,승용차,다목적형,내연기관,휘발유,2497,자동8,154,10.9,4등급
쏘렌토(MQ4) 2.5T-GDI 4WD 7인 20인치타이어,기아,승용차,다목적형,내연기관,휘발유,2497,자동8,175,9.7,4등급
쏘렌토(MQ4) 2.5T-GDI 4WD 5인 20인치타이어,기아,승용차,다목적형,내연기관,휘발유,2497,자동8,175,9.7,4등급
쏘렌토(MQ4) 2.5T-GDI 4WD 6인 20인치타이어,기아,승용차,다목적형,내연기관,휘발유,2497,자동8,175,9.7,4등급
쏘렌토(MQ4) 2.5T-GDI 2WD 6인 18인치타이어,기아,승용차,다목적형,내연기관,휘발유,2497,자동8,159,10.6,4등급
쏘렌토(MQ4) 2.5T-GDI 4WD 7인 18인치타이어,기아,승용차,다목적형,내연기관,휘발유,2497,자동8,168,10,4등급
쏘렌토(MQ4) 2.5T-GDI 2WD 7인 20인치타이어,기아,승용차,다목적형,내연기관,휘발유,2497,자동8,164,10.3,4등급
쏘렌토(MQ4) 2.5T-GDI 2WD 7인 18인치타이어,기아,승용차,다목적형,내연기관,휘발유,2497,자동8,159,10.6,4등급
쏘렌토(MQ4) 2.5T-GDI 4WD 5인 18인치타이어,기아,승용차,다목적형,내연기관,휘발유,2497,자동8,168,10,4등급
쏘렌토(MQ4) 2.5T-GDI 4WD 6인 18인치타이어,기아,승용차,다목적형,내연기관,휘발유,2497,자동8,168,10,4등급
쏘렌토(MQ4) 2.5T-GDI 2WD 5인 20인치타이어,기아,승용차,다목적형,내연기관,휘발유,2497,자동8,164,10.3,4등급
쏘렌토(MQ4) 2.5T-GDI 2WD 6인 20인치타이어,기아,승용차,다목적형,내연기관,휘발유,2497,자동8,164,10.3,4등급
G70(IK PE) 2.2디젤 2WD_18/19인치타이어,현대,승용차,일반형,내연기관,경유,2199,자동8,134,14.2,2등급
G70(IK PE) 2.2디젤 AWD_17인치타이어,현대,승용차,일반형,내연기관,경유,2199,자동8,144,13.3,3등급
G70(IK PE)  2.2디젤 AWD_18/19인치타이어,현대,승용차,일반형,내연기관,경유,2199,자동8,146,13.1,3등급
G70(IK PE) 3.3T-GDI 2WD 19인치(썸머)_SP,현대,승용차,일반형,내연기관,휘발유,3342,자동8,188,9.1,5등급
G70(IK PE) 3.3T-GDI 2WD 19인치(올시즌)_SP,현대,승용차,일반형,내연기관,휘발유,3342,자동8,182,9.4,4등급
G70(IK PE) 3.3T-GDI AWD 19인치(썸머),현대,승용차,일반형,내연기관,휘발유,3342,자동8,203,8.5,5등급
G70(IK PE)3.3T-GDI AWD 19인치(올시즌),현대,승용차,일반형,내연기관,휘발유,3342,자동8,193,8.9,5등급
G70(IK PE) 3.3T-GDI 2WD 19인치(썸머),현대,승용차,일반형,내연기관,휘발유,3342,자동8,188,9.1,5등급
G70(IK PE) 3.3T-GDI 2WD 19인치(올시즌),현대,승용차,일반형,내연기관,휘발유,3342,자동8,182,9.4,4등급
G70(IK PE) 3.3T-GDI AWD 19인치(썸머)_SP,현대,승용차,일반형,내연기관,휘발유,3342,자동8,203,8.5,5등급
G70(IK PE) 3.3T-GDI AWD 19인치(올시즌)_SP,현대,승용차,일반형,내연기관,휘발유,3342,자동8,193,8.9,5등급
G70(IK PE) 2.2디젤 2WD_17인치(빌트인캠),현대,승용차,일반형,내연기관,경유,2199,자동8,129,14.7,2등급
G70(IK PE) 2.2디젤 2WD_17인치타이어,현대,승용차,일반형,내연기관,경유,2199,자동8,127,14.9,2등급
G70(IK PE) 2.0T-GDI 2WD 19인치(썸머)_SP,현대,승용차,일반형,내연기관,휘발유,1998,자동8,163,10.4,4등급
G70(IK PE) 2.0T-GDI AWD 19인치(썸머)_SP,현대,승용차,일반형,내연기관,휘발유,1998,자동8,184,9.3,5등급
G70(IK PE) 2.0T-GDI AWD 19인치(올시즌)_SP,현대,승용차,일반형,내연기관,휘발유,1998,자동8,180,9.5,4등급
G70(IK PE) 2.0T-GDI 2WD 18인치(빌트인캠),현대,승용차,일반형,내연기관,휘발유,1998,자동8,162,10.5,4등급
G70(IK PE) 2.0T-GDI 2WD 18인치타이어,현대,승용차,일반형,내연기관,휘발유,1998,자동8,158,10.7,4등급
G70(IK PE) 2.0T-GDI AWD 18인치(빌트인캠),현대,승용차,일반형,내연기관,휘발유,1998,자동8,176,9.7,4등급
G70(IK PE) 2.0T-GDI AWD 18인치타이어,현대,승용차,일반형,내연기관,휘발유,1998,자동8,172,9.9,4등급
G70(IK PE) 2.0T-GDI 2WD 19인치(썸머),현대,승용차,일반형,내연기관,휘발유,1998,자동8,163,10.4,4등급
G70(IK PE) 2.0T-GDI AWD 19인치(썸머),현대,승용차,일반형,내연기관,휘발유,1998,자동8,184,9.3,5등급
G70(IK PE) 2.0T-GDI AWD 19인치(올시즌),현대,승용차,일반형,내연기관,휘발유,1998,자동8,180,9.5,4등급
G70(IK PE) 2.0T-GDI 2WD 19인치(올시즌),현대,승용차,일반형,내연기관,휘발유,1998,자동8,162,10.5,4등급
G70(IK PE) 2.0T-GDI 2WD 19인치(올시즌)_SP,현대,승용차,일반형,내연기관,휘발유,1998,자동8,162,10.5,4등급
Mercedes-AMG A35 4MATIC,벤츠,승용차,일반형,내연기관,휘발유,1991,자동7,174,10.3,4등급
CEVO-C SE,(주)캠시스,승용차,일반형,전기,전기,0,없음,0,6.3,고속
CHEVROLET COLORADO AWD,GM,화물차,일반형,내연기관,휘발유,3649,자동8,216,8.1,5등급
CHEVROLET COLORADO RWD,GM,화물차,일반형,내연기관,휘발유,3649,자동8,210,8.3,5등급
짚 랭글러 윌리스,크라이슬러,승용차,다목적형,내연기관,휘발유,1995,자동8,193,9,5등급
R8 V10 performance,아우디,승용차,일반형,내연기관,휘발유,5204,자동7,296,6,5등급
BMW 730Ld xDrive,BMW,승용차,일반형,하이브리드,경유,2993,자동8,147,13,3등급
BMW 730d xDrive,BMW,승용차,일반형,하이브리드,경유,2993,자동8,156,12.3,3등급
BMW 730Ld xDrive,BMW,승용차,일반형,하이브리드,경유,2993,자동8,147,13,3등급
Mercedes-AMG E53 4MATIC + Coupe,벤츠,승용차,일반형,하이브리드,휘발유,2999,자동9,189,9.2,5등급
Mercedes-AMG E53 4MATIC +,벤츠,승용차,일반형,하이브리드,휘발유,2999,자동9,189,9.2,5등급
토요타 RAV4,토요타,승용차,다목적형,내연기관,휘발유,2487,자동8,143,11.5,4등급
토요타 RAV4 Hybrid 2WD,토요타,승용차,다목적형,하이브리드,휘발유,2487,무단변속,101,15.7,2등급
A5 Sportback 40 TFSI quattro,아우디,승용차,일반형,내연기관,휘발유,1984,자동7,150,11.3,4등급
렉서스 ES300h,토요타,승용차,일반형,하이브리드,휘발유,2487,무단변속,91,17.2,1등급
Q7 55 TFSI quattro,아우디,승용차,다목적형,하이브리드,휘발유,2995,자동8,219,7.9,5등급
The Passat GT 2.0 TDI 4Motion,폭스바겐,승용차,일반형,내연기관,경유,1968,자동7,136,14,2등급
투싼 1.6T-GDI 하이브리드 6AT (빌트인캠),현대,승용차,다목적형,하이브리드,휘발유,1598,자동6,102,15.8,2등급
투싼 1.6T-GDI 하이브리드 6AT,현대,승용차,다목적형,하이브리드,휘발유,1598,자동6,99,16.2,1등급
투싼 2.0디젤 AWD 8AT 17/18인치,현대,승용차,다목적형,내연기관,경유,1998,자동8,144,13.3,3등급
투싼 2.0디젤 2WD 8AT 19인치 (빌트인캠),현대,승용차,다목적형,내연기관,경유,1998,자동8,137,13.9,2등급
투싼 2.0디젤 2WD 8AT 18인치 (빌트인캠),현대,승용차,다목적형,내연기관,경유,1998,자동8,134,14.2,2등급
투싼 2.0디젤 2WD 8AT 18인치,현대,승용차,다목적형,내연기관,경유,1998,자동8,133,14.3,2등급
투싼 2.0디젤 2WD 8AT 17인치,현대,승용차,다목적형,내연기관,경유,1998,자동8,128,14.8,2등급
투싼 1.6T-GDI AWD 7DCT 17/18인치,현대,승용차,다목적형,내연기관,휘발유,1598,자동7,145,11.6,3등급
투싼 1.6T-GDI 2WD 7DCT 19인치 (빌트인캠),현대,승용차,다목적형,내연기관,휘발유,1598,자동7,139,12,3등급
투싼 1.6T-GDI 2WD 7DCT 18인치 (빌트인캠),현대,승용차,다목적형,내연기관,휘발유,1598,자동7,136,12.3,3등급
투싼 1.6T-GDI 2WD 7DCT 17/18인치,현대,승용차,다목적형,내연기관,휘발유,1598,자동7,133,12.5,3등급
투싼 2.0디젤 AWD 8AT 19인치 (빌트인캠),현대,승용차,다목적형,내연기관,경유,1998,자동8,148,13,3등급
투싼 2.0디젤 AWD 8AT 18인치 (빌트인캠),현대,승용차,다목적형,내연기관,경유,1998,자동8,145,13.2,3등급
투싼 1.6T-GDI AWD 7DCT 19인치 (빌트인캠),현대,승용차,다목적형,내연기관,휘발유,1598,자동7,153,11,4등급
투싼 1.6T-GDI AWD 7DCT 18인치 (빌트인캠),현대,승용차,다목적형,내연기관,휘발유,1598,자동7,148,11.3,4등급
투싼 2.0디젤 2WD 8AT 19인치,현대,승용차,다목적형,내연기관,경유,1998,자동8,137,13.9,2등급
투싼 2.0디젤 AWD 8AT 19인치,현대,승용차,다목적형,내연기관,경유,1998,자동8,148,13,3등급
투싼 1.6T-GDI 2WD 7DCT 19인치,현대,승용차,다목적형,내연기관,휘발유,1598,자동7,139,12,3등급
투싼 1.6T-GDI AWD 7DCT 19인치,현대,승용차,다목적형,내연기관,휘발유,1598,자동7,153,11,4등급
Mercedes-AMG CLA45 S 4MATIC,벤츠,승용차,일반형,내연기관,휘발유,1991,자동8,194,9,5등급
Mercedes-AMG GT-C Roadster,벤츠,승용차,일반형,내연기관,휘발유,3982,자동7,248,7,5등급
Mercedes-AMG GT,벤츠,승용차,일반형,내연기관,휘발유,3982,자동7,248,7,5등급
Mercedes-Benz E220 d 4MATIC,벤츠,승용차,일반형,내연기관,경유,1950,자동9,145,13.2,3등급
Mercedes-Benz GLC300 e 4MATIC,벤츠,승용차,다목적형,PHEV,전기+휘발유,1991,자동9,57,2.3 / 9.4,PHEV
Mercedes-Benz GLC300 e 4MATIC Coupe,벤츠,승용차,다목적형,PHEV,전기+휘발유,1991,자동9,57,2.3 / 9.4,PHEV
BMW M5,BMW,승용차,일반형,내연기관,휘발유,4395,자동8,225,7.6,5등급
BMW 523d,BMW,승용차,일반형,하이브리드,경유,1995,자동8,119,15.6,2등급
BMW 523d xDrive,BMW,승용차,일반형,하이브리드,경유,1995,자동8,123,15.3,2등급
MINI Cooper D Countryman ,MINI,승용차,일반형,내연기관,경유,1995,자동8,124,15.2,2등급
MINI Cooper SD Countryman ALL4,MINI,승용차,일반형,내연기관,경유,1995,자동8,133,14.3,2등급
BMW 420d Coupe,BMW,승용차,일반형,내연기관,경유,1995,자동8,132,14.3,2등급
짚 글래디에이터,크라이슬러,화물차,화물,내연기관,휘발유,3604,자동8,269,6.5,5등급
카니발 3.5GDI 7인 19인치타이어,기아,승용차,기타형,내연기관,휘발유,3470,자동8,192,8.9,5등급
카니발 3.5GDI 7인 19인치타이어(빌트인캠),기아,승용차,기타형,내연기관,휘발유,3470,자동8,193,8.9,5등급
카니발 3.5GDI 9인 18인치/19인치타이어,기아,승용차,기타형,내연기관,휘발유,3470,자동8,187,9.1,5등급
카니발 2.2디젤 7인 19인치타이어(빌트인캠),기아,승용차,기타형,내연기관,경유,2151,자동8,153,12.5,3등급
카니발 2.2디젤 7인 19인치타이어,기아,승용차,기타형,내연기관,경유,2151,자동8,153,12.6,3등급
카니발 3.5GDI 9인 18인치/19인치타이어 (빌트인캠),기아,승용차,기타형,내연기관,휘발유,3470,자동8,188,9.1,5등급
카니발 2.2디젤 11인 18인치타이어(빌트인캠),기아,승합차,일반형,내연기관,경유,2151,자동8,154,12.4,3등급
카니발 2.2디젤 11인 18인치타이어,기아,승합차,일반형,내연기관,경유,2151,자동8,151,12.7,3등급
카니발 2.2디젤 9인 18인치/19인치타이어(빌트인캠),기아,승용차,기타형,내연기관,경유,2151,자동8,147,13,3등급
카니발 2.2디젤 9인 18인치/19인치타이어,기아,승용차,기타형,내연기관,경유,2151,자동8,146,13.1,3등급
카니발 3.5GDI 11인 18인치타이어,기아,승합차,일반형,내연기관,휘발유,3470,자동8,188,9.1,5등급
카니발 3.5GDI 11인 18인치타이어(빌트인캠),기아,승합차,일반형,내연기관,휘발유,3470,자동8,188,9.1,5등급
Mercedes-Benz GLB250 4MATIC,벤츠,승용차,다목적형,내연기관,휘발유,1991,자동8,170,10.5,4등급
Mercedes-Benz GLA250 4MATIC,벤츠,승용차,다목적형,내연기관,휘발유,1991,자동8,170,10.5,4등급
말리부 2.0 TURBO,한국지엠,승용차,일반형,내연기관,휘발유,1998,자동6,163,10.5,4등급
BMW 420i Coupe,BMW,승용차,일반형,내연기관,휘발유,1998,자동8,145,11.5,4등급
BMW 430i Coupe,BMW,승용차,일반형,내연기관,휘발유,1998,자동8,150,11.1,4등급
마이브 M1,투데이션샤인,승용차,기타형,전기,전기,0,없음,0,5.5,고속
BMW 218d Gran Coupe,BMW,승용차,일반형,내연기관,경유,1995,자동8,132,14.3,2등급
BMW M550i xDrive,BMW,승용차,일반형,내연기관,휘발유,4395,자동8,219,7.9,5등급
페라리 Roma,페라리,승용차,일반형,내연기관,휘발유,3855,자동8,237,7.4,5등급
"쏘렌토 1.6T-GDI 하이브리드 2WD 7인 17""(빌트인캠)",기아,승용차,다목적형,하이브리드,휘발유,1598,자동6,108,15,2등급
쏘렌토 1.6T-GDI 하이브리드 2WD 7인 17인치타이어,기아,승용차,다목적형,하이브리드,휘발유,1598,자동6,106,15.3,2등급
쏘렌토 1.6T-GDI 하이브리드 4WD 7인 19인치타이어,기아,승용차,다목적형,하이브리드,휘발유,1598,자동6,124,13.2,3등급
쏘렌토 1.6T-GDI 하이브리드 4WD 7인 17인치타이어,기아,승용차,다목적형,하이브리드,휘발유,1598,자동6,120,13.7,3등급
쏘렌토 1.6T-GDI 하이브리드 2WD 7인 19인치타이어,기아,승용차,다목적형,하이브리드,휘발유,1598,자동6,115,14.3,2등급
"쏘렌토 1.6T-GDI 하이브리드 2WD 5인 17""(빌트인캠)",기아,승용차,다목적형,하이브리드,휘발유,1598,자동6,108,15,2등급
"쏘렌토 1.6T-GDI 하이브리드 2WD 6인 17""(빌트인캠)",기아,승용차,다목적형,하이브리드,휘발유,1598,자동6,108,15,2등급
쏘렌토 1.6T-GDI 하이브리드 2WD 5인 17인치타이어,기아,승용차,다목적형,하이브리드,휘발유,1598,자동6,106,15.3,2등급
쏘렌토 1.6T-GDI 하이브리드 2WD 6인 17인치타이어,기아,승용차,다목적형,하이브리드,휘발유,1598,자동6,106,15.3,2등급
쏘렌토 1.6T-GDI 하이브리드 4WD 5인 19인치타이어,기아,승용차,다목적형,하이브리드,휘발유,1598,자동6,124,13.2,3등급
쏘렌토 1.6T-GDI 하이브리드 4WD 6인 19인치타이어,기아,승용차,다목적형,하이브리드,휘발유,1598,자동6,124,13.2,3등급
쏘렌토 1.6T-GDI 하이브리드 4WD 5인 17인치타이어,기아,승용차,다목적형,하이브리드,휘발유,1598,자동6,120,13.7,3등급
쏘렌토 1.6T-GDI 하이브리드 4WD 6인 17인치타이어,기아,승용차,다목적형,하이브리드,휘발유,1598,자동6,120,13.7,3등급
쏘렌토 1.6T-GDI 하이브리드 2WD 5인 19인치타이어,기아,승용차,다목적형,하이브리드,휘발유,1598,자동6,115,14.3,2등급
쏘렌토 1.6T-GDI 하이브리드 2WD 6인 19인치타이어,기아,승용차,다목적형,하이브리드,휘발유,1598,자동6,115,14.3,2등급
아반떼 1.6GDI 하이브리드 (16“타이어),현대,승용차,일반형,하이브리드,휘발유,1580,자동6,74,21.1,1등급
아반떼 1.6GDI 하이브리드 (17“타이어),현대,승용차,일반형,하이브리드,휘발유,1580,자동6,81,19.5,1등급
아반떼 1.6 T-GDI 6MT 18인치 타이어,현대,승용차,일반형,내연기관,휘발유,1598,수동6,136,12.3,3등급
아반떼 1.6 T-GDI 7DCT 18인치 타이어,현대,승용차,일반형,내연기관,휘발유,1598,자동7,130,12.8,3등급
쏘나타(DN8) 2.0GDI 하이브리드_18인치타이어,현대,승용차,일반형,하이브리드,휘발유,1999,자동6,88,18,1등급
쏘나타(DN8) 2.0GDI 하이브리드_18인치(빌트인캠),현대,승용차,일반형,하이브리드,휘발유,1999,자동6,91,17.6,1등급
BMW 630i xDrive,BMW,승용차,일반형,내연기관,휘발유,2998,자동8,186,9.3,5등급
Q8 55 TFSI quattro,아우디,승용차,다목적형,하이브리드,휘발유,2995,자동8,229,7.6,5등급
Q8 55 TFSI quattro,아우디,승용차,다목적형,하이브리드,휘발유,2995,자동8,229,7.6,5등급
The Passat GT 2.0 TDI,폭스바겐,승용차,일반형,내연기관,경유,1968,자동7,126,14.9,2등급
BMW M5 Competition Package,BMW,승용차,일반형,내연기관,휘발유,4395,자동8,225,7.6,5등급
MINI John Cooper Works Countryman ALL4,MINI,승용차,일반형,내연기관,휘발유,1998,자동8,162,10.4,4등급
BMW 530e,BMW,승용차,일반형,PHEV,전기+휘발유,1998,자동8,28,3.5 / 12.4,PHEV
ZOE,르노코리아자동차(주),승용차,일반형,전기(MCT),전기,0,없음,0,4.8,고속
페라리 SF90 Stradale Assetto Fiorano,페라리,승용차,일반형,PHEV,전기+휘발유,3990,자동8,163,2.7 / 7.4,PHEV
페라리 SF90 Stradale,페라리,승용차,일반형,PHEV,전기+휘발유,3990,자동8,163,2.7 / 7.4,PHEV
BMW 530i,BMW,승용차,일반형,내연기관,휘발유,1998,자동8,139,12,3등급
BMW 530i xDrive,BMW,승용차,일반형,내연기관,휘발유,1998,자동8,153,11,4등급
스팅어(CK PE) 2.5T-GDI AWD_19인치(썸머),기아,승용차,일반형,내연기관,휘발유,2497,자동8,172,9.9,4등급
스팅어(CK PE) 2.5T-GDI AWD_19인치(올시즌),기아,승용차,일반형,내연기관,휘발유,2497,자동8,170,10,4등급
스팅어(CK PE) 2.5T-GDI AWD_18인치타이어,기아,승용차,일반형,내연기관,휘발유,2497,자동8,166,10.2,4등급
스팅어(CK PE) 2.5T-GDI 2WD_19인치(썸머),기아,승용차,일반형,내연기관,휘발유,2497,자동8,160,10.6,4등급
스팅어(CK PE) 2.5T-GDI 2WD_19인치(올시즌),기아,승용차,일반형,내연기관,휘발유,2497,자동8,156,10.8,4등급
스팅어(CK PE) 2.5T-GDI 2WD_18인치타이어,기아,승용차,일반형,내연기관,휘발유,2497,자동8,151,11.2,4등급
스팅어(CK PE) 3.3T-GDI 2WD_19인치(썸머),기아,승용차,일반형,내연기관,휘발유,3342,자동8,192,8.8,5등급
스팅어(CK PE) 3.3T-GDI 2WD_19인치(올시즌),기아,승용차,일반형,내연기관,휘발유,3342,자동8,192,9,5등급
스팅어(CK PE) 3.3T-GDI AWD_19인치(썸머),기아,승용차,일반형,내연기관,휘발유,3342,자동8,202,8.4,5등급
스팅어(CK PE) 3.3T-GDI AWD_19인치(올시즌),기아,승용차,일반형,내연기관,휘발유,3342,자동8,203,8.5,5등급
Explorer 3.0 PHEV,포드,승용차,다목적형,PHEV,전기+휘발유,2956,자동10,65,2.4 / 9.3,PHEV
Lincoln Aviator 3.0 PHEV,포드,승용차,다목적형,PHEV,전기+휘발유,2956,자동10,65,2.4 / 9.3,PHEV
911 카레라 S,포르쉐,승용차,일반형,내연기관,휘발유,2981,자동8,210,8.3,5등급
911 카레라 4S 카브리올레,포르쉐,승용차,일반형,내연기관,휘발유,2981,자동8,216,8.1,5등급
911 카레라,포르쉐,승용차,일반형,내연기관,휘발유,2981,자동8,204,8.5,5등급
911 카레라 4,포르쉐,승용차,일반형,내연기관,휘발유,2981,자동8,213,8.2,5등급
911 카레라 S 카브리올레,포르쉐,승용차,일반형,내연기관,휘발유,2981,자동8,210,8.3,5등급
911 카레라 4S,포르쉐,승용차,일반형,내연기관,휘발유,2981,자동8,216,8.1,5등급
911 카레라 4 카브리올레,포르쉐,승용차,일반형,내연기관,휘발유,2981,자동8,213,8.2,5등급
911 타르가 4S,포르쉐,승용차,일반형,내연기관,휘발유,2981,자동8,216,8.1,5등급
911 카레라 카브리올레,포르쉐,승용차,일반형,내연기관,휘발유,2981,자동8,204,8.5,5등급
911 타르가 4,포르쉐,승용차,일반형,내연기관,휘발유,2981,자동8,213,8.2,5등급
BMW 520i,BMW,승용차,일반형,내연기관,휘발유,1998,자동8,135,12.4,3등급
CR-V 4WD,혼다,승용차,다목적형,내연기관,휘발유,1498,무단변속,145,11.5,4등급
MINI Cooper Countryman ,MINI,승용차,일반형,내연기관,휘발유,1499,자동7,144,11.6,3등급
MINI Cooper D Countryman ALL4,MINI,승용차,일반형,내연기관,경유,1995,자동8,130,14.5,2등급
짚 글래디에이터,크라이슬러,화물차,화물,내연기관,휘발유,3604,자동8,269,6.5,5등급
BMW 540i xDrive,BMW,승용차,일반형,내연기관,휘발유,2998,자동8,170,9.9,4등급
DS3 CROSSBACK E-TENSE,PSA Automobiles,승용차,다목적형,전기(MCT),전기,0,없음,0,4.3,고속
Q5 50 TDI quattro,아우디,승용차,다목적형,내연기관,경유,2967,자동8,175,11.1,4등급
Q5 50 TDI quattro,아우디,승용차,다목적형,내연기관,경유,2967,자동8,175,11.1,4등급
SQ5 TDI,아우디,승용차,다목적형,하이브리드,경유,2967,자동8,168,11.5,4등급
SQ5 TDI,아우디,승용차,다목적형,하이브리드,경유,2967,자동8,168,11.5,4등급
LSEV,코리아에어카고,화물차,밴형,전기,전기,0,없음,0,4.4,고속
e-tron 55 quattro,아우디,승용차,다목적형,전기(MCT),전기,0,없음,0,3,고속
Mercedes-Benz GLB 220,벤츠,승용차,일반형,내연기관,휘발유,1991,자동8,150,11.5,4등급
"SM6 1.8 (19"" Tire)",르노코리아자동차(주),승용차,일반형,내연기관,휘발유,1798,자동7,144,11.6,3등급
"SM6 1.3 (18"" Tire)",르노코리아자동차(주),승용차,일반형,내연기관,휘발유,1332,자동7,123,13.3,3등급
"SM6 1.3 (19"" Tire)",르노코리아자동차(주),승용차,일반형,내연기관,휘발유,1332,자동7,128,12.9,3등급
"SM6 1.3 (16"" Tire)",르노코리아자동차(주),승용차,일반형,내연기관,휘발유,1332,자동7,121,13.6,3등급
"SM6 1.8 (18"" Tire)",르노코리아자동차(주),승용차,일반형,내연기관,휘발유,1798,자동7,141,11.8,3등급
"SM6 2.0 LPLi New (19"" Tire)",르노코리아자동차(주),승용차,일반형,내연기관,LPG,1998,무단변속,142,9.2,5등급
"SM6 2.0 LPLi New (18"" Tire)",르노코리아자동차(주),승용차,일반형,내연기관,LPG,1998,무단변속,139,9.4,4등급
"SM6 2.0 LPLi New (16"" Tire)",르노코리아자동차(주),승용차,일반형,내연기관,LPG,1998,무단변속,137,9.5,4등급
BMW X6 xDrive40d,BMW,승용차,다목적형,하이브리드,경유,2993,자동8,185,10.5,4등급
BMW X5 xDrive40d,BMW,승용차,다목적형,하이브리드,경유,2993,자동8,191,10.1,4등급
BMW X5 xDrive40d,BMW,승용차,다목적형,하이브리드,경유,2993,자동8,191,10.1,4등급
"SM6 1.3 (17"" Tire)",르노코리아자동차(주),승용차,일반형,내연기관,휘발유,1332,자동7,121,13.6,3등급
"SM6 2.0 LPLi New (17"" Tire)",르노코리아자동차(주),승용차,일반형,내연기관,LPG,1998,무단변속,137,9.5,4등급
BMW X5 M50i,BMW,승용차,다목적형,내연기관,휘발유,4395,자동8,260,6.6,5등급
BMW X6 M50i,BMW,승용차,다목적형,내연기관,휘발유,4395,자동8,247,7,5등급
BMW X7 M50i,BMW,승용차,다목적형,내연기관,휘발유,4395,자동8,265,6.5,5등급
BMW X7 M50i,BMW,승용차,다목적형,내연기관,휘발유,4395,자동8,265,6.5,5등급
BMW X5 xDrive40i,BMW,승용차,다목적형,내연기관,휘발유,2998,자동8,210,8.1,5등급
쏘나타(DN8) 2.5 T-GDI_19인치타이어(빌트인캠),현대,승용차,일반형,내연기관,휘발유,2497,자동8,155,10.9,4등급
쏘나타(DN8) 2.5 T-GDI_19인치타이어,현대,승용차,일반형,내연기관,휘발유,2497,자동8,152,11.1,4등급
Mercedes-AMG GLC 63 S 4MATIC + Coupe,벤츠,승용차,다목적형,내연기관,휘발유,3982,자동9,256,7,5등급
싼타페 2.2디젤 2WD 5인 18인치타이어,현대,승용차,다목적형,내연기관,경유,2151,자동8,134,14.2,2등급
싼타페 2.2디젤 2WD 7인 18인치타이어,현대,승용차,다목적형,내연기관,경유,2151,자동8,134,14.2,2등급
싼타페 2.2디젤 AWD 5인 20인치타이어,현대,승용차,다목적형,내연기관,경유,2151,자동8,149,12.8,3등급
싼타페 2.2디젤 AWD 5인 18인치타이어(빌트인캠),현대,승용차,다목적형,내연기관,경유,2151,자동8,144,13.2,3등급
싼타페 2.2디젤 2WD 5인 20인치타이어,현대,승용차,다목적형,내연기관,경유,2151,자동8,139,13.6,3등급
싼타페 2.2디젤 2WD 5인 18인치타이어(빌트인캠),현대,승용차,다목적형,내연기관,경유,2151,자동8,136,13.9,2등급
싼타페 2.2디젤 AWD 5인 18인치타이어,현대,승용차,다목적형,내연기관,경유,2151,자동8,141,13.5,3등급
싼타페 2.2디젤 AWD 7인 20인치타이어,현대,승용차,다목적형,내연기관,경유,2151,자동8,149,12.8,3등급
싼타페 2.2디젤 AWD 7인 18인치타이어,현대,승용차,다목적형,내연기관,경유,2151,자동8,144,13.2,3등급
싼타페 2.2디젤 2WD 7인 20인치타이어,현대,승용차,다목적형,내연기관,경유,2151,자동8,139,13.6,3등급
싼타페 2.2디젤 2WD 7인 18인치타이어(빌트인캠),현대,승용차,다목적형,내연기관,경유,2151,자동8,136,13.9,2등급
BMW 330e,BMW,승용차,일반형,PHEV,전기+휘발유,1998,자동8,34,3.4 / 11.8,PHEV
벤츠 E 220 d Cabriolet,벤츠,승용차,일반형,내연기관,경유,1950,자동9,142,13.4,3등급
Mercedes-Benz E 450 4MATIC,벤츠,승용차,일반형,내연기관,휘발유,2996,자동9,192,9.1,5등급
Mercedes-Benz E 450 4MATIC Cabriolet,벤츠,승용차,일반형,내연기관,휘발유,2996,자동9,198,8.9,5등급
BMW X4 M40i,BMW,승용차,다목적형,내연기관,휘발유,2998,자동8,195,8.7,5등급
BMW X3 M40i,BMW,승용차,다목적형,내연기관,휘발유,2998,자동8,196,8.7,5등급
S8L TFSI,아우디,승용차,일반형,하이브리드,휘발유,3996,자동8,246,7.2,5등급
캐딜락 CT4 2.0T,GM,승용차,일반형,내연기관,휘발유,1998,자동8,161,10.6,4등급
A8 L 60 TFSI quattro,아우디,승용차,일반형,하이브리드,휘발유,3996,자동8,226,7.7,5등급
A8 L 60 TFSI quattro,아우디,승용차,일반형,하이브리드,휘발유,3996,자동8,226,7.7,5등급
캐딜락 CT5 2.0T,GM,승용차,일반형,내연기관,휘발유,1998,자동10,170,10.2,4등급
Peugeot e-2008 SUV,PSA Automobiles,승용차,다목적형,전기(MCT),전기,0,없음,0,4.3,고속
BMW X5 xDrive45e iPerformance,BMW,승용차,다목적형,PHEV,전기+휘발유,2998,자동8,43,2.3 / 8.1,PHEV
Mercedes-Benz GLE 300 d 4MATIC,벤츠,승용차,다목적형,내연기관,경유,1950,자동9,181,10.7,4등급
마칸 GTS,포르쉐,승용차,다목적형,내연기관,휘발유,2894,자동7,225,7.7,5등급
벤츠 E 350 4MATIC,벤츠,승용차,일반형,하이브리드,휘발유,1991,자동9,171,10.2,4등급
Mercedes-AMG GLC 43 4MATIC,벤츠,승용차,다목적형,내연기관,휘발유,2996,자동9,212,8.3,5등급
Mercedes-Benz GLS 400 d 4MATIC,벤츠,승용차,다목적형,내연기관,경유,2925,자동9,199,9.8,4등급
벤츠 E 220 d Coupe,벤츠,승용차,일반형,내연기관,경유,1950,자동9,139,13.7,3등급
718 카이맨,포르쉐,승용차,일반형,내연기관,휘발유,1988,자동7,186,9.3,5등급
718 박스터,포르쉐,승용차,일반형,내연기관,휘발유,1988,자동7,186,9.3,5등급
카이엔 터보 COUPE (5인승),포르쉐,승용차,다목적형,내연기관,휘발유,3996,자동8,265,6.6,5등급
카이엔 터보 COUPE,포르쉐,승용차,다목적형,내연기관,휘발유,3996,자동8,265,6.6,5등급
카이엔 터보,포르쉐,승용차,다목적형,내연기관,휘발유,3996,자동8,265,6.6,5등급
BMW 320d Touring,BMW,승용차,일반형,내연기관,경유,1995,자동8,134,14.1,2등급
Q5 45 TFSI quattro,아우디,승용차,다목적형,내연기관,휘발유,1984,자동7,167,10.3,4등급
Q7 45 TDI quattro,아우디,승용차,다목적형,하이브리드,경유,2967,자동8,184,10.5,4등급
A5 Sportback 45 TFSI quattro,아우디,승용차,일반형,내연기관,휘발유,1984,자동7,162,10.6,4등급
Q5 45 TFSI quattro,아우디,승용차,다목적형,내연기관,휘발유,1984,자동7,167,10.3,4등급
A4 35 TDI,아우디,승용차,일반형,내연기관,경유,1968,자동7,117,15.9,2등급
S7 TDI,아우디,승용차,일반형,하이브리드,경유,2967,자동8,161,12,3등급
A5 Coupe 45 TFSI quattro,아우디,승용차,일반형,내연기관,휘발유,1984,자동7,166,10.4,4등급
SQ8 TDI,아우디,승용차,다목적형,하이브리드,경유,3956,자동8,232,8.5,5등급
A5 Sportback 40 TDI quattro,아우디,승용차,일반형,내연기관,경유,1968,자동7,141,13.5,3등급
A4 40 TDI quattro,아우디,승용차,일반형,내연기관,경유,1968,자동7,138,13.8,2등급
A5 Cabriolet 45 TFSI quattro,아우디,승용차,일반형,내연기관,휘발유,1984,자동7,160,10.8,4등급
S6 TDI,아우디,승용차,일반형,하이브리드,경유,2967,자동8,169,11.4,4등급
SQ8 TDI,아우디,승용차,다목적형,하이브리드,경유,3956,자동8,232,8.5,5등급
A4 40 TFSI,아우디,승용차,일반형,내연기관,휘발유,1984,자동7,140,12.2,3등급
코란도 1.6 디젤 6AT AWD SCR,쌍용,승용차,다목적형,내연기관,경유,1597,자동6,135,14.1,2등급
코란도 가솔린 1.5 AT 2WD 저공해3종 17인치,쌍용,승용차,다목적형,내연기관,휘발유,1497,자동6,144,11.5,4등급
코란도 가솔린 1.5 AT 2WD 저공해3종 19인치,쌍용,승용차,다목적형,내연기관,휘발유,1497,자동6,147,11.3,4등급
코란도 가솔린 1.5 AT 4WD 저공해3종,쌍용,승용차,다목적형,내연기관,휘발유,1497,자동6,159,10.5,4등급
Peugeot 2008 1.5 BlueHDi,PSA Automobiles,승용차,다목적형,내연기관,경유,1499,자동8,109,17.1,1등급
"Lincoln Nautilus 2.7 AWD (21"" wheel)",포드,승용차,다목적형,내연기관,휘발유,2694,자동8,192,8.8,5등급
재규어 XF 25t,재규어,승용차,일반형,내연기관,휘발유,1997,자동8,160,10.3,4등급
재규어 XF 25t AWD,재규어,승용차,일반형,내연기관,휘발유,1997,자동8,167,9.9,4등급
BMW M2 CS,BMW,승용차,일반형,내연기관,휘발유,2979,자동7,195,8.7,5등급
마칸,포르쉐,승용차,다목적형,내연기관,휘발유,1984,자동7,200,8.7,5등급
카이엔 E-하이브리드 COUPE,포르쉐,승용차,다목적형,PHEV,전기+휘발유,2995,자동8,102,1.7 / 7.7,PHEV
카이엔 E-하이브리드 COUPE (5인승),포르쉐,승용차,다목적형,PHEV,전기+휘발유,2995,자동8,102,1.7 / 7.7,PHEV
Mercedes-Benz GLE 400 d 4MATIC Coupe,벤츠,승용차,다목적형,내연기관,경유,2925,자동9,184,10.5,4등급
"Mercedes-Benz C 200 Coupe	",벤츠,승용차,일반형,내연기관,휘발유,1991,자동9,156,11.1,4등급
Mercedes-AMG C 63 S Coupe,벤츠,승용차,일반형,내연기관,휘발유,3982,자동9,220,8,5등급
Mercedes-AMG C 43 4MATIC Coupe,벤츠,승용차,일반형,내연기관,휘발유,2996,자동9,201,8.7,5등급
카이엔 COUPE (5인승),포르쉐,승용차,다목적형,내연기관,휘발유,2995,자동8,223,7.8,5등급
카이엔,포르쉐,승용차,다목적형,내연기관,휘발유,2995,자동8,223,7.8,5등급
카이엔 COUPE,포르쉐,승용차,다목적형,내연기관,휘발유,2995,자동8,223,7.8,5등급
718 카이맨 S,포르쉐,승용차,일반형,내연기관,휘발유,2497,자동7,198,8.7,5등급
718 박스터 S,포르쉐,승용차,일반형,내연기관,휘발유,2497,자동7,198,8.7,5등급
짚 컴패스 2.4 FWD,크라이슬러,승용차,다목적형,내연기관,휘발유,2360,자동6,181,9.6,4등급
Mercedes-Benz GLC 300 4MATIC ,벤츠,승용차,다목적형,내연기관,휘발유,1991,자동9,179,9.7,4등급
Mercedes-Benz GLS 580 4MATIC,벤츠,승용차,다목적형,하이브리드,휘발유,3982,자동9,243,7.3,5등급
A5 Sportback 45 TFSI quattro,아우디,승용차,일반형,내연기관,휘발유,1984,자동7,165,10.4,4등급
A5 Coupe 45 TFSI quattro,아우디,승용차,일반형,내연기관,휘발유,1984,자동7,159,10.8,4등급
모닝(JA PE)_1.0가솔린_14인치타이어,기아,승용차,일반형,내연기관,휘발유,998,자동4,104,15.7,경형
모닝(JA PE)_1.0가솔린_14인치타이어_밴형,기아,승용차,일반형,내연기관,휘발유,998,자동4,104,15.7,경형
모닝(JA PE)_1.0가솔린_16인치타이어,기아,승용차,일반형,내연기관,휘발유,998,자동4,112,14.7,경형
벤츠 C 200 Cabriolet,벤츠,승용차,일반형,내연기관,휘발유,1991,자동9,167,10.4,4등급
Arteon 2.0 TDI,폭스바겐,승용차,일반형,내연기관,경유,1968,자동7,124,15.2,2등급
Q5 40 TDI quattro,아우디,승용차,다목적형,내연기관,경유,1968,자동7,160,12,3등급
A7 45 TDI quattro,아우디,승용차,일반형,하이브리드,경유,2967,자동8,160,12.1,3등급
A7 55 TFSI quattro,아우디,승용차,일반형,하이브리드,휘발유,2995,자동7,182,9.5,4등급
A6 50 TDI quattro,아우디,승용차,일반형,하이브리드,경유,2967,자동8,153,12.5,3등급
A6 45 TDI quattro,아우디,승용차,일반형,하이브리드,경유,2967,자동8,153,12.5,3등급
Q3 Sportback 35 TDI,아우디,승용차,다목적형,내연기관,경유,1968,자동7,133,14.3,2등급
A6 45 TFSI,아우디,승용차,일반형,내연기관,휘발유,1984,자동7,144,11.8,3등급
Mercedes-Benz GLE 450 4MATIC,벤츠,승용차,다목적형,하이브리드,휘발유,2999,자동9,200,8.7,5등급
Mercedes-Benz GLE 450 4MATIC,벤츠,승용차,다목적형,하이브리드,휘발유,2999,자동9,200,8.7,5등급
Peugeot e-208,PSA Automobiles,승용차,일반형,전기(MCT),전기,0,없음,0,4.4,고속
벨로스터 N 2.0T-GDI_8DCT,현대,승용차,일반형,내연기관,휘발유,1998,자동8,167,10.2,4등급
쏘렌토 2.2디젤 4WD 7인 18인치타이어,기아,승용차,다목적형,내연기관,경유,2151,자동8,144,13.3,3등급
쏘렌토 2.2디젤 4WD 5인 18인치타이어,기아,승용차,다목적형,내연기관,경유,2151,자동8,137,13.9,2등급
쏘렌토 2.2디젤 2WD 7인 20인치타이어,기아,승용차,다목적형,내연기관,경유,2151,자동8,139,13.7,3등급
쏘렌토 2.2디젤 2WD 7인 18인치타이어,기아,승용차,다목적형,내연기관,경유,2151,자동8,133,14.3,2등급
쏘렌토 2.2디젤 2WD 7인 18인치타이어 (빌트인캠),기아,승용차,다목적형,내연기관,경유,2151,자동8,134,14.2,2등급
쏘렌토 2.2디젤 2WD 5인 18인치타이어,기아,승용차,다목적형,내연기관,경유,2151,자동8,133,14.3,2등급
쏘렌토 2.2디젤 2WD 6인 18인치타이어,기아,승용차,다목적형,내연기관,경유,2151,자동8,133,14.3,2등급
쏘렌토 2.2디젤 2WD 5인 18인치타이어 (빌트인캠),기아,승용차,다목적형,내연기관,경유,2151,자동8,134,14.2,2등급
쏘렌토 2.2디젤 2WD 6인 18인치타이어 (빌트인캠),기아,승용차,다목적형,내연기관,경유,2151,자동8,134,14.2,2등급
쏘렌토 2.2디젤 4WD 5인 20인치타이어,기아,승용차,다목적형,내연기관,경유,2151,자동8,147,13,3등급
쏘렌토 2.2디젤 4WD 6인 20인치타이어,기아,승용차,다목적형,내연기관,경유,2151,자동8,147,13,3등급
쏘렌토 2.2디젤 4WD 5인 18인치타이어 (빌트인캠),기아,승용차,다목적형,내연기관,경유,2151,자동8,144,13.3,3등급
쏘렌토 2.2디젤 4WD 6인 18인치타이어,기아,승용차,다목적형,내연기관,경유,2151,자동8,144,13.3,3등급
쏘렌토 2.2디젤 2WD 5인 20인치타이어,기아,승용차,다목적형,내연기관,경유,2151,자동8,139,13.7,3등급
쏘렌토 2.2디젤 2WD 6인 20인치타이어,기아,승용차,다목적형,내연기관,경유,2151,자동8,139,13.7,3등급
쏘렌토 2.2디젤 4WD 7인 20인치타이어,기아,승용차,다목적형,내연기관,경유,2151,자동8,147,13,3등급
아반떼 1.6 가솔린 15인치 타이어(MT),현대,승용차,일반형,내연기관,휘발유,1598,수동6,115,14.4,2등급
아반떼 1.6 가솔린 17인치 타이어,현대,승용차,일반형,내연기관,휘발유,1598,무단변속,114,14.5,2등급
아반떼 1.6 가솔린 16인치 타이어,현대,승용차,일반형,내연기관,휘발유,1598,무단변속,110,14.9,2등급
아반떼 1.6 LPI 15인치 타이어,현대,승용차,일반형,내연기관,LPG,1591,자동6,122,10.6,4등급
아반떼 1.6 LPI 16인치 타이어,현대,승용차,일반형,내연기관,LPG,1591,자동6,123,10.5,4등급
아반떼 1.6 가솔린 15인치 타이어,현대,승용차,일반형,내연기관,휘발유,1598,무단변속,106,15.4,2등급
아반떼 1.6 LPI 17인치 타이어,현대,승용차,일반형,내연기관,LPG,1591,자동6,126,10.3,4등급
Mercedes-AMG GLC 43 4MATIC Coupe,벤츠,승용차,다목적형,내연기관,휘발유,2996,자동9,217,8.1,5등급
벤츠 E 220 d,벤츠,승용차,일반형,내연기관,경유,1950,자동9,136,13.9,2등급
Mercedes-AMG CLS 53 4MATIC +,벤츠,승용차,일반형,하이브리드,휘발유,2999,자동9,189,9.2,5등급
벨로스터 N 2.0T-GDI (PP)_21MY,현대,승용차,일반형,내연기관,휘발유,1998,수동6,162,10.5,4등급
벨로스터 N 2.0T-GDI (STD)_21MY,현대,승용차,일반형,내연기관,휘발유,1998,수동6,159,10.7,4등급
BMW M235i xDrive Gran Coupe,BMW,승용차,일반형,내연기관,휘발유,1998,자동8,161,10.4,4등급
A5 Cabriolet 45 TFSI quattro,아우디,승용차,일반형,내연기관,휘발유,1984,자동7,164,10.5,4등급
Mercedes-Benz S 450 4MATIC,벤츠,승용차,일반형,내연기관,휘발유,2996,자동9,208,8.5,5등급
Mercedes-Benz S 450 4MATIC Coupe,벤츠,승용차,일반형,내연기관,휘발유,2996,자동9,213,8.3,5등급
Mercedes-AMG S 63 4MATIC Coupe,벤츠,승용차,일반형,내연기관,휘발유,3982,자동9,241,7.4,5등급
Mercedes-Benz S 450 4MATIC(4인승),벤츠,승용차,일반형,내연기관,휘발유,2996,자동9,208,8.5,5등급
BMW 320i Touring,BMW,승용차,일반형,내연기관,휘발유,1998,자동8,143,11.7,3등급
BMW M340i xDrive Touring,BMW,승용차,일반형,내연기관,휘발유,2998,자동8,170,9.9,4등급
쏘나타(DN8) 1.6 T-GDI_18인치타이어_21MY,현대,승용차,일반형,내연기관,휘발유,1598,자동8,126,13.2,3등급
쏘나타(DN8) 1.6 T-GDI_17인치타이어_21MY,현대,승용차,일반형,내연기관,휘발유,1598,자동8,120,13.8,2등급
쏘나타(DN8) 2.0LPI_17인치타이어_21MY,현대,승용차,일반형,내연기관,LPG,1999,자동6,128,10.2,4등급
쏘나타(DN8) 2.0LPI_16인치타이어_21MY,현대,승용차,일반형,내연기관,LPG,1999,자동6,128,10.2,4등급
쏘나타(DN8) 2.0CVVL_17인치타이어(빌트인캠)_21MY,현대,승용차,일반형,내연기관,휘발유,1999,자동6,130,12.8,3등급
쏘나타(DN8) 2.0CVVL_17인치타이어_21MY,현대,승용차,일반형,내연기관,휘발유,1999,자동6,129,12.9,3등급
쏘나타(DN8) 1.6 T-GDI_17인치타이어(빌트인캠)_21MY,현대,승용차,일반형,내연기관,휘발유,1598,자동8,122,13.6,3등급
쏘나타(DN8) 2.0CVVL_18인치타이어(빌트인캠)_21MY,현대,승용차,일반형,내연기관,휘발유,1999,자동6,133,12.6,3등급
쏘나타(DN8) 2.0CVVL_18인치타이어_21MY,현대,승용차,일반형,내연기관,휘발유,1999,자동6,130,12.8,3등급
X5 M Competition,BMW,승용차,다목적형,내연기관,휘발유,4395,자동8,258,6.7,5등급
BMW X5 M,BMW,승용차,다목적형,내연기관,휘발유,4395,자동8,258,6.7,5등급
토요타 Prius AWD,토요타,승용차,일반형,하이브리드,휘발유,1798,무단변속,74,20.9,1등급
Q2 35 TDI,아우디,승용차,다목적형,내연기관,경유,1968,자동7,125,15.1,2등급
Q8 45 TDI quattro,아우디,승용차,다목적형,하이브리드,경유,2967,자동8,182,10.7,4등급
Q8 50 TDI quattro,아우디,승용차,다목적형,하이브리드,경유,2967,자동8,186,10.5,4등급
A8 50 TDI quattro,아우디,승용차,일반형,하이브리드,경유,2967,자동8,171,11.3,4등급
A8L 50 TDI quattro,아우디,승용차,일반형,하이브리드,경유,2967,자동8,174,11.1,4등급
Q7 50 TDI quattro,아우디,승용차,다목적형,하이브리드,경유,2967,자동8,191,10.2,4등급
Q7 45 TDI quattro,아우디,승용차,다목적형,하이브리드,경유,2967,자동8,191,10.2,4등급
Touareg 4.0 TDI,폭스바겐,승용차,다목적형,내연기관,경유,3956,자동8,216,9.1,5등급
Touareg 3.0TDI,폭스바겐,승용차,다목적형,내연기관,경유,2967,자동8,180,10.8,4등급
G80 3.5T-GDI AWD 20인치타이어,현대,승용차,일반형,내연기관,휘발유,3470,자동8,207,8.4,5등급
G80 3.5T-GDI AWD 19인치 (빌트인캠),현대,승용차,일반형,내연기관,휘발유,3470,자동8,205,8.4,5등급
G80 3.5T-GDI AWD 19인치타이어,현대,승용차,일반형,내연기관,휘발유,3470,자동8,203,8.4,5등급
G80 3.5T-GDI 2WD 20인치타이어,현대,승용차,일반형,내연기관,휘발유,3470,자동8,188,9.1,5등급
G80 3.5T-GDI 2WD 19인치타이어,현대,승용차,일반형,내연기관,휘발유,3470,자동8,187,9.2,5등급
G80 3.5T-GDI 2WD 19인치 (빌트인캠),현대,승용차,일반형,내연기관,휘발유,3470,자동8,189,9.1,5등급
G80 2.5T-GDI AWD 20인치타이어,현대,승용차,일반형,내연기관,휘발유,2497,자동8,174,9.8,4등급
G80 2.5T-GDI AWD 19인치타이어,현대,승용차,일반형,내연기관,휘발유,2497,자동8,173,9.8,4등급
G80 2.5T-GDI AWD 18인치 (빌트인캠),현대,승용차,일반형,내연기관,휘발유,2497,자동8,171,9.9,4등급
G80 2.5T-GDI AWD 18인치타이어,현대,승용차,일반형,내연기관,휘발유,2497,자동8,167,10.1,4등급
G80 2.5T-GDI 2WD 20인치타이어,현대,승용차,일반형,내연기관,휘발유,2497,자동8,160,10.6,4등급
G80 2.5T-GDI 2WD 19인치타이어,현대,승용차,일반형,내연기관,휘발유,2497,자동8,160,10.6,4등급
G80 2.5T-GDI 2WD 18인치 (빌트인캠),현대,승용차,일반형,내연기관,휘발유,2497,자동8,158,10.7,4등급
G80 2.5T-GDI 2WD 18인치타이어,현대,승용차,일반형,내연기관,휘발유,2497,자동8,157,10.8,4등급
렉서스 RX450hL,토요타,승용차,다목적형,하이브리드,휘발유,3456,무단변속,134,12.3,3등급
렉서스 RX450hL,토요타,승용차,다목적형,하이브리드,휘발유,3456,무단변속,134,12.3,3등급
GV80 2.5T-GDI AWD 5인 19인치타이어 (빌트인캠),현대,승용차,다목적형,내연기관,휘발유,2497,자동8,194,8.8,5등급
GV80 2.5T-GDI AWD 5인 19인치타이어,현대,승용차,다목적형,내연기관,휘발유,2497,자동8,190,9,5등급
GV80 2.5T-GDI AWD 5인 20인치타이어,현대,승용차,다목적형,내연기관,휘발유,2497,자동8,199,8.6,5등급
GV80 2.5T-GDI AWD 7인 20인치타이어,현대,승용차,다목적형,내연기관,휘발유,2497,자동8,202,8.5,5등급
GV80 2.5T-GDI 2WD 5인 22인치타이어,현대,승용차,다목적형,내연기관,휘발유,2497,자동8,188,9.1,5등급
GV80 2.5T-GDI 2WD 5인 20인치타이어,현대,승용차,다목적형,내연기관,휘발유,2497,자동8,188,9.1,5등급
GV80 2.5T-GDI 2WD 7인 20인치타이어,현대,승용차,다목적형,내연기관,휘발유,2497,자동8,188,9.1,5등급
GV80 3.5T-GDI AWD 5인 20인치타이어 (빌트인캠),현대,승용차,다목적형,내연기관,휘발유,3470,자동8,221,7.8,5등급
GV80 3.5T-GDI AWD 5인 22인치타이어,현대,승용차,다목적형,내연기관,휘발유,3470,자동8,221,7.8,5등급
GV80 3.5T-GDI AWD 7인 20인치타이어,현대,승용차,다목적형,내연기관,휘발유,3470,자동8,221,7.8,5등급
GV80 3.5T-GDI 2WD 7인 20인치타이어,현대,승용차,다목적형,내연기관,휘발유,3470,자동8,205,8.4,5등급
GV80 3.5T-GDI 2WD 5인 20인치타이어 (빌트인캠),현대,승용차,다목적형,내연기관,휘발유,3470,자동8,205,8.4,5등급
GV80 3.5T-GDI AWD 5인 20인치타이어,현대,승용차,다목적형,내연기관,휘발유,3470,자동8,215,8,5등급
GV80 3.5T-GDI 2WD 7인 22인치타이어,현대,승용차,다목적형,내연기관,휘발유,3470,자동8,210,8.2,5등급
GV80 3.5T-GDI 2WD 5인 22인치타이어,현대,승용차,다목적형,내연기관,휘발유,3470,자동8,205,8.4,5등급
GV80 3.5T-GDI AWD 7인 22인치타이어,현대,승용차,다목적형,내연기관,휘발유,3470,자동8,221,7.8,5등급
GV80 3.5T-GDI 2WD 5인 20인치타이어,현대,승용차,다목적형,내연기관,휘발유,3470,자동8,199,8.6,5등급
GV80 2.5T-GDI AWD 7인 22인치타이어,현대,승용차,다목적형,내연기관,휘발유,2497,자동8,202,8.5,5등급
G80 2.2디젤 2WD 18인치타이어,현대,승용차,일반형,내연기관,경유,2151,자동8,130,14.6,2등급
GV80 2.5T-GDI AWD 7인 19인치타이어 (빌트인캠),현대,승용차,다목적형,내연기관,휘발유,2497,자동8,194,8.8,5등급
GV80 2.5T-GDI AWD 7인 19인치타이어,현대,승용차,다목적형,내연기관,휘발유,2497,자동8,190,9,5등급
GV80 2.5T-GDI AWD 5인 22인치타이어,현대,승용차,다목적형,내연기관,휘발유,2497,자동8,199,8.6,5등급
GV80 2.5T-GDI 2WD 7인 22인치타이어,현대,승용차,다목적형,내연기관,휘발유,2497,자동8,188,9.1,5등급
GV80 2.5T-GDI 2WD 7인 19인치타이어,현대,승용차,다목적형,내연기관,휘발유,2497,자동8,183,9.3,5등급
GV80 2.5T-GDI 2WD 5인 19인치타이어 (빌트인캠),현대,승용차,다목적형,내연기관,휘발유,2497,자동8,179,9.5,4등급
GV80 2.5T-GDI 2WD 5인승 19인치 타이어,현대,승용차,다목적형,내연기관,휘발유,2497,자동8,175,9.7,4등급
G80 2.2디젤 AWD 19인치타이어,현대,승용차,일반형,내연기관,경유,2151,자동8,151,12.7,3등급
G80 2.2디젤 AWD 18인치 (빌트인캠),현대,승용차,일반형,내연기관,경유,2151,자동8,147,13,3등급
G80 2.2디젤 AWD 18인치타이어,현대,승용차,일반형,내연기관,경유,2151,자동8,147,13,3등급
G80 2.2디젤 2WD 19인치타이어,현대,승용차,일반형,내연기관,경유,2151,자동8,132,14.4,2등급
G80 2.2디젤 2WD 18인치 (빌트인캠),현대,승용차,일반형,내연기관,경유,2151,자동8,132,14.4,2등급
K3 1.6 가솔린 21MY CVT (15인치 타이어),기아,승용차,일반형,내연기관,휘발유,1598,무단변속,108,15.2,2등급
K3 1.6 가솔린 21MY CVT (17인치 타이어),기아,승용차,일반형,내연기관,휘발유,1598,무단변속,117,14.1,2등급
Lincoln Corsair 2.0,포드,승용차,다목적형,내연기관,휘발유,1999,자동8,184,9.2,5등급
Lincoln Corsair 2.0 (19인치),포드,승용차,다목적형,내연기관,휘발유,1999,자동8,184,9.2,5등급
Mercedes-AMG C 43 4MATIC,벤츠,승용차,일반형,내연기관,휘발유,2996,자동9,202,8.7,5등급
BMW X6 M Competition,BMW,승용차,다목적형,내연기관,휘발유,4395,자동8,256,6.8,5등급
BMW X5 xDrive40i,BMW,승용차,다목적형,내연기관,휘발유,2998,자동8,216,8,5등급
BMW X6 M,BMW,승용차,다목적형,내연기관,휘발유,4395,자동8,256,6.8,5등급
"XM3 1.6 (16"" tire)",르노코리아자동차(주),승용차,기타형,내연기관,휘발유,1598,무단변속,123,13.4,3등급
MINI John Cooper Works Clubman ALL4,BMW,승용차,일반형,내연기관,휘발유,1998,자동8,170,10,4등급
짚 컴패스 2.4 AWD (Limited),크라이슬러,승용차,다목적형,내연기관,휘발유,2360,자동9,189,9.2,5등급
짚 컴패스 2.4 AWD,크라이슬러,승용차,다목적형,내연기관,휘발유,2360,자동9,189,9.2,5등급
Continental GT V8,벤틀리,승용차,일반형,내연기관,휘발유,3996,자동8,238,7.4,5등급
페라리 812 GTS,페라리,승용차,일반형,내연기관,휘발유,6496,자동7,337,5.3,5등급
Master VAN Ph2 L2H2,르노코리아자동차(주),화물차,밴형,내연기관,경유,2299,수동6,176,10.9,4등급
Master VAN Ph2 L1H1 ,르노코리아자동차(주),화물차,밴형,내연기관,경유,2299,수동6,173,11.1,4등급
BMW X3 xDrive30e iPerformance,BMW,승용차,다목적형,PHEV,전기+휘발유,1998,자동8,72,2.6 / 9.9,PHEV
"XM3 1.3 (18"" tire)",르노코리아자동차(주),승용차,기타형,내연기관,휘발유,1332,자동7,125,13.2,3등급
카이엔 E-하이브리드,포르쉐,승용차,다목적형,PHEV,전기+휘발유,2995,자동8,102,1.7 / 7.7,PHEV
Mercedes-AMG G 63,벤츠,승용차,다목적형,내연기관,휘발유,3982,자동9,301,5.9,5등급
짚 레니게이드 2.4 FWD,크라이슬러,승용차,다목적형,내연기관,휘발유,2360,자동9,171,10,4등급
짚 레니게이드 2.4 AWD,크라이슬러,승용차,다목적형,내연기관,휘발유,2360,자동9,188,9.2,5등급
Master Bus Ph2 13p,르노코리아자동차(주),승합차,일반형,내연기관,경유,2299,수동6,205,9.5,4등급
봉고 전기차,기아,화물차,일반형,전기(MCT),전기,0,없음,0,3.1,고속
BMW 740i,BMW,승용차,일반형,내연기관,휘발유,2998,자동8,181,9.5,4등급
D2P,쎄미시스코,화물차,화물,전기,전기,0,없음,0,5.2,고속
GR Supra,토요타,승용차,일반형,내연기관,휘발유,2998,자동8,171,9.7,4등급
BMW M8 Gran Coupe Competition,BMW,승용차,일반형,내연기관,휘발유,4395,자동8,237,7.3,5등급
트레일블레이저 1.2 TURBO FWD,한국지엠,승용차,다목적형,내연기관,휘발유,1199,무단변속,135,12.6,3등급
트레일블레이저 1.2 TURBO FWD,한국지엠,승용차,다목적형,내연기관,휘발유,1199,무단변속,130,13,3등급
BMW M8 Gran Coupe,BMW,승용차,일반형,내연기관,휘발유,4395,자동8,237,7.3,5등급
A7 50 TDI quattro,아우디,승용차,일반형,하이브리드,경유,2967,자동8,182,10.6,4등급
Q3 35 TDI,아우디,승용차,다목적형,내연기관,경유,1968,자동7,129,14.7,2등급
코란도 1.6 디젤 6MT 2WD SCR ISG,쌍용,승용차,다목적형,내연기관,경유,1597,수동6,124,15.2,2등급
토요타 Prius Prime,토요타,승용차,일반형,PHEV,전기+휘발유,1798,무단변속,23,6.4 / 21.4,PHEV
Huracan EVO,람보르기니,승용차,일반형,내연기관,휘발유,5204,자동7,297,6,5등급
Huracan EVO Spyder,람보르기니,승용차,일반형,내연기관,휘발유,5204,자동7,286,6.2,5등급
Huracan EVO RWD,람보르기니,승용차,일반형,내연기관,휘발유,5204,자동7,292,6.1,5등급
Touareg 3.0 TDI,폭스바겐,승용차,다목적형,내연기관,경유,2967,자동8,188,10.3,4등급
Huracan EVO Spyder RWD,람보르기니,승용차,일반형,내연기관,휘발유,5204,자동7,304,5.8,5등급
Mercedes-Benz A 250 4MATIC,벤츠,승용차,일반형,내연기관,휘발유,1991,자동7,148,11.6,3등급
Mercedes-Benz GLE 300 d 4MATIC,벤츠,승용차,다목적형,내연기관,경유,1950,자동9,181,10.7,4등급
Mercedes-AMG S 63 4MATIC + L,벤츠,승용차,일반형,내연기관,휘발유,3982,자동9,242,7.3,5등급
Mercedes-AMG S 63 4MATIC + L,벤츠,승용차,일반형,내연기관,휘발유,3982,자동9,242,7.3,5등급
Mercedes-Benz CLA 250 4MATIC,벤츠,승용차,일반형,내연기관,휘발유,1991,자동7,150,11.5,4등급
Mercedes-AMG E 63 4MATIC +,벤츠,승용차,일반형,내연기관,휘발유,3982,자동9,233,7.6,5등급
Mercedes-Maybach S 650,벤츠,승용차,일반형,내연기관,휘발유,5980,자동7,295,6.1,5등급
Mercedes-Benz A 220 Hatchback,벤츠,승용차,일반형,내연기관,휘발유,1991,자동7,139,12.3,3등급
Mercedes-AMG GT 43 4MATIC +,벤츠,승용차,일반형,하이브리드,휘발유,2999,자동9,199,8.8,5등급
Mercedes-Benz A 220 Sedan,벤츠,승용차,일반형,내연기관,휘발유,1991,자동7,135,12.7,3등급
Mercedes-Benz C 220 d 4MATIC,벤츠,승용차,일반형,내연기관,경유,1950,자동9,136,14,2등급
Mercedes-AMG GT 63 S 4MATIC,벤츠,승용차,일반형,내연기관,휘발유,3982,자동9,231,7.7,5등급
Mercedes-Maybach S 650,벤츠,승용차,일반형,내연기관,휘발유,5980,자동7,295,6.1,5등급
Mercedes-Benz C 200,벤츠,승용차,일반형,내연기관,휘발유,1991,자동9,150,11.5,4등급
BMW X1 xDrive25i,BMW,승용차,다목적형,내연기관,휘발유,1998,자동8,174,9.8,4등급
트레일블레이저 1.35 TURBO AWD,한국지엠,승용차,다목적형,내연기관,휘발유,1341,자동9,147,11.6,3등급
트레일블레이저 1.35 TURBO FWD,한국지엠,승용차,다목적형,내연기관,휘발유,1341,무단변속,131,12.9,3등급
트레일블레이저 1.35 TURBO FWD,한국지엠,승용차,다목적형,내연기관,휘발유,1341,무단변속,127,13.2,3등급
트레일블레이저 1.35 TURBO AWD,한국지엠,승용차,다목적형,내연기관,휘발유,1341,자동9,144,11.8,3등급
GV80 3.0디젤 AWD 7인 20인치타이어,현대,승용차,다목적형,내연기관,경유,2996,자동8,184,10.6,4등급
GV80 3.0디젤 AWD 7인 20인치타이어(DS),현대,승용차,다목적형,내연기관,경유,2996,자동8,184,10.6,4등급
GV80 3.0디젤 AWD 7인 22인치타이어,현대,승용차,다목적형,내연기관,경유,2996,자동8,184,10.6,4등급
GV80 3.0디젤 AWD 5인 22인치타이어,현대,승용차,다목적형,내연기관,경유,2996,자동8,184,10.6,4등급
GV80 3.0디젤 2WD 7인 19인치 타이어,현대,승용차,다목적형,내연기관,경유,2996,자동8,173,11.2,4등급
GV80 3.0디젤 2WD 7인 19인치 타이어(DS),현대,승용차,다목적형,내연기관,경유,2996,자동8,173,11.2,4등급
GV80 3.0디젤 2WD 7인 20인치 타이어,현대,승용차,다목적형,내연기관,경유,2996,자동8,173,11.2,4등급
GV80 3.0디젤 2WD 7인 20인치 타이어(DS),현대,승용차,다목적형,내연기관,경유,2996,자동8,173,11.2,4등급
GV80 3.0디젤 2WD 7인 22인치 타이어,현대,승용차,다목적형,내연기관,경유,2996,자동8,173,11.2,4등급
GV80 3.0디젤 2WD 5인 19인치 타이어,현대,승용차,다목적형,내연기관,경유,2996,자동8,164,11.8,3등급
GV80 3.0디젤 2WD 5인 20인치 타이어,현대,승용차,다목적형,내연기관,경유,2996,자동8,167,11.6,3등급
GV80 3.0디젤 2WD 5인 20인치 타이어(DS),현대,승용차,다목적형,내연기관,경유,2996,자동8,167,11.6,3등급
GV80 3.0디젤 2WD 5인 22인치 타이어,현대,승용차,다목적형,내연기관,경유,2996,자동8,167,11.6,3등급
GV80 3.0디젤 AWD 5인 20인치타이어(DS),현대,승용차,다목적형,내연기관,경유,2996,자동8,184,10.6,4등급
GV80 3.0디젤 AWD 5인 20인치타이어,현대,승용차,다목적형,내연기관,경유,2996,자동8,184,10.6,4등급
GV80 3.0디젤 AWD 5인 19인치타이어,현대,승용차,다목적형,내연기관,경유,2996,자동8,179,10.9,4등급
GV80 3.0디젤 AWD 5인 19인치타이어(DS),현대,승용차,다목적형,내연기관,경유,2996,자동8,179,10.9,4등급
GV80 3.0디젤 AWD 7인 19인치타이어,현대,승용차,다목적형,내연기관,경유,2996,자동8,179,10.9,4등급
GV80 3.0디젤 AWD 5인 22인치타이어(DS),현대,승용차,다목적형,내연기관,경유,2996,자동8,184,10.6,4등급
GV80 3.0디젤 2WD 7인 22인치 타이어(DS),현대,승용차,다목적형,내연기관,경유,2996,자동8,173,11.2,4등급
GV80 3.0디젤 2WD 5인 19인치 타이어(DS),현대,승용차,다목적형,내연기관,경유,2996,자동8,164,11.8,3등급
GV80 3.0디젤 2WD 5인 22인치 타이어(DS),현대,승용차,다목적형,내연기관,경유,2996,자동8,167,11.6,3등급
GV80 3.0디젤 AWD 7인 19인치타이어(DS),현대,승용차,다목적형,내연기관,경유,2996,자동8,179,10.9,4등급
GV80 3.0디젤 AWD 7인 22인치 타이어(DS),현대,승용차,다목적형,내연기관,경유,2996,자동8,188,10.4,4등급
BMW Active Tourer RDE,BMW,승용차,일반형,내연기관,경유,1995,자동8,128,14.7,2등급
T-ROC 2.0 TDI,폭스바겐,승용차,다목적형,내연기관,경유,1968,자동7,124,15.1,2등급
파나메라 터보 (5인승),포르쉐,승용차,일반형,내연기관,휘발유,3996,자동8,234,7.5,5등급
파나메라 터보,포르쉐,승용차,일반형,내연기관,휘발유,3996,자동8,234,7.5,5등급
파나메라 터보 이그제큐티브,포르쉐,승용차,일반형,내연기관,휘발유,3996,자동8,234,7.5,5등급
디스커버리 스포츠 P250,랜드로버,승용차,다목적형,내연기관,휘발유,1997,자동9,203,8.2,5등급
A8L 55 TFSI quattro,아우디,승용차,일반형,하이브리드,휘발유,2995,자동8,197,8.8,5등급
캐딜락 XT6,GM,승용차,다목적형,내연기관,휘발유,3649,자동9,210,8.3,5등급
INFINITI Q50,닛산,승용차,일반형,내연기관,휘발유,2997,자동7,191,9.1,5등급
INFINITI Q50,닛산,승용차,일반형,내연기관,휘발유,2997,자동7,187,9.3,5등급
캐딜락 XT6,GM,승용차,다목적형,내연기관,휘발유,3649,자동9,210,8.3,5등급
CHEVROLET COLORADO RWD,GM,화물차,일반형,내연기관,휘발유,3649,자동8,210,8.3,5등급
CHEVROLET COLORADO AWD,GM,화물차,일반형,내연기관,휘발유,3649,자동8,216,8.1,5등급
CHEVROLET BOLT EV,GM,승용차,일반형,전기(MCT),전기,0,없음,0,5.4,고속
짚 컴패스 2.4,크라이슬러,승용차,다목적형,내연기관,휘발유,2360,자동9,189,9.2,5등급
포터일렉트릭,현대,화물차,일반형,전기(MCT),전기,0,없음,0,3.1,고속
Mercedes-Benz S 560 4MATIC,벤츠,승용차,일반형,내연기관,휘발유,3982,자동9,237,7.5,5등급
Mercedes-Benz E 300 4MATIC,벤츠,승용차,일반형,내연기관,휘발유,1991,자동9,174,10,4등급
Mercedes-Benz S 560 4MATIC,벤츠,승용차,일반형,내연기관,휘발유,3982,자동9,237,7.5,5등급
Mercedes-Benz GLC 300 4MATIC Coupe,벤츠,승용차,다목적형,내연기관,휘발유,1991,자동9,179,9.7,4등급
Mercedes-Maybach S 560 4MATIC,벤츠,승용차,일반형,내연기관,휘발유,3982,자동9,246,7.2,5등급
Mercedes-Maybach S 560 4MATIC,벤츠,승용차,일반형,내연기관,휘발유,3982,자동9,246,7.2,5등급
Mercedes-Benz E 300,벤츠,승용차,일반형,내연기관,휘발유,1991,자동9,171,10.2,4등급
Mercedes-Benz E 220 d 4MATIC,벤츠,승용차,일반형,내연기관,경유,1950,자동9,139,13.6,3등급
Mercedes-Benz S 350 L,벤츠,승용차,일반형,내연기관,휘발유,2996,자동9,190,9.2,5등급
Mercedes-Benz S 350d 4MATIC,벤츠,승용차,일반형,내연기관,경유,2925,자동9,176,11,4등급
Mercedes-Benz E 300 e 4MATIC,벤츠,승용차,일반형,PHEV,전기+휘발유,1991,자동9,60,2.5 / 10.3,PHEV
Mercedes-Benz CLS 450 4MATIC,벤츠,승용차,일반형,하이브리드,휘발유,2999,자동9,192,9.1,5등급
Mercedes-Benz E 450 4MATIC,벤츠,승용차,일반형,하이브리드,휘발유,2999,자동9,192,9.1,5등급
K7 2.4하이브리드 (PE/18“ 타이어),기아,승용차,일반형,하이브리드,휘발유,2359,자동6,108,15.2,2등급
BMW X4 xDrive20i,BMW,승용차,다목적형,내연기관,휘발유,1998,자동8,181,9.5,4등급
토요타 86 MT,토요타,승용차,일반형,내연기관,휘발유,1998,수동6,154,10.8,4등급
토요타 86 AT,토요타,승용차,일반형,내연기관,휘발유,1998,자동6,147,11.3,4등급
짚 레니게이드 1.6,크라이슬러,승용차,다목적형,내연기관,경유,1598,자동6,120,15.6,2등급
레이(20MY) 1.0 가솔린 14인치 타이어,기아,승용차,일반형,내연기관,휘발유,998,자동4,127,13,경형
레이(20MY) 1.0 가솔린 밴형 14인치 타이어,기아,승용차,일반형,내연기관,휘발유,998,자동4,127,13,경형
레이(20MY) 1.0 가솔린 15인치 타이어,기아,승용차,일반형,내연기관,휘발유,998,자동4,131,12.7,경형
쏘나타(DN8) 1.6 T-GDI_19인치(빌트인캠),현대,승용차,일반형,내연기관,휘발유,1598,자동8,134,12.6,3등급
쏘나타(DN8) 1.6 T-GDI_19인치타이어,현대,승용차,일반형,내연기관,휘발유,1598,자동8,131,12.8,3등급
K5(DL3) 2.0GDI 하이브리드_16인치(빌트인캠),기아,승용차,일반형,하이브리드,휘발유,1999,자동6,81,19.7,1등급
K5(DL3) 2.0GDI 하이브리드_16인치타이어,기아,승용차,일반형,하이브리드,휘발유,1999,자동6,79,20.1,1등급
K5(DL3) 2.0GDI 하이브리드_17인치(빌트인캠),기아,승용차,일반형,하이브리드,휘발유,1999,자동6,85,18.8,1등급
K5(DL3) 2.0GDI 하이브리드_17인치타이어,기아,승용차,일반형,하이브리드,휘발유,1999,자동6,83,19.1,1등급
K5(DL3) 2.0LPI_18인치(빌트인캠),기아,승용차,일반형,내연기관,LPG,1999,자동6,136,9.6,4등급
K5(DL3) 2.0LPI_18인치타이어,기아,승용차,일반형,내연기관,LPG,1999,자동6,133,9.8,4등급
K5(DL3) 2.0CVVL_18인치타이어,기아,승용차,일반형,내연기관,휘발유,1999,자동6,132,12.7,3등급
K5(DL3) 2.0LPI_17인치타이어,기아,승용차,일반형,내연기관,LPG,1999,자동6,131,10,4등급
K5(DL3) 2.0LPI_16인치(빌트인캠),기아,승용차,일반형,내연기관,LPG,1999,자동6,129,10.1,4등급
K5(DL3) 2.0LPI_16인치타이어,기아,승용차,일반형,내연기관,LPG,1999,자동6,128,10.2,4등급
K5(DL3) 1.6T-GDI_19인치타이어,기아,승용차,일반형,내연기관,휘발유,1598,자동8,130,12.9,3등급
K5(DL3) 1.6T-GDI_18인치타이어,기아,승용차,일반형,내연기관,휘발유,1598,자동8,127,13.2,3등급
K5(DL3) 1.6T-GDI_17인치(빌트인캠),기아,승용차,일반형,내연기관,휘발유,1598,자동8,123,13.6,3등급
K5(DL3) 1.6T-GDI_17인치타이어,기아,승용차,일반형,내연기관,휘발유,1598,자동8,121,13.8,2등급
K5(DL3) 2.0CVVL_17인치타이어,기아,승용차,일반형,내연기관,휘발유,1999,자동6,129,13,3등급
MINI Cooper S Clubman,MINI,승용차,일반형,내연기관,휘발유,1998,자동7,161,10.6,4등급
MINI Cooper S five-door,MINI,승용차,일반형,내연기관,휘발유,1998,자동7,146,11.7,3등급
BMW X1 xDrive18d,BMW,승용차,다목적형,내연기관,경유,1995,자동8,143,13.3,3등급
BMW X2 xDrive25i,BMW,승용차,다목적형,내연기관,휘발유,1998,자동8,173,9.9,4등급
BMW 420d Coupe RDE2,BMW,승용차,일반형,내연기관,경유,1995,자동8,145,13.2,3등급
렉스턴스포츠 2.2 디젤 2WD 6MT SCR,쌍용,화물차,화물,내연기관,경유,2157,수동6,171,11.3,4등급
렉스턴스포츠 2.2 디젤 2WD 6AT SCR,쌍용,화물차,화물,내연기관,경유,2157,자동6,188,10.4,4등급
렉스턴스포츠 2.2 디젤 4WD 6AT SCR,쌍용,화물차,화물,내연기관,경유,2157,자동6,194,10.1,4등급
렉스턴스포츠 칸 2.2 디젤 2WD 6MT SCR,쌍용,화물차,화물,내연기관,경유,2157,수동6,173,11.2,4등급
렉스턴스포츠 칸 2.2 디젤 4WD 6MT SCR,쌍용,화물차,화물,내연기관,경유,2157,수동6,178,10.9,4등급
렉스턴스포츠 칸 2.2 디젤 2WD 6AT SCR,쌍용,화물차,화물,내연기관,경유,2157,자동6,190,10.3,4등급
렉스턴스포츠 칸 2.2 디젤 4WD 6AT SCR,쌍용,화물차,화물,내연기관,경유,2157,자동6,196,10,4등급
렉스턴스포츠 2.2 디젤 4WD 6MT SCR,쌍용,화물차,화물,내연기관,경유,2157,수동6,177,11,4등급
BMW X6 M50d,BMW,승용차,다목적형,내연기관,경유,2993,자동8,206,9.5,4등급
Lincoln Aviator 3.0,포드,승용차,다목적형,내연기관,휘발유,2956,자동10,212,8.1,5등급
Lincoln Aviator 3.0,포드,승용차,다목적형,내연기관,휘발유,2956,자동10,212,8.1,5등급
BMW 530e iPerformance,BMW,승용차,일반형,PHEV,전기+휘발유,1998,자동8,40,3.4 / 11.8,PHEV
티볼리 1.6 디젤 2WD 6AT SCR 18인치 타이어,쌍용,승용차,기타형,내연기관,경유,1597,자동6,127,14.9,2등급
티볼리 1.6 디젤 AWD 6AT SCR,쌍용,승용차,기타형,내연기관,경유,1597,자동6,137,13.9,2등급
티볼리 가솔린 1.5 MT 2WD 기준4,쌍용,승용차,기타형,내연기관,휘발유,1497,수동6,131,12.5,3등급
코란도 1.6 디젤 6MT 2WD SCR,쌍용,승용차,다목적형,내연기관,경유,1597,수동6,120,15.6,2등급
코란도 1.6 디젤 6AT 2WD SCR 17인치 타이어,쌍용,승용차,다목적형,내연기관,경유,1597,자동6,130,14.6,2등급
코란도 1.6 디젤 6AT 2WD SCR 19인치 타이어,쌍용,승용차,다목적형,내연기관,경유,1597,자동6,131,14.5,2등급
티볼리 가솔린 1.5 AT 2WD 저공해3종 16인치 타이어,쌍용,승용차,기타형,내연기관,휘발유,1497,자동6,138,12,3등급
티볼리 가솔린 1.5 AT 2WD 저공해3종 18인치 타이어,쌍용,승용차,기타형,내연기관,휘발유,1497,자동6,140,11.8,3등급
티볼리 가솔린 1.5 AT AWD 저공해3종,쌍용,승용차,기타형,내연기관,휘발유,1497,자동6,154,10.8,4등급
티볼리 1.6 디젤 2WD 6AT SCR 16인치 타이어,쌍용,승용차,기타형,내연기관,경유,1597,자동6,124,15.2,2등급
Maxima,닛산,승용차,일반형,내연기관,휘발유,3498,무단변속,180,9.6,4등급
A4 40 TFSI,아우디,승용차,일반형,내연기관,휘발유,1984,자동7,136,12.5,3등급
A6 40 TDI quattro,아우디,승용차,일반형,내연기관,경유,1968,자동7,125,15.1,2등급
캐딜락 XT5,GM,승용차,다목적형,내연기관,휘발유,3649,자동9,218,8,5등급
캐딜락 Escalade,GM,승용차,다목적형,내연기관,휘발유,6162,자동10,260,6.8,5등급
그랜저(IG개조) 2.5 GDI_19인치타이어,현대,승용차,일반형,내연기관,휘발유,2497,자동8,153,11.1,4등급
그랜저(IG개조) 2.5 GDI_17인치타이어,현대,승용차,일반형,내연기관,휘발유,2497,자동8,142,11.9,3등급
그랜저(IG개조) 3.3 GDI_19인치타이어,현대,승용차,일반형,내연기관,휘발유,3342,자동8,179,9.6,4등급
그랜저(IG개조) 3.3 GDI_18인치타이어,현대,승용차,일반형,내연기관,휘발유,3342,자동8,178,9.7,4등급
그랜저(IG개조) 3.0 LPI_19인치타이어,현대,승용차,일반형,내연기관,LPG,2999,자동6,182,7.3,5등급
그랜저(IG개조) 3.0 LPI_18인치타이어,현대,승용차,일반형,내연기관,LPG,2999,자동6,180,7.4,5등급
그랜저(IG개조) 3.0 LPI_17인치타이어,현대,승용차,일반형,내연기관,LPG,2999,자동6,177,7.5,5등급
그랜저(IG개조) 2.5 GDI_18인치타이어,현대,승용차,일반형,내연기관,휘발유,2497,자동8,146,11.6,3등급
"그랜저(IG개조)2.4 하이브리드_18""타이어",현대,승용차,일반형,하이브리드,휘발유,2359,자동6,108,15.2,2등급
"그랜저(IG개조)2.4 하이브리드_18""타이어(빌트인캠)",현대,승용차,일반형,하이브리드,휘발유,2359,자동6,110,14.9,2등급
"그랜저(IG개조)2.4 하이브리드_17""타이어(빌트인캠)",현대,승용차,일반형,하이브리드,휘발유,2359,자동6,103,15.9,2등급
Mercedes-Benz S 560 e,벤츠,승용차,일반형,PHEV,전기+휘발유,2996,자동9,69,2.6 / 10.1,PHEV
Mercedes-Benz S 560 e,벤츠,승용차,일반형,PHEV,전기+휘발유,2996,자동9,69,2.6 / 10.1,PHEV
MINI Cooper D Clubman,BMW,승용차,일반형,내연기관,경유,1995,자동8,134,14.1,2등급
MINI Cooper S Convertible,MINI,승용차,일반형,내연기관,휘발유,1998,자동7,148,11.5,4등급
MINI Cooper D Countryman ALL4 RDE,MINI,승용차,일반형,내연기관,경유,1995,자동8,136,13.9,2등급
MINI Cooper SD Clubman,MINI,승용차,일반형,내연기관,경유,1995,자동8,142,13.4,3등급
페라리 F8 Tributo,페라리,승용차,일반형,내연기관,휘발유,3902,자동7,268,6.6,5등급
페라리 F8 Spider,페라리,승용차,일반형,내연기관,휘발유,3902,자동7,277,6.4,5등급
BMW 118d,BMW,승용차,일반형,내연기관,경유,1995,자동8,133,14.3,2등급
BMW M340i,BMW,승용차,일반형,내연기관,휘발유,2998,자동8,174,9.9,4등급
BMW M8 Coupe Competition,BMW,승용차,일반형,내연기관,휘발유,4395,자동8,230,7.6,5등급
BMW M8,BMW,승용차,일반형,내연기관,휘발유,4395,자동8,230,7.6,5등급
MINI John Cooper Works Convertible,MINI,승용차,일반형,내연기관,휘발유,1998,자동8,157,10.8,4등급
CHEVROLET TRAVERSE AWD,GM,승용차,다목적형,내연기관,휘발유,3564,자동9,211,8.3,5등급
CHEVROLET COLORADO AWD,GM,화물차,일반형,내연기관,휘발유,3649,자동8,216,8.1,5등급
CHEVROLET COLORADO RWD,GM,화물차,일반형,내연기관,휘발유,3649,자동8,210,8.3,5등급
코란도 가솔린 1.5 AT 2WD 저공해3종 17인치,쌍용,승용차,다목적형,내연기관,휘발유,1497,자동6,147,11.3,4등급
코란도 가솔린 1.5 AT 2WD 저공해3종 19인치,쌍용,승용차,다목적형,내연기관,휘발유,1497,자동6,149,11.1,4등급
코란도 가솔린 1.5 AT 4WD 저공해3종,쌍용,승용차,다목적형,내연기관,휘발유,1497,자동6,166,10.1,4등급
T-ROC 2.0 TDI,폭스바겐,승용차,다목적형,내연기관,경유,1968,자동7,124,15.1,2등급
Mercedes-Benz E 250,벤츠,승용차,일반형,내연기관,휘발유,1991,자동9,165,10.5,4등급
그랜드스타렉스 2.5디젤 리무진 (20MY_6P_N/HR),현대,승용차,기타형,내연기관,경유,2497,자동5,222,8.9,5등급
그랜드스타렉스 2.5디젤 4WD 리무진 (20MY_6P_N/HR),현대,승용차,기타형,내연기관,경유,2497,자동5,237,8.3,5등급
"투싼 개조차 2.0디젤 AWD (20MY_19""타이어)",현대,승용차,다목적형,내연기관,경유,1995,자동8,154,12.4,3등급
"투싼 개조차 2.0디젤 2WD 8AT (20MY_19""타이어)",현대,승용차,다목적형,내연기관,경유,1995,자동8,137,13.8,2등급
"투싼 개조차 1.6디젤 AWD (20MY_19""타이어)",현대,승용차,다목적형,내연기관,경유,1598,자동7,137,13.8,2등급
"투싼 개조차 1.6디젤 AWD (20MY_18""타이어)",현대,승용차,다목적형,내연기관,경유,1598,자동7,134,14.1,2등급
"투싼 개조차 1.6디젤 2WD (20MY_19""타이어)",현대,승용차,다목적형,내연기관,경유,1598,자동7,122,15.3,2등급
"투싼 개조차 1.6디젤 2WD (20MY_18""타이어)",현대,승용차,다목적형,내연기관,경유,1598,자동7,118,15.8,2등급
"투싼 개조차 1.6T-GDI AWD (20MY_19""타이어)",현대,승용차,다목적형,내연기관,휘발유,1591,자동7,162,10.4,4등급
"투싼 개조차 1.6T-GDI AWD (20MY_18""타이어)",현대,승용차,다목적형,내연기관,휘발유,1591,자동7,157,10.7,4등급
"투싼 개조차 1.6T-GDI 2WD (20MY_19""타이어)",현대,승용차,다목적형,내연기관,휘발유,1591,자동7,148,11.3,4등급
"투싼 개조차 1.6T-GDI 2WD (20MY_18""타이어)",현대,승용차,다목적형,내연기관,휘발유,1591,자동7,144,11.6,3등급
짚 체로키 3.2,크라이슬러,승용차,다목적형,내연기관,휘발유,3239,자동9,215,8.1,5등급
짚 체로키 3.2,크라이슬러,승용차,다목적형,내연기관,휘발유,3239,자동9,212,8.3,5등급
BMW X6 xDrive30d,BMW,승용차,다목적형,내연기관,경유,2993,자동8,194,10,4등급
MINI Cooper Clubman ,MINI,승용차,일반형,내연기관,휘발유,1499,자동7,147,11.5,4등급
MINI Cooper Countryman ,MINI,승용차,일반형,내연기관,휘발유,1499,자동7,159,10.7,4등급
벤츠 EQC 400 4MATIC,벤츠,승용차,일반형,전기(MCT),전기,0,없음,0,3.2,고속
BMW 840d xDrive,BMW,승용차,일반형,내연기관,경유,2993,자동8,178,10.9,4등급
BMW X1 xDrive20i,BMW,승용차,다목적형,내연기관,휘발유,1998,자동8,175,9.8,4등급
BMW X2 xDrive20i,BMW,승용차,다목적형,내연기관,휘발유,1998,자동8,174,9.8,4등급
BMW 840i xDrive,BMW,승용차,일반형,내연기관,휘발유,2998,자동8,181,9.5,4등급
TWIZY Cargo(1인승),르노코리아자동차(주),승용차,기타형,전기,전기,0,없음,0,7.9,고속
TWIZY Urban(2인승),르노코리아자동차(주),승용차,기타형,전기,전기,0,없음,0,7.9,고속
G70 3.3T-GDI AWD_20MY(19인치 PS4S타이어),현대,승용차,일반형,내연기관,휘발유,3342,자동8,198,8.5,5등급
BMW 840i xDrive,BMW,승용차,일반형,내연기관,휘발유,2998,자동8,191,9,5등급
MINI Cooper five-door,MINI,승용차,일반형,내연기관,휘발유,1499,자동7,140,12.1,3등급
MINI Cooper S,MINI,승용차,일반형,내연기관,휘발유,1998,자동7,146,11.6,3등급
MINI Cooper,MINI,승용차,일반형,내연기관,휘발유,1499,자동7,136,12.3,3등급
MINI Cooper SD Countryman ALL4 RDE,MINI,승용차,일반형,내연기관,경유,1995,자동8,151,12.6,3등급
MINI Cooper Convertible,MINI,승용차,일반형,내연기관,휘발유,1499,자동7,146,11.6,3등급
Explorer 2.3,포드,승용차,다목적형,내연기관,휘발유,2261,자동10,189,8.9,5등급
MINI Cooper S Countryman ALL4,MINI,승용차,일반형,내연기관,휘발유,1998,자동8,178,9.6,4등급
짚 체로키 2.4 FWD,크라이슬러,승용차,다목적형,내연기관,휘발유,2360,자동9,182,9.5,4등급
짚 체로키 2.4 AWD,크라이슬러,승용차,다목적형,내연기관,휘발유,2360,자동9,185,9.3,5등급
CEVO-C,Supaq Motor Limited,승용차,일반형,전기,전기,0,없음,0,6.4,고속
BMW 530i xDrive,BMW,승용차,일반형,내연기관,휘발유,1998,자동8,166,10.3,4등급
BMW 520i,BMW,승용차,일반형,내연기관,휘발유,1998,자동8,152,11.1,4등급
BMW 530i,BMW,승용차,일반형,내연기관,휘발유,1998,자동8,163,10.4,4등급
BMW 840i xDrive Gran Coupe,BMW,승용차,일반형,내연기관,휘발유,2998,자동8,183,9.4,4등급
Tiguan 2.0 TDI,폭스바겐,승용차,다목적형,내연기관,경유,1968,자동7,130,14.5,2등급
렉서스 LC500,토요타,승용차,일반형,내연기관,휘발유,4969,자동10,226,7.7,5등급
Mercedes-AMG GLC63 4Matic,벤츠,승용차,다목적형,내연기관,휘발유,3982,자동9,251,7.1,5등급
A6 45 TFSI quattro,아우디,승용차,일반형,내연기관,휘발유,1984,자동7,150,11.4,4등급
Tiguan 2.0 TDI 4Motion,폭스바겐,승용차,다목적형,내연기관,경유,1968,자동7,149,12.8,3등급
G70 3.3T-GDI 2WD_20MY(19인치 PS4S타이어),현대,승용차,일반형,내연기관,휘발유,3342,자동8,189,8.9,5등급
마스타(MASTA)VAN,마스타전기차(주),화물차,화물,전기,전기,0,없음,0,6.1,고속
Tiguan Allspace 2.0 TDI,폭스바겐,승용차,다목적형,내연기관,경유,1968,자동7,141,13.5,3등급
Tiguan Allspace 2.0 TDI,폭스바겐,승용차,다목적형,내연기관,경유,1968,자동7,141,13.5,3등급
R8 V10 performance,아우디,승용차,일반형,내연기관,휘발유,5204,자동7,288,6.2,5등급
Model 3 Standard Range Plus RWD,테슬라코리아 유한회사,승용차,일반형,전기(MCT),전기,0,없음,0,5.8,고속
Model 3 Long Range,테슬라코리아 유한회사,승용차,일반형,전기(MCT),전기,0,없음,0,5,고속
Model 3 Performance,테슬라코리아 유한회사,승용차,일반형,전기(MCT),전기,0,없음,0,4.7,고속
쏘나타(DN8) 1.6 T-GDI_18인치타이어,현대,승용차,일반형,내연기관,휘발유,1598,자동8,127,13.2,3등급
봉고 1톤 초장축 슈퍼캡 MT (강화유로6),기아,화물차,일반형,내연기관,경유,2497,수동6,195,9.9,4등급
봉고 1톤 초장축 더블캡 MT (강화유로6),기아,화물차,일반형,내연기관,경유,2497,수동6,199,9.7,4등급
봉고 1톤 초장축 슈퍼캡 AT (강화유로6),기아,화물차,일반형,내연기관,경유,2497,자동5,216,9,5등급
봉고 1톤 초장축 더블캡 AT (강화유로6),기아,화물차,일반형,내연기관,경유,2497,자동5,220,8.9,5등급
봉고 1톤 4X4장축 슈퍼캡 (강화유로6),기아,화물차,일반형,내연기관,경유,2497,수동6,212,9.2,5등급
봉고 1톤 장축 표준캡 MT (강화유로6),기아,화물차,일반형,내연기관,경유,2497,수동6,195,9.9,4등급
봉고 1톤 장축 슈퍼캡 MT (강화유로6),기아,화물차,일반형,내연기관,경유,2497,수동6,195,9.9,4등급
봉고 1톤 초장축 표준캡 MT (강화유로6),기아,화물차,일반형,내연기관,경유,2497,수동6,195,9.9,4등급
봉고 1톤 장축 더블캡 MT (강화유로6),기아,화물차,일반형,내연기관,경유,2497,수동6,199,9.7,4등급
봉고 1톤 초장축 표준캡 AT (강화유로6),기아,화물차,일반형,내연기관,경유,2497,자동5,216,9,5등급
봉고 1톤 4X4장축 표준캡 (강화유로6),기아,화물차,일반형,내연기관,경유,2497,수동6,212,9.2,5등급
봉고 1톤 4X4장축 더블캡 (강화유로6),기아,화물차,일반형,내연기관,경유,2497,수동6,211,9.2,5등급
"카니발(PE 20MY) 3.3GDI 11인승 (18"" 타이어)",기아,승합차,일반형,내연기관,휘발유,3342,자동8,202,8.5,5등급
쏘나타(DN8) 1.6 T-GDI_17인치타이어,현대,승용차,일반형,내연기관,휘발유,1598,자동8,122,13.7,3등급
봉고 1톤 4X4덤프 (강화유로6),기아,화물차,화물,내연기관,경유,2497,수동6,222,8.8,5등급
BMW 630i xDrive,BMW,승용차,일반형,내연기관,휘발유,2998,자동8,186,9.3,5등급
BMW X5 M50d,BMW,승용차,다목적형,내연기관,경유,2993,자동8,202,9.7,4등급
Mercedes-AMG G63,벤츠,승용차,다목적형,내연기관,휘발유,3982,자동9,292,6.1,5등급
그랜드스타렉스 2.5디젤 2WD 5AT_9인 (PE2/20MY),현대,승용차,기타형,내연기관,경유,2497,자동5,210,9.4,4등급
그랜드스타렉스 2.5디젤 4WD 5AT_9인 (PE2/20MY),현대,승용차,기타형,내연기관,경유,2497,자동5,220,8.9,5등급
파나메라 4 E-하이브리드,포르쉐,승용차,일반형,PHEV,전기+휘발유,2894,자동8,85,2 / 8.3,PHEV
파나메라 4 E-하이브리드 (5인승),포르쉐,승용차,일반형,PHEV,전기+휘발유,2894,자동8,85,2 / 8.3,PHEV
파나메라 4 E-하이브리드 이그제큐티브,포르쉐,승용차,일반형,PHEV,전기+휘발유,2894,자동8,85,2 / 8.3,PHEV
Mercedes-Benz CLS 300 d ,벤츠,승용차,일반형,내연기관,경유,1950,자동9,146,13,3등급
벤츠 S350 d 4MATIC,벤츠,승용차,일반형,내연기관,경유,2925,자동9,178,10.9,4등급
스파크 1.0,한국지엠,승용차,일반형,내연기관,휘발유,999,무단변속,116,14.4,경형
스파크 밴 1.0,한국지엠,승용차,밴형,내연기관,휘발유,999,무단변속,116,14.4,경형
FENGON ix5,DFSK,승용차,다목적형,내연기관,휘발유,1498,무단변속,173,9.8,4등급
포터 2.5디젤 초장축 슈퍼캡 AT(강화유로6),현대,화물차,일반형,내연기관,경유,2497,자동5,216,9,5등급
포터 2.5디젤 초장축 슈퍼캡 MT(강화유로6),현대,화물차,일반형,내연기관,경유,2497,수동6,195,9.9,4등급
포터 2.5디젤 4X4장축 슈퍼캡(강화유로6),현대,화물차,일반형,내연기관,경유,2497,수동6,211,9.2,5등급
포터 2.5디젤 장축 슈퍼캡 MT(강화유로6),현대,화물차,일반형,내연기관,경유,2497,수동6,195,9.9,4등급
포터 2.5디젤 초장축 표준캡 MT(강화유로6),현대,화물차,일반형,내연기관,경유,2497,수동6,195,9.9,4등급
포터 2.5디젤 4X4장축 표준캡(강화유로6),현대,화물차,일반형,내연기관,경유,2497,수동6,211,9.2,5등급
포터 2.5디젤 초장축 더블캡 MT(강화유로6),현대,화물차,일반형,내연기관,경유,2497,수동6,199,9.7,4등급
포터 2.5디젤 4X4장축 더블캡(강화유로6),현대,화물차,일반형,내연기관,경유,2497,수동6,212,9.2,5등급
G70 3.3T-GDI AWD_19인치 타이어_20MY,현대,승용차,일반형,내연기관,휘발유,3342,자동8,197,8.6,5등급
G70 3.3T-GDI 2WD_19인치 타이어_20MY,현대,승용차,일반형,내연기관,휘발유,3342,자동8,188,9,5등급
G70 2.0T-GDI AWD_19인치 타이어_20MY,현대,승용차,일반형,내연기관,휘발유,1998,자동8,177,9.5,4등급
포터 2.5디젤 장축 더블캡 MT(강화유로6),현대,화물차,일반형,내연기관,경유,2497,수동6,199,9.7,4등급
포터 2.5디젤 초장축 표준캡 AT(강화유로6),현대,화물차,일반형,내연기관,경유,2497,자동5,216,9,5등급
포터 2.5디젤 초장축 더블캡 AT(강화유로6),현대,화물차,일반형,내연기관,경유,2497,자동5,220,8.9,5등급
포터 2.5디젤 4x4덤프(강화유로6),현대,화물차,화물,내연기관,경유,2497,수동6,222,8.8,5등급
"모하비(PE2) 3.0디젤 4WD 5인(18""/20"" 타이어)",기아,승용차,다목적형,내연기관,경유,2959,자동8,209,9.4,4등급
"모하비(PE2) 3.0디젤 4WD 6인(18"" 타이어)",기아,승용차,다목적형,내연기관,경유,2959,자동8,209,9.4,4등급
"모하비(PE2) 3.0디젤 4WD 6인(20"" 타이어)",기아,승용차,다목적형,내연기관,경유,2959,자동8,211,9.3,5등급
"모하비(PE2) 3.0디젤 4WD 7인(20"" 타이어)",기아,승용차,다목적형,내연기관,경유,2959,자동8,211,9.3,5등급
"모하비(PE2) 3.0디젤 4WD 7인(18"" 타이어)",기아,승용차,다목적형,내연기관,경유,2959,자동8,209,9.4,4등급
E450 4Matic Coupe,벤츠,승용차,일반형,내연기관,휘발유,2996,자동9,195,9,5등급
파나메라 4 이그제큐티브,포르쉐,승용차,일반형,내연기관,휘발유,2995,자동8,202,8.5,5등급
그랜드스타렉스 2.5 디젤 3밴 6MT (20MY),현대,화물차,밴형,내연기관,경유,2497,수동6,175,11,4등급
그랜드스타렉스 2.5 디젤 3밴 5AT (20MY),현대,화물차,밴형,내연기관,경유,2497,자동5,196,10,4등급
그랜드스타렉스 2.5 디젤 5밴 5AT (20MY),현대,화물차,밴형,내연기관,경유,2497,자동5,196,10,4등급
그랜드스타렉스 2.5 디젤 5밴 6MT (20MY),현대,화물차,밴형,내연기관,경유,2497,수동6,175,11,4등급
Mercedes-AMG GLC63 S 4Matic Coupe,벤츠,승용차,다목적형,내연기관,휘발유,3982,자동9,246,7.2,5등급
Mercedes-AMG GT63 S 4Matic +,벤츠,승용차,일반형,내연기관,휘발유,3982,자동9,245,7.2,5등급
벤츠 E 350 4MATIC,벤츠,승용차,일반형,하이브리드,휘발유,1991,자동9,169,10.3,4등급
Mercedes-AMG CLS 53 4MATIC + ,벤츠,승용차,일반형,하이브리드,휘발유,2999,자동9,183,9.5,4등급
E300e,벤츠,승용차,일반형,PHEV,전기+휘발유,1991,자동9,49,2.5 / 10.3,PHEV
Mercedes-AMG GT 43 4MATIC+,벤츠,승용차,일반형,하이브리드,휘발유,2999,자동9,205,8.5,5등급
Mercedes-AMG E 53 4MATIC +,벤츠,승용차,일반형,하이브리드,휘발유,2999,자동9,185,9.5,4등급
티볼리 1.6 디젤 2WD 6AT SCR,쌍용,승용차,기타형,내연기관,경유,1597,자동6,130,14.5,2등급
티볼리 1.6 디젤 AWD 6AT SCR,쌍용,승용차,기타형,내연기관,경유,1597,자동6,139,13.6,3등급
티볼리 가솔린 1.5 MT 2WD 기준4,쌍용,승용차,기타형,내연기관,휘발유,1497,수동6,136,12.1,3등급
티볼리 가솔린 1.5 AT 2WD  기준4 (16인치 타이어),쌍용,승용차,기타형,내연기관,휘발유,1497,자동6,143,11.6,3등급
A6 40 TDI,아우디,승용차,일반형,내연기관,경유,1968,자동7,119,15.8,2등급
티볼리 가솔린 1.5 AT 2WD 기준4 (18인치 타이어),쌍용,승용차,기타형,내연기관,휘발유,1497,자동6,145,11.4,4등급
티볼리 가솔린 1.5 AT AWD 기준4,쌍용,승용차,기타형,내연기관,휘발유,1497,자동6,164,10.2,4등급
Mercedes-Maybach S650 pullman,벤츠,승용차,일반형,내연기관,휘발유,5980,자동7,331,5.5,5등급
Mercedes-AMG GLC43 4Matic Coupe,벤츠,승용차,다목적형,내연기관,휘발유,2996,자동9,208,8.4,5등급
G70 2.2디젤 AWD_18인치타이어_20MY,현대,승용차,일반형,내연기관,경유,2199,자동8,141,13.5,3등급
G70 2.2디젤 2WD_17인치타이어_20MY,현대,승용차,일반형,내연기관,경유,2199,자동8,124,15.2,2등급
G70 3.3T-GDI AWD (19인치 올시즌타이어),현대,승용차,일반형,내연기관,휘발유,3342,자동8,199,8.7,5등급
G70 3.3T-GDI 2WD (19인치 올시즌타이어),현대,승용차,일반형,내연기관,휘발유,3342,자동8,189,9.1,5등급
파워프라자 봉고3ev PEACE,(주)파워프라자,화물차,화물,전기,전기,0,없음,0,2.4,고속
G70 3.3T-GDI AWD (19인치 PS4S타이어),현대,승용차,일반형,내연기관,휘발유,3342,자동8,196,8.8,5등급
G70 3.3T-GDI 2WD (19인치 PS4S타이어),현대,승용차,일반형,내연기관,휘발유,3342,자동8,180,9.5,4등급
DS3 Crossback 1.5 BlueHDi,PSA Automobiles,승용차,다목적형,내연기관,경유,1499,자동8,120,15.6,2등급
Mercedes-AMG C43 4Matic Cabriolet,벤츠,승용차,일반형,내연기관,휘발유,2996,자동9,198,8.9,5등급
Mercedes-AMG S63 4Matic + L,벤츠,승용차,일반형,내연기관,휘발유,3982,자동9,246,7.2,5등급
Mercedes-AMG S63 4Matic + L,벤츠,승용차,일반형,내연기관,휘발유,3982,자동9,246,7.2,5등급
E450 Cabriolet,벤츠,승용차,일반형,내연기관,휘발유,2996,자동9,192,9.1,5등급
그랜드스타렉스 2.4LPI 어린이버스 (15인) 5AT,현대,승합차,승합,내연기관,LPG,2359,자동5,233,5.7,5등급
"코나 1.6GDI 하이브리드 (18"" 타이어)",현대,승용차,다목적형,하이브리드,휘발유,1580,자동6,92,17.4,1등급
"코나 1.6GDI 하이브리드 (16"" 타이어)",현대,승용차,다목적형,하이브리드,휘발유,1580,자동6,82,19.3,1등급
그랜드스타렉스 2.4LPI 어린이보호차 (12인) 5AT,현대,승합차,승합,내연기관,LPG,2359,자동5,233,5.7,5등급
그랜드스타렉스 2.4LPI 웨건 5AT,현대,승합차,승합,내연기관,LPG,2359,자동5,218,6.1,5등급
S350 d,벤츠,승용차,일반형,내연기관,경유,2925,자동9,152,12.7,3등급
Mercedes-AMG GLC43 4Matic,벤츠,승용차,다목적형,내연기관,휘발유,2996,자동9,207,8.5,5등급
벤츠 GLE300 d 4Matic,벤츠,승용차,다목적형,내연기관,경유,1950,자동9,183,10.6,4등급
"카니발(PE 20MY)2.2디젤 하이리무진 11인(18"" 타이어)",기아,승합차,일반형,내연기관,경유,2199,자동8,189,10.3,4등급
"카니발(PE 20MY) 2.2디젤 아웃도어 9인(19"" 타이어)",기아,승용차,기타형,내연기관,경유,2199,자동8,189,10.3,4등급
"카니발(PE 20MY) 2.2디젤 하이리무진 9인(18"" 타이어)",기아,승용차,기타형,내연기관,경유,2199,자동8,189,10.3,4등급
"카니발(PE 20MY) 2.2디젤 하이리무진 9인(19"" 타이어)",기아,승용차,기타형,내연기관,경유,2199,자동8,189,10.3,4등급
"카니발(PE 20MY) 2.2디젤 2WD 11인승 (18"" 타이어)",기아,승합차,일반형,내연기관,경유,2199,자동8,172,11.3,4등급
"카니발(PE 20MY) 2.2디젤 2WD 11인승 (17"" 타이어)",기아,승합차,일반형,내연기관,경유,2199,자동8,169,11.4,4등급
"카니발(PE 20MY) 2.2디젤 2WD 7인승 (19"" 타이어)",기아,승용차,기타형,내연기관,경유,2199,자동8,171,11.3,4등급
"카니발(PE 20MY) 2.2디젤 2WD 9인승 (19"" 타이어)",기아,승용차,기타형,내연기관,경유,2199,자동8,171,11.3,4등급
카니발(PE 20MY) 2.2디젤 2WD 9인승 (18'' 타이어),기아,승용차,기타형,내연기관,경유,2199,자동8,170,11.4,4등급
카니발(PE 20MY) 3.3GDI 하이리무진 7인,기아,승용차,기타형,내연기관,휘발유,3342,자동8,218,7.9,5등급
카니발(PE 20MY) 3.3GDI 하이리무진 9인,기아,승용차,기타형,내연기관,휘발유,3342,자동8,228,7.6,5등급
카니발(PE 20MY) 3.3GDI 7인승 (19'' 타이어),기아,승용차,기타형,내연기관,휘발유,3342,자동8,210,8.2,5등급
"카니발(PE 20MY) 3.3GDI 9인승 (18""/19'' 타이어)",기아,승용차,기타형,내연기관,휘발유,3342,자동8,210,8.2,5등급
카니발(PE 20MY) 3.3GDI 하이리무진 9인,기아,승용차,기타형,내연기관,휘발유,3342,자동8,228,7.6,5등급
카니발(PE 20MY) 3.3GDI 9인승 (19'' 타이어),기아,승용차,기타형,내연기관,휘발유,3342,자동8,210,8.2,5등급
CLS400 d 4Matic,벤츠,승용차,일반형,내연기관,경유,2925,자동9,165,11.7,3등급
짚 그랜드 체로키,크라이슬러,승용차,다목적형,내연기관,경유,2987,자동8,212,9.3,5등급
짚 레니게이드 1.6,크라이슬러,승용차,다목적형,내연기관,경유,1598,자동6,120,15.6,2등급
"코나 1.6디젤 4WD (16""타이어)",현대,승용차,다목적형,내연기관,경유,1598,자동7,119,15.7,2등급
"코나 1.6디젤 4WD (18"" 타이어)",현대,승용차,다목적형,내연기관,경유,1598,자동7,129,14.6,2등급
"코나 1.6디젤 4WD (17"" 타이어)",현대,승용차,다목적형,내연기관,경유,1598,자동7,123,15.3,2등급
"코나 1.6디젤 2WD (18"" 타이어)",현대,승용차,다목적형,내연기관,경유,1598,자동7,110,16.8,1등급
"코나 1.6디젤 2WD (17"" 타이어)",현대,승용차,다목적형,내연기관,경유,1598,자동7,107,17.3,1등급
"코나 1.6디젤 2WD (16"" 타이어)",현대,승용차,다목적형,내연기관,경유,1598,자동7,105,17.5,1등급
Bentayga V8,벤틀리,승용차,다목적형,내연기관,휘발유,3996,자동8,250,6.9,5등급
Bentayga V8,벤틀리,승용차,다목적형,내연기관,휘발유,3996,자동8,250,6.9,5등급
Mercedes-AMG C43 4Matic,벤츠,승용차,일반형,내연기관,휘발유,2996,자동9,192,9.1,5등급
E450 4Matic Cabriolet,벤츠,승용차,일반형,내연기관,휘발유,2996,자동9,195,9,5등급
BMW 745Le iPerformance,BMW,승용차,일반형,PHEV,전기+휘발유,2998,자동8,63,2.9 / 10,PHEV
D2C,쎄미시스코,화물차,화물,전기,전기,0,없음,0,5.2,고속
벤츠 GLE 450 4MATIC,벤츠,승용차,다목적형,하이브리드,휘발유,2999,자동9,198,8.8,5등급
Mercedes-AMG GLE63 S 4Matic Coupe,벤츠,승용차,다목적형,내연기관,휘발유,5461,자동9,275,6.5,5등급
Model X Performance,테슬라코리아 유한회사,승용차,다목적형,전기(MCT),전기,0,없음,0,3.7,고속
Model X Performance,테슬라코리아 유한회사,승용차,다목적형,전기(MCT),전기,0,없음,0,3.7,고속
Model X Long Range,테슬라코리아 유한회사,승용차,다목적형,전기(MCT),전기,0,없음,0,3.9,고속
Model X Long Range,테슬라코리아 유한회사,승용차,다목적형,전기(MCT),전기,0,없음,0,3.9,고속
Model S Long Range,테슬라코리아 유한회사,승용차,일반형,전기(MCT),전기,0,없음,0,4.3,고속
Model X Performance,테슬라코리아 유한회사,승용차,다목적형,전기(MCT),전기,0,없음,0,3.7,고속
Model X Long Range,테슬라코리아 유한회사,승용차,다목적형,전기(MCT),전기,0,없음,0,3.9,고속
Model S Performance,테슬라코리아 유한회사,승용차,일반형,전기(MCT),전기,0,없음,0,4.2,고속
쏘나타(DN8) 2.0GDI 하이브리드_17인치타이어,현대,승용차,일반형,하이브리드,휘발유,1999,자동6,83,19.1,1등급
쏘나타(DN8) 2.0GDI 하이브리드_16인치타이어,현대,승용차,일반형,하이브리드,휘발유,1999,자동6,79,20.1,1등급
베뉴 1.6 가솔린 MT (17“타이어),현대,승용차,기타형,내연기관,휘발유,1598,수동6,125,13.3,3등급
"K7 2.4하이브리드 (PE/17""타이어)",기아,승용차,일반형,하이브리드,휘발유,2359,자동6,97,16.2,1등급
"K7 3.0GDI (PE/18""타이어)",기아,승용차,일반형,내연기관,휘발유,2999,자동8,168,10,4등급
"K7 3.0GDI (PE/19""타이어)",기아,승용차,일반형,내연기관,휘발유,2999,자동8,170,9.8,4등급
"K7 2.2디젤 (PE/19""타이어)",기아,승용차,일반형,내연기관,경유,2199,자동8,135,14.1,2등급
"K7 2.2디젤 (PE/18""타이어)",기아,승용차,일반형,내연기관,경유,2199,자동8,131,14.5,2등급
"K7 2.2디젤 (PE/17""타이어)",기아,승용차,일반형,내연기관,경유,2199,자동8,130,14.6,2등급
K7 2.5 GDI (PE/18”타이어),기아,승용차,일반형,내연기관,휘발유,2497,자동8,147,11.6,3등급
K7 2.5 GDI (PE/19”타이어),기아,승용차,일반형,내연기관,휘발유,2497,자동8,153,11.1,4등급
베뉴 1.6 가솔린 MT (15“타이어),현대,승용차,기타형,내연기관,휘발유,1598,수동6,122,13.6,3등급
베뉴 1.6 가솔린 CVT (17“타이어),현대,승용차,기타형,내연기관,휘발유,1598,무단변속,125,13.3,3등급
베뉴 1.6 가솔린 CVT (15“타이어),현대,승용차,기타형,내연기관,휘발유,1598,무단변속,121,13.7,3등급
K7 2.5 GDI (PE/17”타이어),기아,승용차,일반형,내연기관,휘발유,2497,자동8,142,11.9,3등급
쏘나타(DN8) 2.0GDI 하이브리드_17인치(빌트인캠),현대,승용차,일반형,하이브리드,휘발유,1999,자동6,85,18.8,1등급
쏘나타(DN8) 2.0GDI 하이브리드_16인치(빌트인캠),현대,승용차,일반형,하이브리드,휘발유,1999,자동6,80,19.8,1등급
벤츠 S450 4Matic Coupe,벤츠,승용차,일반형,내연기관,휘발유,2996,자동9,215,8.2,5등급
BMW X4 xDrive20d,BMW,승용차,다목적형,내연기관,경유,1995,자동8,156,12.2,3등급
"셀토스 1.6디젤 4WD (16"" 타이어)",기아,승용차,다목적형,내연기관,경유,1598,자동7,116,16.1,1등급
"셀토스 1.6디젤 4WD (18"" 타이어)",기아,승용차,다목적형,내연기관,경유,1598,자동7,127,14.8,2등급
"셀토스 1.6디젤 4WD (17"" 타이어)",기아,승용차,다목적형,내연기관,경유,1598,자동7,122,15.3,2등급
"셀토스 1.6디젤 2WD (17"" 타이어)",기아,승용차,다목적형,내연기관,경유,1598,자동7,109,17,1등급
"셀토스 1.6디젤 2WD (16"" 타이어)",기아,승용차,다목적형,내연기관,경유,1598,자동7,105,17.6,1등급
"셀토스 1.6디젤 2WD (18""타이어)",기아,승용차,다목적형,내연기관,경유,1598,자동7,113,16.4,1등급
"셀토스 1.6T-GDI 4WD (18"" 타이어)",기아,승용차,다목적형,내연기관,휘발유,1591,자동7,155,10.9,4등급
"셀토스 1.6T-GDI 4WD (17"" 타이어)",기아,승용차,다목적형,내연기관,휘발유,1591,자동7,153,11.1,4등급
"셀토스 1.6T-GDI 4WD (16"" 타이어)",기아,승용차,다목적형,내연기관,휘발유,1591,자동7,152,11.1,4등급
"셀토스 1.6T-GDI 2WD (18"" 타이어)",기아,승용차,다목적형,내연기관,휘발유,1591,자동7,143,11.8,3등급
"셀토스 1.6T-GDI 2WD (17"" 타이어)",기아,승용차,다목적형,내연기관,휘발유,1591,자동7,137,12.2,3등급
"셀토스 1.6T-GDI 2WD (16"" 타이어)",기아,승용차,다목적형,내연기관,휘발유,1591,자동7,132,12.7,3등급
Peugeot 508 SW 2.0 BlueHDi,PSA Automobiles,승용차,일반형,내연기관,경유,1997,자동8,143,13.3,3등급
BMW X7 xDrive40i,BMW,승용차,다목적형,내연기관,휘발유,2998,자동8,211,8.2,5등급
"QM6 2.0 LPLi (19"" Tire)",르노코리아자동차(주),승용차,다목적형,내연기관,LPG,1998,무단변속,153,8.6,5등급
"QM6 2.0 LPLi (17"" Tire)",르노코리아자동차(주),승용차,다목적형,내연기관,LPG,1998,무단변속,147,8.9,5등급
"QM6 New 2.0 (19"" Tire)",르노코리아자동차(주),승용차,다목적형,내연기관,휘발유,1997,무단변속,146,11.6,3등급
"QM6 New 2.0 (17"" Tire)",르노코리아자동차(주),승용차,다목적형,내연기관,휘발유,1997,무단변속,140,12,3등급
BMW Z4 M40i,BMW,승용차,일반형,내연기관,휘발유,2998,자동8,168,10.2,4등급
"QM6 New 2.0 (18"" Tire)",르노코리아자동차(주),승용차,다목적형,내연기관,휘발유,1997,무단변속,140,12,3등급
"QM6 2.0 LPLi (18"" Tire)",르노코리아자동차(주),승용차,다목적형,내연기관,LPG,1998,무단변속,147,8.9,5등급
A5 Coupe 45 TFSI quattro,아우디,승용차,일반형,내연기관,휘발유,1984,자동7,166,10.3,4등급
A5 Cabriolet 45 TFSI quattro,아우디,승용차,일반형,내연기관,휘발유,1984,자동7,177,9.7,4등급
A5 Sportback 45 TFSI quattro,아우디,승용차,일반형,내연기관,휘발유,1984,자동7,169,10.1,4등급
Altima 2.5,닛산,승용차,일반형,내연기관,휘발유,2488,무단변속,132,12.8,3등급
Altima 2.0,닛산,승용차,일반형,내연기관,휘발유,1997,무단변속,139,12.2,3등급
Q7 45 TFSI quattro,아우디,승용차,다목적형,내연기관,휘발유,1984,자동8,201,8.6,5등급
Q7 45 TFSI quattro,아우디,승용차,다목적형,내연기관,휘발유,1984,자동8,201,8.6,5등급
A3 40 TFSI,아우디,승용차,일반형,내연기관,휘발유,1984,자동7,145,11.7,3등급
Altima 2.5,닛산,승용차,일반형,내연기관,휘발유,2488,무단변속,131,12.9,3등급
A5 Coupe 45 TFSI quattro,아우디,승용차,일반형,내연기관,휘발유,1984,자동7,166,10.3,4등급
A5 Sportback 45 TFSI quattro,아우디,승용차,일반형,내연기관,휘발유,1984,자동7,169,10.1,4등급
코란도 1.6 디젤 6MT 2WD SCR ISG,쌍용,승용차,다목적형,내연기관,경유,1597,수동6,123,15.2,2등급
Aventador SVJ Roadster,람보르기니,승용차,일반형,내연기관,휘발유,6498,자동7,405,4.4,5등급
Mercedes-AMG E63 4Matic +,벤츠,승용차,일반형,내연기관,휘발유,3982,자동9,233,7.6,5등급
BMW 530d RDE,BMW,승용차,일반형,내연기관,경유,2993,자동8,151,12.6,3등급
BMW M760Li xDrive,BMW,승용차,일반형,내연기관,휘발유,6592,자동8,277,6.4,5등급
BMW X3 xDrive20d,BMW,승용차,다목적형,내연기관,경유,1995,자동8,161,11.9,3등급
BMW 740Li xDrive,BMW,승용차,일반형,내연기관,휘발유,2998,자동8,184,9.4,4등급
"스포티지 2.0MPI (PE/18"",19""타이어) (19)",기아,승용차,다목적형,내연기관,휘발유,1999,자동6,161,10.5,4등급
짚 레니게이드 2.4 AWD,크라이슬러,승용차,다목적형,내연기관,휘발유,2360,자동9,188,9.2,5등급
BMW 740d xDrive,BMW,승용차,일반형,내연기관,경유,2993,자동8,173,11.2,4등급
BMW 730d xDrive,BMW,승용차,일반형,내연기관,경유,2993,자동8,163,11.8,3등급
BMW 320d xDrive Gran Turismo RDE,BMW,승용차,일반형,내연기관,경유,1995,자동8,158,12.1,3등급
BMW 420d xDrive Gran Coupe RDE,BMW,승용차,일반형,내연기관,경유,1995,자동8,162,11.9,3등급
BMW 420d Gran Coupe RDE,BMW,승용차,일반형,내연기관,경유,1995,자동8,153,12.4,3등급
BMW X4 M Competition,BMW,승용차,다목적형,내연기관,휘발유,2993,자동8,247,7.1,5등급
BMW 740Ld xDrive,BMW,승용차,일반형,내연기관,경유,2993,자동8,172,11.2,4등급
BMW 320d Gran Turismo RDE,BMW,승용차,일반형,내연기관,경유,1995,자동8,149,12.8,3등급
BMW 420d Coupe RDE,BMW,승용차,일반형,내연기관,경유,1995,자동8,139,13.7,3등급
BMW 750Li xDrive,BMW,승용차,일반형,내연기관,휘발유,4395,자동8,226,7.7,5등급
BMW 750Li xDrive,BMW,승용차,일반형,내연기관,휘발유,4395,자동8,226,7.7,5등급
BMW X7 xDrive40i,BMW,승용차,다목적형,내연기관,휘발유,2998,자동8,211,8.2,5등급
BMW 730Ld xDrive,BMW,승용차,일반형,내연기관,경유,2993,자동8,167,11.5,4등급
BMW X3 M Competition,BMW,승용차,다목적형,내연기관,휘발유,2993,자동8,247,7.1,5등급
그랜드스타렉스 2.4LPI 어린이버스(법규대응),현대,승합차,승합,내연기관,LPG,2359,자동4,228,5.8,5등급
그랜드스타렉스 2.4LPI 어린이보호차(법규대응),현대,승합차,승합,내연기관,LPG,2359,자동4,228,5.8,5등급
그랜드스타렉스 2.5디젤 어린이버스(법규대응),현대,승합차,승합,내연기관,경유,2497,자동5,213,9.2,5등급
그랜드스타렉스 2.5디젤 어린이보호차(법규대응),현대,승합차,승합,내연기관,경유,2497,자동5,213,9.2,5등급
그랜드스타렉스 2.5디젤 4WD 어린이버스(법규대응),현대,승합차,승합,내연기관,경유,2497,자동5,240,8.2,5등급
그랜드스타렉스 2.5디젤 4WD 어린이보호차(법규대응),현대,승합차,승합,내연기관,경유,2497,자동5,240,8.2,5등급
BMW X3 M,BMW,승용차,다목적형,내연기관,휘발유,2993,자동8,247,7.1,5등급
BMW X3 xDrive20i,BMW,승용차,다목적형,내연기관,휘발유,1998,자동8,181,9.5,4등급
BMW 640i xDrive,BMW,승용차,일반형,내연기관,휘발유,2998,자동8,191,9,5등급
BMW 540i xDrive,BMW,승용차,일반형,내연기관,휘발유,2998,자동8,185,9.3,5등급
아반떼 1.6LPI (15''/16'' 타이어) (19MY),현대,승용차,일반형,내연기관,LPG,1591,자동6,122,10.6,4등급
아반떼 1.6T-GDI (19MY),현대,승용차,일반형,내연기관,휘발유,1591,수동6,142,11.6,3등급
아반떼 1.6T-GDI_7DCT (19MY),현대,승용차,일반형,내연기관,휘발유,1591,자동7,138,12,3등급
Citroen C3 AirCross 1.5 BlueHDi,PSA Automobiles,승용차,다목적형,내연기관,경유,1499,자동6,134,14.1,2등급
토요타 RAV4 Hybrid 2WD,토요타,승용차,다목적형,하이브리드,휘발유,2487,무단변속,101,15.9,2등급
토요타 RAV4 2WD,토요타,승용차,다목적형,내연기관,휘발유,2487,자동8,145,11.4,4등급
코란도 1.6 디젤 6MT 2WD SCR,쌍용,승용차,다목적형,내연기관,경유,1597,수동6,130,14.5,2등급
코란도 1.6 디젤 6AT 2WD SCR,쌍용,승용차,다목적형,내연기관,경유,1597,자동6,134,14.1,2등급
코란도 1.6 디젤 6AT AWD SCR,쌍용,승용차,다목적형,내연기관,경유,1597,자동6,143,13.3,3등급
Aventador SVJ Coupe,람보르기니,승용차,일반형,내연기관,휘발유,6498,자동7,398,4.5,5등급
토요타 RAV4 Hybrid AWD,토요타,승용차,다목적형,하이브리드,휘발유,2487,무단변속,102,15.5,2등급
토요타 RAV4 Hybrid AWD,토요타,승용차,다목적형,하이브리드,휘발유,2487,무단변속,101,15.7,2등급
토요타 Prius 2WD,토요타,승용차,일반형,하이브리드,휘발유,1798,무단변속,68,22.4,1등급
레인지로버 이보크 P250,랜드로버,승용차,다목적형,내연기관,휘발유,1997,자동9,192,8.9,5등급
파나메라 4,포르쉐,승용차,일반형,내연기관,휘발유,2995,자동8,202,8.5,5등급
파나메라 GTS,포르쉐,승용차,일반형,내연기관,휘발유,3996,자동8,244,7.1,5등급
스팅어 2.0T-GDI 2WD_19인치타이어(올시즌),기아,승용차,일반형,내연기관,휘발유,1998,자동8,166,10.3,4등급
스팅어 2.0T-GDI AWD_19인치타이어(올시즌),기아,승용차,일반형,내연기관,휘발유,1998,자동8,181,9.5,4등급
스팅어 3.3T-GDI 2WD_19인치타이어(올시즌),기아,승용차,일반형,내연기관,휘발유,3342,자동8,192,9,5등급
스팅어 3.3T-GDI AWD_19인치타이어(올시즌),기아,승용차,일반형,내연기관,휘발유,3342,자동8,203,8.5,5등급
DANIGO 3,(주)대창모터스,화물차,화물,전기,전기,0,없음,0,6.1,고속
다니고3픽업(DANIGO 3 PICK UP) ,(주)대창모터스,화물차,화물,전기,전기,0,없음,0,6.1,고속
아이오닉 전기차(PE),현대,승용차,일반형,전기(MCT),전기,0,없음,0,6.3,고속
Mercedes-AMG S63 4Matic Cabriolet,벤츠,승용차,일반형,내연기관,휘발유,3982,자동9,267,6.7,5등급
Lincoln Nautilus 2.7 AWD,포드,승용차,다목적형,내연기관,휘발유,2694,자동8,195,8.7,5등급
"투싼 개조차 2.0디젤 2WD 6MT (19""타이어)",현대,승용차,다목적형,내연기관,경유,1995,수동6,131,14.4,2등급
"투싼 개조차 2.0디젤 2WD 6MT (18""타이어)",현대,승용차,다목적형,내연기관,경유,1995,수동6,128,14.7,2등급
"투싼 개조차 2.0디젤 2WD 6MT (17""타이어)",현대,승용차,다목적형,내연기관,경유,1995,수동6,124,15.1,2등급
INFINITI QX60 2WD,닛산,승용차,다목적형,내연기관,휘발유,3498,무단변속,193,8.9,5등급
INFINITI QX60 AWD,닛산,승용차,다목적형,내연기관,휘발유,3498,무단변속,200,8.7,5등급
Urus,람보르기니,승용차,다목적형,내연기관,휘발유,3996,자동8,281,6.3,5등급
Urus,람보르기니,승용차,다목적형,내연기관,휘발유,3996,자동8,281,6.3,5등급
짚 그랜드 체로키,크라이슬러,승용차,다목적형,내연기관,경유,2987,자동8,212,9.3,5등급
BMW 520d,BMW,승용차,일반형,내연기관,경유,1995,자동8,142,13.4,3등급
BMW 620d xDrive,BMW,승용차,일반형,내연기관,경유,1995,자동8,154,12.4,3등급
BMW X4 M,BMW,승용차,다목적형,내연기관,휘발유,2993,자동8,247,7.1,5등급
쏘나타(DN8) 2.0CVVL_17인치타이어,현대,승용차,일반형,내연기관,휘발유,1999,자동6,126,13.3,3등급
쏘나타(DN8) 2.0LPI_18인치타이어,현대,승용차,일반형,내연기관,LPG,1999,자동6,133,9.8,4등급
쏘나타(DN8) 2.0LPI_16인치타이어,현대,승용차,일반형,내연기관,LPG,1999,자동6,126,10.3,4등급
쏘나타(DN8) 2.0CVVL_18인치타이어,현대,승용차,일반형,내연기관,휘발유,1999,자동6,129,13,3등급
쏘나타(DN8) 2.0CVVL_16인치타이어,현대,승용차,일반형,내연기관,휘발유,1999,자동6,128,13.1,3등급
쏘나타(DN8) 2.0LPI_18인치타이어_21MY,현대,승용차,일반형,내연기관,LPG,1999,자동6,132,9.9,4등급
C220 d 4Matic Coupe,벤츠,승용차,일반형,내연기관,경유,1950,자동9,134,14.2,2등급
Citroen C5 AirCross 2.0 BlueHDi,PSA Automobiles,승용차,다목적형,내연기관,경유,1997,자동8,150,12.7,3등급
Maxima,닛산,승용차,일반형,내연기관,휘발유,3498,무단변속,182,9.4,4등급
Citroen Grand C4 SPACETOURER 1.5 BlueHDi,PSA Automobiles,승용차,일반형,내연기관,경유,1499,자동8,130,14.5,2등급
Citroen C5 AirCross 1.5 BlueHDi,PSA Automobiles,승용차,다목적형,내연기관,경유,1499,자동8,133,14.2,2등급
제인모터스칼마토EV1톤내장탑차,제인모터스,화물차,화물,전기(MCT),전기,0,없음,0,2.3,고속
짚 레니게이드,크라이슬러,승용차,다목적형,내연기관,경유,1956,자동9,164,11.8,3등급
INFINITI Q60,닛산,승용차,일반형,내연기관,휘발유,2997,자동7,183,9.4,4등급
렉서스 UX250h 2WD,토요타,승용차,다목적형,하이브리드,휘발유,1987,무단변속,95,16.7,1등급
렉서스 UX250h AWD,토요타,승용차,다목적형,하이브리드,휘발유,1987,무단변속,100,15.9,2등급
BMW 330i,BMW,승용차,일반형,내연기관,휘발유,1998,자동8,153,11.1,4등급
BMW X7 M50d,BMW,승용차,다목적형,내연기관,경유,2993,자동8,217,9,5등급
BMW X7 xDrive30d,BMW,승용차,다목적형,내연기관,경유,2993,자동8,206,9.5,4등급
짚 그랜드 체로키,크라이슬러,승용차,다목적형,내연기관,경유,2987,자동8,212,9.3,5등급
"K7 3.0 LPI (PE/18""타이어)",기아,승용차,일반형,내연기관,LPG,2999,자동6,183,7.3,5등급
"K7 3.0 LPI (PE/17""타이어)",기아,승용차,일반형,내연기관,LPG,2999,자동6,175,7.6,5등급
"쏘울 전기차(기본형, 64kWh)",기아,승용차,일반형,전기(MCT),전기,0,없음,0,5.4,고속
"쏘울 전기차 (도심형, 39.2kWh)",기아,승용차,일반형,전기(MCT),전기,0,없음,0,5.6,고속
짚 레니게이드 2.4,크라이슬러,승용차,다목적형,내연기관,휘발유,2360,자동9,171,10,4등급
"쏘울 1.6T-GDI (18"" 타이어)",기아,승용차,일반형,내연기관,휘발유,1591,자동7,137,12.2,3등급
"쏘울 1.6T-GDI (17"" 타이어)",기아,승용차,일반형,내연기관,휘발유,1591,자동7,134,12.4,3등급
BMW Z4 sDrive20i,BMW,승용차,일반형,내연기관,휘발유,1998,자동8,159,10.7,4등급
BMW 330i xDrive,BMW,승용차,일반형,내연기관,휘발유,1998,자동8,164,10.4,4등급
BMW 745e iPerformance,BMW,승용차,일반형,PHEV,전기+휘발유,2998,자동8,63,2.9 / 10,PHEV
Citroen Grand C4 SPACETOURER 2.0 BlueHDi,PSA Automobiles,승용차,일반형,내연기관,경유,1997,자동8,151,12.7,3등급
Peugeot 508SW 1.5 BlueHDi,PSA Automobiles,승용차,일반형,내연기관,경유,1499,자동8,129,14.6,2등급
Peugeot 508 1.5 BlueHDi,PSA Automobiles,승용차,일반형,내연기관,경유,1499,자동8,129,14.6,2등급
"G90 5.0GDI AWD 리무진 5인 (19""타이어)",현대,승용차,일반형,내연기관,휘발유,5038,자동8,241,7.2,5등급
"G90 5.0GDI AWD 리무진 4인 (19""타이어)",현대,승용차,일반형,내연기관,휘발유,5038,자동8,241,7.2,5등급
아이오닉 1.6GDI 플러그인하이브리드 개조차_6DCT,현대,승용차,일반형,PHEV,전기+휘발유,1580,자동6,17,5.5 / 20.5,PHEV
BMW X7 M50d,BMW,승용차,다목적형,내연기관,경유,2993,자동8,217,9,5등급
BMW X2 xDrive18d,BMW,승용차,다목적형,내연기관,경유,1995,자동8,140,13.6,3등급
MINI John Cooper Works Countryman ALL4,MINI,승용차,일반형,내연기관,휘발유,1998,자동8,180,9.6,4등급
"팰리세이드 2.2디젤 AWD 8인(20""타이어)",현대,승용차,다목적형,내연기관,경유,2199,자동8,167,11.5,4등급
"팰리세이드 2.2디젤 AWD 8인(18""타이어)",현대,승용차,다목적형,내연기관,경유,2199,자동8,163,11.8,3등급
"팰리세이드 2.2디젤 2WD 8인(20""타이어)",현대,승용차,다목적형,내연기관,경유,2199,자동8,160,12,3등급
"팰리세이드 2.2디젤 AWD 7인(20""타이어)",현대,승용차,다목적형,내연기관,경유,2199,자동8,167,11.5,4등급
"팰리세이드 2.2디젤 AWD 7인(18""타이어)",현대,승용차,다목적형,내연기관,경유,2199,자동8,163,11.8,3등급
"팰리세이드 2.2디젤 2WD 7인(20""타이어)",현대,승용차,다목적형,내연기관,경유,2199,자동8,160,12,3등급
"팰리세이드 2.2디젤 2WD 8인(18""타이어)",현대,승용차,다목적형,내연기관,경유,2199,자동8,155,12.4,3등급
"팰리세이드 2.2디젤 2WD 7인(18"" 타이어)",현대,승용차,다목적형,내연기관,경유,2199,자동8,151,12.6,3등급
"팰리세이드 3.8GDI AWD 8인(18""타이어)",현대,승용차,다목적형,내연기관,휘발유,3778,자동8,191,9,5등급
"팰리세이드 3.8GDI 2WD 8인(20""타이어)",현대,승용차,다목적형,내연기관,휘발유,3778,자동8,184,9.3,5등급
"팰리세이드 3.8GDI 2WD 8인 (18"" 타이어)",현대,승용차,다목적형,내연기관,휘발유,3778,자동8,178,9.6,4등급
"팰리세이드 3.8GDI AWD 8인 (20"" 타이어)",현대,승용차,다목적형,내연기관,휘발유,3778,자동8,192,8.9,5등급
"팰리세이드 3.8GDI AWD 7인(18""타이어)",현대,승용차,다목적형,내연기관,휘발유,3778,자동8,191,9,5등급
"팰리세이드 3.8GDI 2WD 7인(20""타이어)",현대,승용차,다목적형,내연기관,휘발유,3778,자동8,184,9.3,5등급
"팰리세이드 3.8GDI 2WD 7인 (18"" 타이어)",현대,승용차,다목적형,내연기관,휘발유,3778,자동8,178,9.6,4등급
"팰리세이드 3.8GDI AWD 7인 (20"" 타이어)",현대,승용차,다목적형,내연기관,휘발유,3778,자동8,192,8.9,5등급
파나메라 4 (5인승),포르쉐,승용차,일반형,내연기관,휘발유,2995,자동8,202,8.5,5등급
토요타 Camry Hybrid LE,토요타,승용차,일반형,하이브리드,휘발유,2487,무단변속,92,17.5,1등급
Rolls-Royce Cullinan,롤스로이스,승용차,일반형,내연기관,휘발유,6749,자동8,319,5.6,5등급
BMW 320d,BMW,승용차,일반형,내연기관,경유,1995,자동8,132,14.3,2등급
BMW 320d xDrive,BMW,승용차,일반형,내연기관,경유,1995,자동8,141,13.5,3등급
BMW M550d xDrive RDE,BMW,승용차,일반형,내연기관,경유,2993,자동8,183,10.6,4등급
BMW 220d,BMW,승용차,일반형,내연기관,경유,1995,자동8,137,13.9,2등급
아반떼(AD PE) 1.6디젤_7DCT (17''타이어),현대,승용차,일반형,내연기관,경유,1582,자동7,108,17.2,1등급
아반떼(AD PE) 1.6디젤 7DCT,현대,승용차,일반형,내연기관,경유,1582,자동7,104,17.8,1등급
캐딜락 CT6 2.0T,GM,승용차,일반형,내연기관,휘발유,1998,자동10,156,11,4등급
캐딜락 CT6 3.6,GM,승용차,일반형,내연기관,휘발유,3649,자동10,201,8.7,5등급
LEAF,닛산,승용차,일반형,전기,전기,0,없음,0,5.1,고속
C220 d ,벤츠,승용차,일반형,내연기관,경유,1950,자동9,131,14.4,2등급
BMW X7 xDrive30d,BMW,승용차,다목적형,내연기관,경유,2993,자동8,206,9.5,4등급
재규어 I-PACE EV400,재규어,승용차,다목적형,전기(MCT),전기,0,없음,0,3.5,고속
BMW i3 120Ah,BMW,승용차,일반형,전기(MCT),전기,0,없음,0,5.6,고속
Citroen C4 Cactus 1.5 BlueHDi,PSA Automobiles,승용차,일반형,내연기관,경유,1499,자동6,121,15.5,2등급
i30 1.6T-GDI_6MT (N_Line),현대,승용차,일반형,내연기관,휘발유,1591,수동6,148,11.4,4등급
i30 1.6T-GDI_7DCT (N_Line),현대,승용차,일반형,내연기관,휘발유,1591,자동7,143,11.8,3등급
G90 5.0GDI AWD 5인 (19“ 타이어),현대,승용차,일반형,내연기관,휘발유,5038,자동8,239,7.3,5등급
G90 3.8GDI 2WD 5인 (19“ 타이어),현대,승용차,일반형,내연기관,휘발유,3778,자동8,197,8.7,5등급
G90 3.8GDI AWD 5인 (19“ 타이어),현대,승용차,일반형,내연기관,휘발유,3778,자동8,212,8.1,5등급
G90 3.3T-GDI AWD 5인 (19“ 타이어),현대,승용차,일반형,내연기관,휘발유,3342,자동8,217,8,5등급
G90 3.3T-GDI 2WD 5인 (19“ 타이어),현대,승용차,일반형,내연기관,휘발유,3342,자동8,205,8.4,5등급
G90 5.0GDI AWD 4인 (19“ 타이어),현대,승용차,일반형,내연기관,휘발유,5038,자동8,239,7.3,5등급
G90 3.3T-GDI 2WD 5인 (18“ 타이어),현대,승용차,일반형,내연기관,휘발유,3342,자동8,196,8.8,5등급
G90 3.3T-GDI 2WD 4인 (19“ 타이어),현대,승용차,일반형,내연기관,휘발유,3342,자동8,205,8.4,5등급
G90 3.3T-GDI AWD 5인 (18“ 타이어),현대,승용차,일반형,내연기관,휘발유,3342,자동8,214,8.1,5등급
G90 3.3T-GDI AWD 4인 (19“ 타이어),현대,승용차,일반형,내연기관,휘발유,3342,자동8,217,8,5등급
G90 3.8GDI AWD 4인 (19“ 타이어),현대,승용차,일반형,내연기관,휘발유,3778,자동8,212,8.1,5등급
G90 3.8GDI 2WD 5인 (18“ 타이어),현대,승용차,일반형,내연기관,휘발유,3778,자동8,192,8.9,5등급
G90 3.8GDI 2WD 4인 (19“ 타이어),현대,승용차,일반형,내연기관,휘발유,3778,자동8,197,8.7,5등급
G90 3.8GDI AWD 5인 (18“ 타이어),현대,승용차,일반형,내연기관,휘발유,3778,자동8,210,8.2,5등급
Rolls-Royce Cullinan Black Badge,롤스로이스,승용차,일반형,내연기관,휘발유,6749,자동8,330,5.4,5등급
CHEVROLET CAMARO,GM,승용차,일반형,내연기관,휘발유,6162,자동10,240,7.4,5등급
짚 체로키 2.2,크라이슬러,승용차,다목적형,내연기관,경유,2184,자동9,175,11.1,4등급
BMW i8 LCI,BMW,승용차,일반형,PHEV,전기+휘발유,1499,자동6,55,3.2 / 12.7,PHEV
BMW X6 xDrive40i,BMW,승용차,다목적형,내연기관,휘발유,2998,자동8,227,7.6,5등급
말리부 1.35 TURBO,한국지엠,승용차,일반형,내연기관,휘발유,1341,무단변속,118,14.2,2등급
말리부 1.35 TURBO,한국지엠,승용차,일반형,내연기관,휘발유,1341,무단변속,126,13.3,3등급
짚 그랜드 체로키,크라이슬러,승용차,다목적형,내연기관,휘발유,3604,자동8,223,7.9,5등급
Mercedes-AMG SLC43,벤츠,승용차,일반형,내연기관,휘발유,2996,자동9,186,9.4,4등급
"G4 렉스턴 2.2 7AT 2WD SCR 7인승					",쌍용,승용차,다목적형,내연기관,경유,2157,자동7,186,10.5,4등급
"G4 렉스턴 2.2 7AT 4WD SCR 7인승				",쌍용,승용차,다목적형,내연기관,경유,2157,자동7,194,10.1,4등급
"G4 렉스턴 2.2 7AT 2WD SCR 5인승					",쌍용,승용차,다목적형,내연기관,경유,2157,자동7,186,10.5,4등급
"G4 렉스턴 2.2 7AT 4WD SCR 5인승				",쌍용,승용차,다목적형,내연기관,경유,2157,자동7,194,10.1,4등급
모하비 3.0 디젤 4WD 5인,기아,승용차,다목적형,내연기관,경유,2959,자동8,205,9.6,4등급
모하비 3.0 디젤 2WD 5인,기아,승용차,다목적형,내연기관,경유,2959,자동8,193,10.1,4등급
말리부 1.6 DIESEL,한국지엠,승용차,일반형,내연기관,경유,1598,자동6,130,14.5,2등급
말리부 1.6 DIESEL,한국지엠,승용차,일반형,내연기관,경유,1598,자동6,123,15.3,2등급
말리부 1.8 HYBRID,한국지엠,승용차,일반형,하이브리드,휘발유,1796,무단변속,95,17.1,1등급
BMW X5 xDrive30d,BMW,승용차,다목적형,내연기관,경유,2993,자동8,195,10,4등급
BMW 320i,BMW,승용차,일반형,내연기관,휘발유,1998,자동8,154,11,4등급
BMW Active Tourer,BMW,승용차,일반형,내연기관,경유,1995,자동8,120,15.6,2등급
Peugeot 508 2.0 BlueHDi,PSA Automobiles,승용차,일반형,내연기관,경유,1997,자동8,143,13.3,3등급
Rolls-Royce Cullinan,롤스로이스,승용차,일반형,내연기관,휘발유,6749,자동8,319,5.6,5등급
BMW X4 xDrive30d,BMW,승용차,다목적형,내연기관,경유,2993,자동8,174,11.1,4등급
Peugeot 508 GT 2.0 BlueHDi,PSA Automobiles,승용차,일반형,내연기관,경유,1997,자동8,143,13.3,3등급
BMW i8 Roadster,BMW,승용차,일반형,PHEV,전기+휘발유,1499,자동6,55,3.2 / 12.7,PHEV
K3 1.6 T-GDI 4DR 7DCT (SUMMER TIRE),기아,승용차,일반형,내연기관,휘발유,1591,자동7,139,12.1,3등급
K3 1.6 T-GDI 4DR 6MT (ALL SEASON TIRE),기아,승용차,일반형,내연기관,휘발유,1591,수동6,138,12.2,3등급
K3 1.6 T-GDI 4DR 7DCT (ALL SEASON TIRE),기아,승용차,일반형,내연기관,휘발유,1591,자동7,138,12.2,3등급
K3 1.6 T-GDI 5DR 7DCT (SUMMER TIRE),기아,승용차,일반형,내연기관,휘발유,1591,자동7,141,11.9,3등급
K3 1.6 T-GDI 5DR 7DCT (ALL SEASON TIRE),기아,승용차,일반형,내연기관,휘발유,1591,자동7,139,12.1,3등급
Aventador S Roadster,람보르기니,승용차,일반형,내연기관,휘발유,6498,자동7,408,4.4,5등급
Aventador S Coupe,람보르기니,승용차,일반형,내연기관,휘발유,6498,자동7,408,4.4,5등급
Peugeot 308 GT 2.0 BlueHDi,PSA Automobiles,승용차,일반형,내연기관,경유,1997,자동8,146,13.1,3등급
Peugeot 308 1.5 BlueHDi,PSA Automobiles,승용차,일반형,내연기관,경유,1499,자동8,125,15.1,2등급
Peugeot 2008 1.5 BlueHDi,PSA Automobiles,승용차,다목적형,내연기관,경유,1499,자동6,124,15.1,2등급
Arteon 2.0 TDI,폭스바겐,승용차,일반형,내연기관,경유,1968,자동7,125,15,2등급
Peugeot 3008 1.5 BlueHDi,PSA Automobiles,승용차,다목적형,내연기관,경유,1499,자동8,135,14,2등급
Arteon 2.0 TDI,폭스바겐,승용차,일반형,내연기관,경유,1968,자동7,125,15,2등급
짚 랭글러 스포츠,크라이슬러,승용차,다목적형,내연기관,휘발유,1995,자동8,179,9.6,4등급
짚 랭글러 루비콘,크라이슬러,승용차,다목적형,내연기관,휘발유,1995,자동8,201,8.7,5등급
BMW X5 xDrive30d,BMW,승용차,다목적형,내연기관,경유,2993,자동8,195,10,4등급
짚 그랜드 체로키,크라이슬러,승용차,다목적형,내연기관,휘발유,3604,자동8,223,7.9,5등급
토요타 Avalon Hybrid,토요타,승용차,일반형,하이브리드,휘발유,2487,무단변속,96,16.6,1등급
BMW X5 M50d,BMW,승용차,다목적형,내연기관,경유,2993,자동8,202,9.7,4등급
DS7 Crossback 2.0 BlueHDi,PSA Automobiles,승용차,다목적형,내연기관,경유,1997,자동8,149,12.8,3등급
렉서스 ES300h,토요타,승용차,일반형,하이브리드,휘발유,2487,무단변속,93,17,1등급
Peugeot 3008 GT 2.0 BlueHDi,PSA Automobiles,승용차,다목적형,내연기관,경유,1997,자동8,148,12.9,3등급
Peugeot 5008 1.5 BlueHDi,PSA Automobiles,승용차,다목적형,내연기관,경유,1499,자동8,135,14,2등급
Peugeot 5008 GT 2.0 BlueHDi,PSA Automobiles,승용차,다목적형,내연기관,경유,1997,자동8,148,12.9,3등급
스팅어 2.2디젤 2WD_17인치타이어,기아,승용차,일반형,내연기관,경유,2199,자동8,126,15,2등급
스팅어 2.2디젤 AWD_18인치타이어,기아,승용차,일반형,내연기관,경유,2199,자동8,147,13,3등급
스팅어 2.2디젤 2WD_18인치타이어,기아,승용차,일반형,내연기관,경유,2199,자동8,135,14.1,2등급
스팅어 2.2디젤 AWD_17인치타이어,기아,승용차,일반형,내연기관,경유,2199,자동8,143,13.3,3등급
BMW 620d,BMW,승용차,일반형,내연기관,경유,1995,자동8,142,13.4,3등급
BMW 520d xDrive,BMW,승용차,일반형,내연기관,경유,1995,자동8,141,13.5,3등급
BMW X4 xDrive20d,BMW,승용차,다목적형,내연기관,경유,1995,자동8,166,11.5,4등급
BMW X1 xDrive25i,BMW,승용차,다목적형,내연기관,휘발유,1998,자동8,187,9.4,4등급
MINI John Cooper Works Convertible,MINI,승용차,일반형,내연기관,휘발유,1998,자동6,154,11.1,4등급
BMW X2 xDrive25i,BMW,승용차,다목적형,내연기관,휘발유,1998,자동8,172,10.1,4등급
아반떼(AD PE) 1.6가솔린,현대,승용차,일반형,내연기관,휘발유,1598,수동6,119,14,2등급
아반떼(AD PE) 1.6가솔린 (17'''타이어),현대,승용차,일반형,내연기관,휘발유,1598,무단변속,118,14.1,2등급
아반떼(AD PE) 1.6가솔린 (16'''타이어),현대,승용차,일반형,내연기관,휘발유,1598,무단변속,115,14.4,2등급
아반떼(AD PE) 1.6가솔린 (15'''타이어),현대,승용차,일반형,내연기관,휘발유,1598,무단변속,108,15.2,2등급
"스포티지 1.6디젤 4WD (PE/19""타이어)",기아,승용차,다목적형,내연기관,경유,1598,자동7,137,13.8,2등급
"스포티지 1.6디젤 4WD (PE/18""타이어)",기아,승용차,다목적형,내연기관,경유,1598,자동7,134,14.1,2등급
"스포티지 1.6디젤 4WD (PE/17""타이어)",기아,승용차,다목적형,내연기관,경유,1598,자동7,129,14.6,2등급
"스포티지 1.6디젤 2WD (PE/19""타이어)",기아,승용차,다목적형,내연기관,경유,1598,자동7,122,15.3,2등급
"스포티지 2.0디젤 4WD (PE/19""타이어)",기아,승용차,다목적형,내연기관,경유,1995,자동8,154,12.4,3등급
"스포티지 2.0디젤 4WD (PE/18""타이어)",기아,승용차,다목적형,내연기관,경유,1995,자동8,151,12.7,3등급
"스포티지 2.0디젤 4WD (PE/17""타이어)",기아,승용차,다목적형,내연기관,경유,1995,자동8,148,12.9,3등급
"스포티지 2.0디젤 2WD 8AT (PE/19""타이어)",기아,승용차,다목적형,내연기관,경유,1995,자동8,137,13.8,2등급
"스포티지 2.0디젤 2WD 8AT (PE/18""타이어)",기아,승용차,다목적형,내연기관,경유,1995,자동8,134,14.1,2등급
"스포티지 2.0디젤 2WD 8AT (PE/17""타이어)",기아,승용차,다목적형,내연기관,경유,1995,자동8,131,14.4,2등급
"스포티지 1.6디젤 2WD (PE/18""타이어)",기아,승용차,다목적형,내연기관,경유,1598,자동7,118,15.8,2등급
"스포티지 1.6디젤 2WD (PE/17""타이어)",기아,승용차,다목적형,내연기관,경유,1598,자동7,114,16.3,1등급
"스토닉 1.6디젤 7DCT 19MY (15"" 타이어) (15)",기아,승용차,기타형,내연기관,경유,1582,자동7,109,17,1등급
"스토닉 1.6디젤 7DCT 19MY (17"" 타이어) (15)",기아,승용차,기타형,내연기관,경유,1582,자동7,111,16.7,1등급
"스토닉 1.4 가솔린 6AT 19MY (17""타이어) (15)",기아,승용차,기타형,내연기관,휘발유,1368,자동6,132,12.6,3등급
"스포티지 2.0디젤 2WD 6MT (PE/19""타이어)",기아,승용차,다목적형,내연기관,경유,1995,수동6,132,14.3,2등급
"스포티지 2.0디젤 2WD 6MT (PE/18""타이어)",기아,승용차,다목적형,내연기관,경유,1995,수동6,131,14.4,2등급
"스포티지 2.0디젤 2WD 6MT (PE/17""타이어)",기아,승용차,다목적형,내연기관,경유,1995,수동6,125,15,2등급
"스토닉 1.0 T-GDI 7DCT (17""타이어)",기아,승용차,기타형,내연기관,휘발유,998,자동7,123,13.5,3등급
"스토닉 1.0 T-GDI 7DCT (15""타이어)",기아,승용차,기타형,내연기관,휘발유,998,자동7,121,13.7,3등급
BMW M5 Competition Package,BMW,승용차,일반형,내연기관,휘발유,4395,자동8,227,7.7,5등급
"투싼 개조차 1.6T-GDI 2WD (18""타이어)",현대,승용차,다목적형,내연기관,휘발유,1591,자동7,144,11.6,3등급
"투싼 개조차 1.6T-GDI AWD (17""타이어)",현대,승용차,다목적형,내연기관,휘발유,1591,자동7,154,10.9,4등급
"투싼 개조차 1.6T-GDI 2WD (19""타이어)",현대,승용차,다목적형,내연기관,휘발유,1591,자동7,148,11.3,4등급
"투싼 개조차 1.6T-GDI 2WD (17""타이어)",현대,승용차,다목적형,내연기관,휘발유,1591,자동7,141,11.9,3등급
"투싼 개조차 1.6T-GDI AWD (18""타이어)",현대,승용차,다목적형,내연기관,휘발유,1591,자동7,157,10.7,4등급
"투싼 개조차 1.6T-GDI AWD (19""타이어)",현대,승용차,다목적형,내연기관,휘발유,1591,자동7,162,10.4,4등급
"투싼 개조차 2.0디젤 AWD (19""타이어)",현대,승용차,다목적형,내연기관,경유,1995,자동8,154,12.4,3등급
"투싼 개조차 2.0디젤 AWD (18""타이어)",현대,승용차,다목적형,내연기관,경유,1995,자동8,151,12.7,3등급
"투싼 개조차 2.0디젤 AWD (17""타이어)",현대,승용차,다목적형,내연기관,경유,1995,자동8,145,13.1,3등급
"투싼 개조차 1.6디젤 AWD (19""타이어)",현대,승용차,다목적형,내연기관,경유,1598,자동7,137,13.8,2등급
"투싼 개조차 1.6디젤 AWD (18""타이어)",현대,승용차,다목적형,내연기관,경유,1598,자동7,134,14.1,2등급
"투싼 개조차 1.6디젤 AWD (17""타이어)",현대,승용차,다목적형,내연기관,경유,1598,자동7,130,14.4,2등급
"투싼 개조차 2.0디젤 2WD 8AT (17""타이어)",현대,승용차,다목적형,내연기관,경유,1995,자동8,131,14.4,2등급
"투싼 개조차 1.6디젤 2WD (19""타이어)",현대,승용차,다목적형,내연기관,경유,1598,자동7,122,15.3,2등급
"투싼 개조차 1.6디젤 2WD (17""타이어)",현대,승용차,다목적형,내연기관,경유,1598,자동7,115,16.3,1등급
"투싼 개조차 1.6디젤 2WD (18""타이어)",현대,승용차,다목적형,내연기관,경유,1598,자동7,118,15.8,2등급
"투싼 개조차 2.0디젤 2WD 8AT (19""타이어)",현대,승용차,다목적형,내연기관,경유,1995,자동8,137,13.8,2등급
"투싼 개조차 2.0디젤 2WD 8AT (18""타이어)",현대,승용차,다목적형,내연기관,경유,1995,자동8,134,14.1,2등급
"스포티지 2.0MPI (PE/18"",19""타이어)",기아,승용차,다목적형,내연기관,휘발유,1999,자동6,161,10.5,4등급
"스포티지 2.0MPI (PE/17""타이어)",기아,승용차,다목적형,내연기관,휘발유,1999,자동6,156,10.8,4등급
GLS350 d 4Matic,벤츠,승용차,다목적형,내연기관,경유,2987,자동9,204,9.6,4등급
그랜드스타렉스(PE2)2.5디젤 4WD 리무진 (6P_N/HR),현대,승용차,기타형,내연기관,경유,2497,자동5,237,8.3,5등급
모하비 3.0 디젤 2WD 7인,기아,승용차,다목적형,내연기관,경유,2959,자동8,193,10.1,4등급
모하비 3.0 디젤 4WD 7인,기아,승용차,다목적형,내연기관,경유,2959,자동8,205,9.6,4등급
BMW X6 M50d WLTP,BMW,승용차,다목적형,내연기관,경유,2993,자동8,221,8.9,5등급
BMW X6 xDrive30d WLTP,BMW,승용차,다목적형,내연기관,경유,2993,자동8,195,10,4등급
BMW M2 Competition Package,BMW,승용차,일반형,내연기관,휘발유,2979,자동7,193,9,5등급
짚 랭글러 사하라,크라이슬러,승용차,다목적형,내연기관,휘발유,1995,자동8,193,9,5등급
짚 랭글러 스포츠,크라이슬러,승용차,다목적형,내연기관,휘발유,1995,자동8,193,9,5등급
BMW 320d xDrive Gran Turismo WLTP,BMW,승용차,일반형,내연기관,경유,1995,자동8,158,12.1,3등급
BMW 435d xDrive Gran Coupe WLTP,BMW,승용차,일반형,내연기관,경유,2993,자동8,167,11.5,4등급
BMW X6 xDrive40d WLTP,BMW,승용차,다목적형,내연기관,경유,2993,자동8,207,9.4,4등급
MINI Cooper SD Clubman,MINI,승용차,일반형,내연기관,경유,1995,자동8,129,14.6,2등급
BMW X4 M40d,BMW,승용차,다목적형,내연기관,경유,2993,자동8,182,10.7,4등급
Rolls-Royce Cullinan Black Badge,롤스로이스,승용차,일반형,내연기관,휘발유,6749,자동8,330,5.4,5등급
BMW 320d Gran Turismo WLTP,BMW,승용차,일반형,내연기관,경유,1995,자동8,147,13,3등급
Mercedes-AMG GT R,벤츠,승용차,일반형,내연기관,휘발유,3982,자동7,251,7.1,5등급
BMW X1 xDrive20d,BMW,승용차,다목적형,내연기관,경유,1995,자동8,131,14.4,2등급
BMW X1 xDrive18d,BMW,승용차,다목적형,내연기관,경유,1995,자동8,159,12,3등급
MINI Cooper SD Countryman ALL4,MINI,승용차,다목적형,내연기관,경유,1995,자동8,144,13.2,3등급
MINI Cooper D Countryman ALL4,MINI,승용차,다목적형,내연기관,경유,1995,자동8,141,13.4,3등급
BMW M550d xDrive WLTP,BMW,승용차,일반형,내연기관,경유,2993,자동8,173,11.2,4등급
BMW 740Ld xDrive WLTP,BMW,승용차,일반형,내연기관,경유,2993,자동8,174,11.1,4등급
BMW 420d Coupe WLTP,BMW,승용차,일반형,내연기관,경유,1995,자동8,139,13.7,3등급
BMW 530d WLTP,BMW,승용차,일반형,내연기관,경유,2993,자동8,151,12.6,3등급
BMW 420d xDrive Gran Coupe WLTP,BMW,승용차,일반형,내연기관,경유,1995,자동8,162,11.9,3등급
BMW 420d Grand Coupe WLTP,BMW,승용차,일반형,내연기관,경유,1995,자동8,153,12.4,3등급
"니로 전기차 (경제형, 39.2kWh)",기아,승용차,기타형,전기(MCT),전기,0,없음,0,5.5,고속
"니로 전기차 (경제형, 39.2kWh)",기아,승용차,기타형,전기,전기,0,없음,0,5.5,고속
"니로 전기차 (기본형, 64kWh)",기아,승용차,기타형,전기(MCT),전기,0,없음,0,5.3,고속
"니로 전기차 (기본형, 64kWh)",기아,승용차,기타형,전기,전기,0,없음,0,5.3,고속
BMW X2 xDrive20d,BMW,승용차,다목적형,내연기관,경유,1995,자동8,133,14.2,2등급
MINI Cooper D Clubman,MINI,승용차,일반형,내연기관,경유,1995,자동8,128,14.7,2등급
BMW 740d xDrive WLTP,BMW,승용차,일반형,내연기관,경유,2993,자동8,166,11.6,3등급
BMW 730d xDrive WLTP,BMW,승용차,일반형,내연기관,경유,2993,자동8,166,11.6,3등급
트랙스 1.6 디젤,한국지엠,승용차,기타형,내연기관,경유,1598,자동6,135,14.1,2등급
카니발 3.3GDI 하이리무진 9인,기아,승용차,기타형,내연기관,휘발유,3342,자동8,228,7.6,5등급
카니발 3.3GDI 하이리무진 7인,기아,승용차,기타형,내연기관,휘발유,3342,자동8,218,7.9,5등급
BMW 520i,BMW,승용차,일반형,내연기관,휘발유,1998,자동8,153,10.9,4등급
"카니발 2.2디젤 하이리무진 9인(19"" 타이어)",기아,승용차,기타형,내연기관,경유,2199,자동8,189,10.3,4등급
"카니발 2.2디젤 하이리무진 7인(19"" 타이어)",기아,승용차,기타형,내연기관,경유,2199,자동8,189,10.3,4등급
"카니발 2.2디젤 아웃도어 9인(19"" 타이어)",기아,승용차,기타형,내연기관,경유,2199,자동8,189,10.3,4등급
"카니발 2.2디젤 하이리무진 11인(18"" 타이어)",기아,승합차,일반형,내연기관,경유,2199,자동8,189,10.3,4등급
"카니발 2.2디젤 하이리무진 9인(18"" 타이어)",기아,승용차,기타형,내연기관,경유,2199,자동8,189,10.3,4등급
A5 Cabriolet 45 TFSI quattro,아우디,승용차,일반형,내연기관,휘발유,1984,자동7,177,9.7,4등급
BMW 320d Touring WLTP,BMW,승용차,일반형,내연기관,경유,1995,자동8,149,12.8,3등급
BMW 118d WLTP,BMW,승용차,일반형,내연기관,경유,1995,자동8,136,13.9,2등급
MINI Cooper D Five Door,MINI,승용차,일반형,내연기관,경유,1496,자동7,113,16.5,1등급
MINI Cooper D,MINI,승용차,일반형,내연기관,경유,1496,자동7,109,16.9,1등급
MINI Cooper SD Five Door,MINI,승용차,일반형,내연기관,경유,1995,자동8,119,15.8,2등급
MINI Cooper SD,MINI,승용차,일반형,내연기관,경유,1995,자동8,116,16.1,1등급
BMW M3 CS,BMW,승용차,일반형,내연기관,휘발유,2979,자동7,190,9.1,5등급
짚 랭글러 루비콘,크라이슬러,승용차,다목적형,내연기관,휘발유,1995,자동8,210,8.2,5등급
벨로스터 N 2.0T-GDI (PP),현대,승용차,일반형,내연기관,휘발유,1998,수동6,162,10.5,4등급
벨로스터 N 2.0T-GDI (STD),현대,승용차,일반형,내연기관,휘발유,1998,수동6,159,10.7,4등급
Passat 2.0 TSI,폭스바겐,승용차,일반형,내연기관,휘발유,1984,자동6,142,12.1,3등급
스파크 1.0,한국지엠,승용차,일반형,내연기관,휘발유,999,수동5,109,15,경형
스파크 1.0,한국지엠,승용차,일반형,내연기관,휘발유,999,무단변속,109,15,경형
스파크 밴 1.0,한국지엠,승용차,밴형,내연기관,휘발유,999,수동5,109,15,경형
스파크 밴 1.0,한국지엠,승용차,밴형,내연기관,휘발유,999,무단변속,109,15,경형
E220 d Cabriolet,벤츠,승용차,일반형,내연기관,경유,1950,자동9,132,14.3,2등급
E220 d Cabriolet,벤츠,승용차,일반형,내연기관,경유,1950,자동9,134,14.2,2등급
K5 2.0GDI 하이브리드 개조차_17인치타이어,기아,승용차,일반형,하이브리드,휘발유,1999,자동6,94,17.2,1등급
K5 2.0GDI 하이브리드 개조차_16인치타이어,기아,승용차,일반형,하이브리드,휘발유,1999,자동6,89,18,1등급
그랜드스타렉스(PE2)2.5디젤 4WD 리무진 (9P_N/HR),현대,승용차,기타형,내연기관,경유,2497,자동5,237,8.3,5등급
S350 L,벤츠,승용차,일반형,내연기관,휘발유,2996,자동9,197,8.9,5등급
E450 4Matic,벤츠,승용차,일반형,내연기관,휘발유,2996,자동9,190,9.2,5등급
Mercedes-Benz E 450 4MATIC Coupe,벤츠,승용차,일반형,내연기관,휘발유,2996,자동9,192,9.1,5등급
쏘나타(LF)개조차 2.0LPI AT_택시,현대,승용차,일반형,내연기관,LPG,1999,자동6,139,9.4,4등급
짚 레니게이드,크라이슬러,승용차,다목적형,내연기관,경유,1956,자동9,163,11.8,3등급
MINI Countryman John Cooper Works ALL4,MINI,승용차,다목적형,내연기관,휘발유,1998,자동8,164,10.2,4등급
A3 40 TFSI,아우디,승용차,일반형,내연기관,휘발유,1984,자동7,146,11.5,4등급
짚 그랜드 체로키,크라이슬러,승용차,다목적형,내연기관,경유,2987,자동8,201,9.7,4등급
스팅어 3.3T-GDI AWD_19인치타이어_19MY,기아,승용차,일반형,내연기관,휘발유,3342,자동8,202,8.4,5등급
스팅어 3.3T-GDI 2WD_19인치타이어_19MY,기아,승용차,일반형,내연기관,휘발유,3342,자동8,192,8.8,5등급
스팅어 2.0T-GDI 2WD_19인치타이어_19MY,기아,승용차,일반형,내연기관,휘발유,1998,자동8,165,10.1,4등급
스팅어 2.0T-GDI AWD_19인치타이어_19MY,기아,승용차,일반형,내연기관,휘발유,1998,자동8,179,9.4,4등급
스팅어 2.0T-GDI AWD_18인치타이어_19MY,기아,승용차,일반형,내연기관,휘발유,1998,자동8,175,9.6,4등급
짚 체로키 2.2,크라이슬러,승용차,다목적형,내연기관,경유,2184,자동9,152,12.6,3등급
K01H,DFSK,화물차,화물,내연기관,휘발유,1240,수동5,166,10.1,4등급
C35S2,DFSK,화물차,밴형,내연기관,휘발유,1493,수동5,174,9.7,4등급
C35S5,DFSK,화물차,밴형,내연기관,휘발유,1493,수동5,174,9.7,4등급
렉서스 LS500 2WD,토요타,승용차,일반형,내연기관,휘발유,3445,자동10,198,8.8,5등급
렉서스 LS500 AWD,토요타,승용차,일반형,내연기관,휘발유,3445,자동10,219,8,5등급
"쏘렌토(19MY) 2.0디젤 2WD ISG 5인 (18"" 타이어)",기아,승용차,다목적형,내연기관,경유,1995,자동8,138,13.8,2등급
"쏘렌토(19MY) 2.0디젤 2WD ISG 7인 (19"" 타이어)",기아,승용차,다목적형,내연기관,경유,1995,자동8,146,13.1,3등급
"쏘렌토(19MY) 2.0디젤 2WD ISG 7인 (18"" 타이어)",기아,승용차,다목적형,내연기관,경유,1995,자동8,144,13.2,3등급
"쏘렌토(19MY) 2.2디젤 2WD ISG 7인(19"" 타이어)",기아,승용차,다목적형,내연기관,경유,2199,자동8,144,13.2,3등급
"쏘렌토(19MY) 2.2디젤 2WD ISG 7인(18"" 타이어)",기아,승용차,다목적형,내연기관,경유,2199,자동8,142,13.4,3등급
"쏘렌토(19MY) 2.2디젤 2WD ISG 5인 (18"" 타이어)",기아,승용차,다목적형,내연기관,경유,2199,자동8,140,13.6,3등급
"쏘렌토(19MY) 2.0디젤 2WD ISG 5인 (19"" 타이어)",기아,승용차,다목적형,내연기관,경유,1995,자동8,146,13.1,3등급
"쏘렌토(19MY) 2.2디젤 2WD ISG 5인(19"" 타이어)",기아,승용차,다목적형,내연기관,경유,2199,자동8,144,13.2,3등급
GLC350 e 4Matic,벤츠,승용차,다목적형,PHEV,전기+휘발유,1991,자동7,92,2.3 / 9.7,PHEV
쏘렌토(19MY) 2.2디젤 AWD ISG 5인 18인치,기아,승용차,다목적형,내연기관,경유,2199,자동8,154,12.4,3등급
쏘렌토(19MY) 2.2디젤 AWD ISG 7인 18인치,기아,승용차,다목적형,내연기관,경유,2199,자동8,157,12.2,3등급
쏘렌토(19MY) 2.0디젤 AWD ISG 5인 18인치,기아,승용차,다목적형,내연기관,경유,1995,자동8,155,12.4,3등급
쏘렌토(19MY) 2.0디젤 AWD ISG 7인 18인치,기아,승용차,다목적형,내연기관,경유,1995,자동8,158,12.2,3등급
쏘렌토(19MY) 2.2디젤 AWD ISG 5인 19인치,기아,승용차,다목적형,내연기관,경유,2199,자동8,157,12.2,3등급
쏘렌토(19MY) 2.0디젤 AWD ISG 5인 19인치,기아,승용차,다목적형,내연기관,경유,1995,자동8,160,12,3등급
쏘렌토(19MY) 2.0디젤 AWD ISG 7인 19인치,기아,승용차,다목적형,내연기관,경유,1995,자동8,165,11.7,3등급
쏘렌토(19MY) 2.2디젤 AWD ISG 7인 19인치,기아,승용차,다목적형,내연기관,경유,2199,자동8,160,12,3등급
A220 Hatchback,벤츠,승용차,일반형,내연기관,휘발유,1991,자동7,140,12.3,3등급
CHEVROLET EQUINOX FWD,GM,승용차,다목적형,내연기관,경유,1598,자동6,143,13.3,3등급
CHEVROLET EQUINOX AWD,GM,승용차,다목적형,내연기관,경유,1598,자동6,148,12.9,3등급
"카니발 2.2디젤 2WD 11인승 (18"" 타이어)",기아,승합차,일반형,내연기관,경유,2199,자동8,172,11.3,4등급
"카니발 2.2디젤 2WD 11인승 (17"" 타이어)",기아,승합차,일반형,내연기관,경유,2199,자동8,169,11.4,4등급
"카니발 2.2디젤 2WD 9인승 (19"" 타이어)",기아,승용차,기타형,내연기관,경유,2199,자동8,171,11.3,4등급
카니발 2.2디젤 2WD 9인승 (18'' 타이어),기아,승용차,기타형,내연기관,경유,2199,자동8,170,11.4,4등급
카니발 3.3GDI 9인승 (19'' 타이어),기아,승용차,기타형,내연기관,휘발유,3342,자동8,210,8.2,5등급
"카니발 2.2디젤 2WD 7인승 (19"" 타이어)",기아,승용차,기타형,내연기관,경유,2199,자동8,171,11.3,4등급
카니발 3.3GDI 7인승 (19'' 타이어),기아,승용차,기타형,내연기관,휘발유,3342,자동8,210,8.2,5등급
코나 전기자동차 (도심형),현대,승용차,다목적형,전기(MCT),전기,0,없음,0,5.8,고속
코나 전기자동차 (기본형),현대,승용차,다목적형,전기(MCT),전기,0,없음,0,5.6,고속
코나 전기자동차 (도심형),현대,승용차,다목적형,전기,전기,0,없음,0,5.8,고속
코나 전기자동차 (기본형),현대,승용차,다목적형,전기,전기,0,없음,0,5.6,고속
Mercedces-AMG GT S,벤츠,승용차,일반형,내연기관,휘발유,3982,자동7,229,7.7,5등급
Mercedces-AMG GT,벤츠,승용차,일반형,내연기관,휘발유,3982,자동7,222,8,5등급
K9(RJ) 3.3GDI AWD 19인치 타이어,기아,승용차,일반형,내연기관,휘발유,3342,자동8,206,8.4,5등급
K9(RJ) 3.3T-GDI AWD 19인치 타이어,기아,승용차,일반형,내연기관,휘발유,3342,자동8,213,8.1,5등급
K9(RJ) 5.0GDI AWD 19인치 타이어,기아,승용차,일반형,내연기관,휘발유,5038,자동8,231,7.5,5등급
K9(RJ) 3.8GDI AWD 19인치 타이어,기아,승용차,일반형,내연기관,휘발유,3778,자동8,207,8.3,5등급
K9(RJ) 3.8GDI AWD 18인치 타이어,기아,승용차,일반형,내연기관,휘발유,3778,자동8,204,8.4,5등급
K9(RJ) 3.3GDI AWD 18인치 타이어,기아,승용차,일반형,내연기관,휘발유,3342,자동8,203,8.5,5등급
K9(RJ) 3.8GDI 2WD 19인치 타이어,기아,승용차,일반형,내연기관,휘발유,3778,자동8,196,8.8,5등급
K9(RJ) 3.8GDI 2WD 18인치 타이어,기아,승용차,일반형,내연기관,휘발유,3778,자동8,192,9,5등급
K9(RJ) 3.3T-GDI 2WD 19인치 타이어,기아,승용차,일반형,내연기관,휘발유,3342,자동8,199,8.7,5등급
K9(RJ) 3.3GDI 2WD 19인치 타이어,기아,승용차,일반형,내연기관,휘발유,3342,자동8,197,8.7,5등급
K9(RJ) 3.3GDI 2WD 18인치 타이어,기아,승용차,일반형,내연기관,휘발유,3342,자동8,188,9.1,5등급
K5 2.0CVVL 개조차_18인치 타이어 (15),기아,승용차,일반형,내연기관,휘발유,1999,자동6,144,11.6,3등급
K5 개조차 2.0LPI AT_택시,기아,승용차,일반형,내연기관,LPG,1999,자동6,139,9.4,4등급
GLC350 e 4Matic,벤츠,승용차,다목적형,PHEV,전기+휘발유,1991,자동7,70,2.6 / 10.2,PHEV
K9 PE 3.3T-GDI 2WD 19인치,기아,승용차,일반형,내연기관,휘발유,3342,자동8,199,8.7,5등급
토요타 Prius C,토요타,승용차,일반형,하이브리드,휘발유,1497,무단변속,84,18.6,1등급
BMW i3 94Ah,BMW,승용차,일반형,전기(MCT),전기,0,없음,0,5.4,고속
BMW i3 94Ah,BMW,승용차,일반형,전기,전기,0,없음,0,5.4,고속
아이오닉 전기차 (18MY),현대,승용차,일반형,전기(MCT),전기,0,없음,0,6.3,고속
아이오닉 전기차 (18MY),현대,승용차,일반형,전기,전기,0,없음,0,6.3,고속
Mustang 2.3 Convertible,포드,승용차,일반형,내연기관,휘발유,2261,자동10,179,9.4,4등급
Mustang GT 5.0 Convertible,포드,승용차,일반형,내연기관,휘발유,5035,자동10,227,7.5,5등급
Mustang GT 5.0 Coupe,포드,승용차,일반형,내연기관,휘발유,5035,자동10,227,7.5,5등급
Mustang 2.3 Coupe,포드,승용차,일반형,내연기관,휘발유,2261,자동10,179,9.4,4등급
BMW M5,BMW,승용차,일반형,내연기관,휘발유,4395,자동8,218,8.1,5등급
넥쏘 수소전기차(19인치타이어),현대,승용차,다목적형,FCEV,수소,0,없음,0,0,수소
넥쏘 수소전기차(17인치타이어),현대,승용차,다목적형,FCEV,수소,0,없음,0,0,수소
K3 1.6 가솔린 CVT (17인치 타이어),기아,승용차,일반형,내연기관,휘발유,1598,무단변속,117,14.1,2등급
K3 1.6 가솔린 CVT (15인치 타이어),기아,승용차,일반형,내연기관,휘발유,1598,무단변속,108,15.2,2등급
K3 1.6 가솔린 CVT (16인치 타이어),기아,승용차,일반형,내연기관,휘발유,1598,무단변속,114,14.4,2등급
렉서스 RC200t,토요타,승용차,일반형,내연기관,휘발유,1998,자동8,175,9.9,4등급
싼타페 2.0 디젤 2WD 5인 (19'' 타이어),현대,승용차,다목적형,내연기관,경유,1995,자동8,141,13.5,3등급
싼타페 2.0 디젤 2WD 7인 (19'' 타이어),현대,승용차,다목적형,내연기관,경유,1995,자동8,146,13.1,3등급
싼타페 2.2 디젤 AWD 7인 (19'' 타이어),현대,승용차,다목적형,내연기관,경유,2199,자동8,160,12,3등급
싼타페 2.2 디젤 AWD 7인 (18'' 타이어),현대,승용차,다목적형,내연기관,경유,2199,자동8,156,12.3,3등급
싼타페 2.2 디젤 2WD 5인 (19'' 타이어),현대,승용차,다목적형,내연기관,경유,2199,자동8,144,13.3,3등급
싼타페 2.2 디젤 2WD 5인 (18'' 타이어),현대,승용차,다목적형,내연기관,경유,2199,자동8,140,13.6,3등급
싼타페 2.2 디젤 2WD 7인 (19'' 타이어),현대,승용차,다목적형,내연기관,경유,2199,자동8,149,12.8,3등급
싼타페 2.2 디젤 2WD 7인 (18'' 타이어),현대,승용차,다목적형,내연기관,경유,2199,자동8,146,13,3등급
싼타페 2.0 디젤 2WD 7인 (18'' 타이어),현대,승용차,다목적형,내연기관,경유,1995,자동8,138,13.8,2등급
싼타페 2.0T-GDI 2WD 7인,현대,승용차,다목적형,내연기관,휘발유,1998,자동8,180,9.5,4등급
싼타페 2.0T-GDI 4WD 7인,현대,승용차,다목적형,내연기관,휘발유,1998,자동8,190,9,5등급
싼타페 2.0 디젤 AWD 7인 (19'' 타이어),현대,승용차,다목적형,내연기관,경유,1995,자동8,160,12,3등급
싼타페 2.0 디젤 AWD 7인 (18'' 타이어),현대,승용차,다목적형,내연기관,경유,1995,자동8,156,12.3,3등급
싼타페 2.2 디젤 AWD 5인 (19'' 타이어),현대,승용차,다목적형,내연기관,경유,2199,자동8,160,12,3등급
싼타페 2.2 디젤 AWD 5인 (18'' 타이어),현대,승용차,다목적형,내연기관,경유,2199,자동8,156,12.3,3등급
싼타페 2.0T-GDI 2WD 5인,현대,승용차,다목적형,내연기관,휘발유,1998,자동8,180,9.5,4등급
싼타페 2.0T-GDI 4WD 5인,현대,승용차,다목적형,내연기관,휘발유,1998,자동8,190,9,5등급
싼타페 2.0 디젤 AWD 5인 (19'' 타이어),현대,승용차,다목적형,내연기관,경유,1995,자동8,160,12,3등급
싼타페 2.0 디젤 AWD 5인 (18'' 타이어),현대,승용차,다목적형,내연기관,경유,1995,자동8,156,12.3,3등급
싼타페 2.0 디젤 2WD 5인 (18'' 타이어),현대,승용차,다목적형,내연기관,경유,1995,자동8,138,13.8,2등급
Passat GT 2.0 TDI,폭스바겐,승용차,일반형,내연기관,경유,1968,자동6,125,15.1,2등급
Passat GT 2.0 TDI 4Motion,폭스바겐,승용차,일반형,내연기관,경유,1968,자동6,140,13.6,3등급
A4 40 TFSI,아우디,승용차,일반형,내연기관,휘발유,1984,자동7,139,12.3,3등급
Mercedces-AMG C43 Cabriolet,벤츠,승용차,일반형,내연기관,휘발유,2996,자동9,199,8.8,5등급
K5 1.6T-GDI 개조차_17인치 타이어 (15),기아,승용차,일반형,내연기관,휘발유,1591,자동7,130,12.8,3등급
K5 2.0CVVL 개조차_16인치 타이어 (15),기아,승용차,일반형,내연기관,휘발유,1999,자동6,136,12.3,3등급
K5 1.6T-GDI 개조차_18인치 타이어 (15),기아,승용차,일반형,내연기관,휘발유,1591,자동7,134,12.3,3등급
K5(JF) 1.6T-GDI 개조차_16인치 타이어 (15),기아,승용차,일반형,내연기관,휘발유,1591,자동7,127,13,3등급
벨로스터 1.6T-GDI 7DCT (ALL SEASON TIRE),현대,승용차,일반형,내연기관,휘발유,1591,자동7,132,12.6,3등급
벨로스터 1.6T-GDI 6MT (ALL SEASON TIRE),현대,승용차,일반형,내연기관,휘발유,1591,수동6,132,12.6,3등급
벨로스터 1.4T-GDI 7DCT,현대,승용차,일반형,내연기관,휘발유,1353,자동7,127,13.1,3등급
벨로스터 1.6T-GDI 6MT (SUMMER TIRE),현대,승용차,일반형,내연기관,휘발유,1591,수동6,134,12.4,3등급
벨로스터 1.6T-GDI 7DCT (SUMMMER TIRE),현대,승용차,일반형,내연기관,휘발유,1591,자동7,134,12.4,3등급
K5 2.0CVVL 개조차_17인치 타이어 (15),기아,승용차,일반형,내연기관,휘발유,1999,자동6,137,12.1,3등급
재규어 F-TYPE P300 Coupe,재규어,승용차,일반형,내연기관,휘발유,1997,자동8,172,9.8,4등급
캐딜락 ATS RWD,GM,승용차,일반형,내연기관,휘발유,1998,자동8,157,11,4등급
캐딜락 CTS AWD,GM,승용차,일반형,내연기관,휘발유,1998,자동8,185,9.5,4등급
캐딜락 ATS COUPE,GM,승용차,일반형,내연기관,휘발유,1998,자동8,157,11,4등급
CR-V 4WD,혼다,승용차,다목적형,내연기관,휘발유,1498,무단변속,145,11.4,4등급
K7 2.4GDI 18MY (19인치타이어) (15),기아,승용차,일반형,내연기관,휘발유,2359,자동6,156,10.7,4등급
K7 2.4GDI 18MY (18인치타이어) (15),기아,승용차,일반형,내연기관,휘발유,2359,자동6,152,11.1,4등급
"K7 2.2디젤 (19""타이어)",기아,승용차,일반형,내연기관,경유,2199,자동8,135,14.1,2등급
"K7 2.2디젤 (18""타이어)",기아,승용차,일반형,내연기관,경유,2199,자동8,131,14.5,2등급
"K7 2.2디젤 (17""타이어)",기아,승용차,일반형,내연기관,경유,2199,자동8,130,14.6,2등급
렉서스 LS500h 2WD,토요타,승용차,일반형,하이브리드,휘발유,3456,무단변속,147,11.5,4등급
렉서스 LS500h AWD,토요타,승용차,일반형,하이브리드,휘발유,3456,무단변속,161,10.6,4등급
BMW M4 CS,BMW,승용차,일반형,내연기관,휘발유,2979,자동7,180,9.7,4등급
그랜드스타렉스(PE2)2.5디젤 리무진 (9P_N/HR),현대,승용차,기타형,내연기관,경유,2497,자동5,222,8.9,5등급
Danigo(다니고),(주)대창모터스,승용차,일반형,전기,전기,0,없음,0,5.3,저속
"스토닉 1.4 가솔린 6AT (17""타이어) (15)",기아,승용차,기타형,내연기관,휘발유,1368,자동6,132,12.6,3등급
"스토닉 1.4 가솔린 6AT (15""타이어) (15)",기아,승용차,기타형,내연기관,휘발유,1368,자동6,130,12.8,3등급
"레이 1.0가솔린 (PE, 15인치 타이어)",기아,승용차,일반형,내연기관,휘발유,998,자동4,130,12.7,경형
"레이 1.0가솔린 (PE, 14인치 타이어)",기아,승용차,일반형,내연기관,휘발유,998,자동4,127,13,경형
"레이 1.0가솔린 밴형 (PE, 14인치 타이어)",기아,승용차,일반형,내연기관,휘발유,998,자동4,127,13,경형
레이 1.0LPI (PE),기아,승용차,일반형,내연기관,LPG,998,자동4,123,10.5,경형
BMW X6 M,BMW,승용차,다목적형,내연기관,휘발유,4395,자동8,262,6.7,5등급
Rolls Royce Phantom,롤스로이스,승용차,일반형,내연기관,휘발유,6749,자동8,310,5.8,5등급
Mercedes-Maybach S560 4Matic,벤츠,승용차,일반형,내연기관,휘발유,3982,자동9,219,8.1,5등급
S560 4Matic L,벤츠,승용차,일반형,내연기관,휘발유,3982,자동9,212,8.4,5등급
S560 4Matic L,벤츠,승용차,일반형,내연기관,휘발유,3982,자동9,212,8.4,5등급
Rolls Royce Phantom,롤스로이스,승용차,일반형,내연기관,휘발유,6749,자동8,310,5.8,5등급
Rolls Royce Phantom EWB,롤스로이스,승용차,일반형,내연기관,휘발유,6749,자동8,310,5.8,5등급
BMW X5 M,BMW,승용차,다목적형,내연기관,휘발유,4395,자동8,262,6.7,5등급
Rolls Royce Dawn Black Badge,롤스로이스,승용차,일반형,내연기관,휘발유,6592,자동8,325,5.5,5등급
Rolls Royce Phantom EWB,롤스로이스,승용차,일반형,내연기관,휘발유,6749,자동8,310,5.8,5등급
BMW 740e iPerformance,BMW,승용차,일반형,PHEV,전기+휘발유,1998,자동8,54,3 / 11.1,PHEV
BMW 540i xDrive,BMW,승용차,일반형,내연기관,휘발유,2998,자동8,170,10.2,4등급
캐딜락 Escalade,GM,승용차,다목적형,내연기관,휘발유,6162,자동10,260,6.8,5등급
캐딜락 Escalade,GM,승용차,다목적형,내연기관,휘발유,6162,자동10,260,6.8,5등급
캐딜락 XT5,GM,승용차,다목적형,내연기관,휘발유,3649,자동8,203,8.7,5등급
Mercedes-Maybach S560 4Matic,벤츠,승용차,일반형,내연기관,휘발유,3982,자동9,219,8.1,5등급
S350 d 4Matic,벤츠,승용차,일반형,내연기관,경유,2925,자동9,156,12.4,3등급
S350 d,벤츠,승용차,일반형,내연기관,경유,2925,자동9,148,13,3등급
BMW 640i xDrive,BMW,승용차,일반형,내연기관,휘발유,2998,자동8,190,9.2,5등급
G70 3.3T-GDI 2WD (19인치 타이어) (15),현대,승용차,일반형,내연기관,휘발유,3342,자동8,188,9,5등급
G70 3.3T-GDI AWD (19인치 타이어) (15),현대,승용차,일반형,내연기관,휘발유,3342,자동8,197,8.6,5등급
G70 2.0T-GDI AWD (19인치 타이어) (15),현대,승용차,일반형,내연기관,휘발유,1998,자동8,177,9.5,4등급
G70 2.0T-GDI AWD (18인치 타이어) (15),현대,승용차,일반형,내연기관,휘발유,1998,자동8,168,10,4등급
G70 2.0T-GDI 2WD (19인치 타이어) (15),현대,승용차,일반형,내연기관,휘발유,1998,자동8,161,10.4,4등급
G70 2.0T-GDI 2WD (18인치 타이어) (15),현대,승용차,일반형,내연기관,휘발유,1998,자동8,156,10.7,4등급
G70 2.2디젤 AWD_18인치타이어 (15),현대,승용차,일반형,내연기관,경유,2199,자동8,141,13.5,3등급
G70 2.2디젤 AWD_17인치타이어 (15),현대,승용차,일반형,내연기관,경유,2199,자동8,140,13.6,3등급
G70 2.2디젤 2WD_18인치타이어 (15),현대,승용차,일반형,내연기관,경유,2199,자동8,130,14.5,2등급
G70 2.2디젤 2WD_17인치타이어 (15),현대,승용차,일반형,내연기관,경유,2199,자동8,124,15.2,2등급
BMW 330e iPerformance,BMW,승용차,일반형,PHEV,전기+휘발유,1998,자동8,63,3.3 / 12,PHEV
파나메라 GTS (5인승),포르쉐,승용차,일반형,내연기관,휘발유,3996,자동8,244,7.1,5등급
G70 2.0T-GDI 2WD (19인치 올시즌타이어) ,현대,승용차,일반형,내연기관,휘발유,1998,자동8,161,10.5,4등급
G70 2.0T-GDI AWD (19인치 올시즌타이어),현대,승용차,일반형,내연기관,휘발유,1998,자동8,178,9.6,4등급
G70 2.0T-GDI AWD_18인치 타이어_20MY,현대,승용차,일반형,내연기관,휘발유,1998,자동8,168,10,4등급
G70 2.0T-GDI 2WD_19인치 타이어_20MY,현대,승용차,일반형,내연기관,휘발유,1998,자동8,161,10.4,4등급
G70 2.0T-GDI 2WD_18인치 타이어_20MY,현대,승용차,일반형,내연기관,휘발유,1998,자동8,156,10.7,4등급
캐딜락 CT6 2.0T,GM,승용차,일반형,내연기관,휘발유,1998,자동8,171,10.2,4등급
Mercedes-AMG S63 4Matic Coupe,벤츠,승용차,일반형,내연기관,휘발유,3982,자동9,251,7.1,5등급
BMW X3 xDrive20d,BMW,승용차,다목적형,내연기관,경유,1995,자동8,162,12.1,3등급
BMW 750Li xDrive,BMW,승용차,일반형,내연기관,휘발유,4395,자동8,216,8.3,5등급
MINI Cooper five-door,MINI,승용차,일반형,내연기관,휘발유,1499,자동6,137,12.3,3등급
BMW M550d xDrive,BMW,승용차,일반형,내연기관,경유,2993,자동8,167,11.6,3등급
렉서스 LC500h,토요타,승용차,일반형,하이브리드,휘발유,3456,무단변속,155,10.9,4등급
E220 d ,벤츠,승용차,일반형,내연기관,경유,1950,자동9,134,14.2,2등급
벤츠 C200 Cabriolet,벤츠,승용차,일반형,내연기관,휘발유,1991,자동9,169,10.3,4등급
쏘렌토(PE) 2.0T-GDI 4WD 7인 (15),기아,승용차,다목적형,내연기관,휘발유,1998,자동8,194,8.7,5등급
쏘렌토(PE) 2.0T-GDI 2WD 5인 (18인치 타이어)(15),기아,승용차,다목적형,내연기관,휘발유,1998,자동8,175,9.6,4등급
쏘렌토(PE) 2.0T-GDI 2WD 5인 (19인치 타이어) (15),기아,승용차,다목적형,내연기관,휘발유,1998,자동8,180,9.4,4등급
쏘렌토(PE) 2.0T-GDI 2WD 7인 (18인치 타이어)(15),기아,승용차,다목적형,내연기관,휘발유,1998,자동8,175,9.6,4등급
쏘렌토(PE) 2.0T-GDI 4WD 5인 (15),기아,승용차,다목적형,내연기관,휘발유,1998,자동8,194,8.7,5등급
쏘렌토(PE) 2.0T-GDI 2WD 7인 (19인치 타이어) (15),기아,승용차,다목적형,내연기관,휘발유,1998,자동8,180,9.4,4등급
"코나 1.6T-GDI 4WD (18""타이어) (15)",현대,승용차,다목적형,내연기관,휘발유,1591,자동7,151,11,4등급
"코나 1.6T-GDI 4WD (17""타이어) (15)",현대,승용차,다목적형,내연기관,휘발유,1591,자동7,150,11.1,4등급
"코나 1.6T-GDI 4WD (16""타이어) (15)",현대,승용차,다목적형,내연기관,휘발유,1591,자동7,147,11.3,4등급
"코나 1.6T-GDI 2WD (18""타이어) (15)",현대,승용차,다목적형,내연기관,휘발유,1591,자동7,134,12.3,3등급
"코나 1.6T-GDI 2WD (17""타이어) (15)",현대,승용차,다목적형,내연기관,휘발유,1591,자동7,131,12.6,3등급
"코나 1.6T-GDI 2WD (16""타이어) (15)",현대,승용차,다목적형,내연기관,휘발유,1591,자동7,128,12.8,3등급
Model S 100D,테슬라코리아 유한회사,승용차,일반형,전기,전기,0,없음,0,4,고속
Model S 75D,테슬라코리아 유한회사,승용차,일반형,전기,전기,0,없음,0,4.3,고속
E220 d Coupe,벤츠,승용차,일반형,내연기관,경유,1950,자동9,130,14.6,2등급
E300 (AMG Line),벤츠,승용차,일반형,내연기관,휘발유,1991,자동9,158,11,4등급
CR-V 4WD,혼다,승용차,다목적형,내연기관,휘발유,1498,무단변속,145,11.5,4등급
Mercedes-AMG GLC43 4Matic Coupe,벤츠,승용차,다목적형,내연기관,휘발유,2996,자동9,219,8.1,5등급
E300 4Matic (AMG Line),벤츠,승용차,일반형,내연기관,휘발유,1991,자동9,181,9.6,4등급
B200 d,벤츠,승용차,일반형,내연기관,경유,2143,자동7,127,14.8,2등급
트랙스 1.4,한국지엠,승용차,일반형,내연기관,휘발유,1362,수동6,136,12.3,3등급
트랙스 1.4,한국지엠,승용차,일반형,내연기관,휘발유,1362,자동6,143,11.8,3등급
그랜드 스타렉스 2.5디젤 5밴 (15),현대,화물차,밴형,내연기관,경유,2497,수동6,175,11,4등급
그랜드 스타렉스 2.5디젤 5밴 (15),현대,화물차,밴형,내연기관,경유,2497,자동5,211,9.3,5등급
BMW X6 xDrive30d,BMW,승용차,다목적형,내연기관,경유,2993,자동8,185,10.5,4등급
그랜드 스타렉스 2.5디젤 3밴 (15),현대,화물차,밴형,내연기관,경유,2497,수동6,175,11,4등급
그랜드 스타렉스 2.5디젤 3밴 (15),현대,화물차,밴형,내연기관,경유,2497,자동5,211,9.3,5등급
BMW X3 xDrive30d,BMW,승용차,다목적형,내연기관,경유,2993,자동8,175,11.3,4등급
그랜드스타렉스 2.5디젤 2WD 6MT (PE2),현대,승합차,일반형,내연기관,경유,2497,수동6,177,10.9,4등급
그랜드스타렉스 2.5디젤 4WD 5AT_9인 (PE2),현대,승용차,기타형,내연기관,경유,2497,자동5,220,8.9,5등급
그랜드스타렉스 2.5디젤 2WD 5AT (PE2),현대,승합차,일반형,내연기관,경유,2497,자동5,203,9.7,4등급
그랜드스타렉스 2.5디젤 2WD 5AT_9인 (PE2),현대,승용차,기타형,내연기관,경유,2497,자동5,210,9.4,4등급
그랜드스타렉스 2.5디젤 4WD 5AT (PE2),현대,승합차,일반형,내연기관,경유,2497,자동5,222,8.9,5등급
그랜드스타렉스(PE2) 2.4LPI 어린이보호차 (12인),현대,승합차,승합,내연기관,LPG,2359,자동4,228,5.8,5등급
그랜드스타렉스(PE2) 2.4LPI 어린이버스 (15인),현대,승합차,승합,내연기관,LPG,2359,자동4,228,5.8,5등급
그랜드스타렉스(PE2) 2.5디젤 하이루프(12인),현대,승합차,승합,내연기관,경유,2497,자동5,213,9.2,5등급
그랜드스타렉스(PE2)2.5디젤 리무진 (6P_N/HR),현대,승용차,기타형,내연기관,경유,2497,자동5,222,8.9,5등급
렉서스 CT200h,토요타,승용차,일반형,내연기관,휘발유,1798,무단변속,93,17,1등급
엑센트 카파 1.4가솔린 CVT (5DR) (15),현대,승용차,일반형,내연기관,휘발유,1368,무단변속,125,13.1,3등급
엑센트 카파 1.4가솔린 CVT (4DR) (15),현대,승용차,일반형,내연기관,휘발유,1368,무단변속,122,13.4,3등급
엑센트 카파 1.4가솔린 (4DR) (15),현대,승용차,일반형,내연기관,휘발유,1368,수동6,115,14.1,2등급
BMW 750Li xDrive,BMW,승용차,일반형,내연기관,휘발유,4395,자동8,216,8.3,5등급
토요타 Camry Hybrid,토요타,승용차,일반형,하이브리드,휘발유,2487,무단변속,95,16.7,1등급
스팅어 2.0T-GDI AWD_19인치 타이어 (15),기아,승용차,일반형,내연기관,휘발유,1998,자동8,179,9.4,4등급
스팅어 2.0T-GDI 2WD_19인치 타이어 (15),기아,승용차,일반형,내연기관,휘발유,1998,자동8,165,10.1,4등급
스팅어 2.0T-GDI AWD_18인치 타이어 (15),기아,승용차,일반형,내연기관,휘발유,1998,자동8,175,9.6,4등급
스팅어 2.0T-GDI 2WD_18인치 타이어 (15),기아,승용차,일반형,내연기관,휘발유,1998,자동8,161,10.4,4등급
MINI Cooper SD five-door,MINI,승용차,일반형,내연기관,경유,1995,자동6,121,15.4,2등급
BMW 630d,BMW,승용차,일반형,내연기관,경유,2993,자동8,170,11.4,4등급
BMW M3 Competition Package,BMW,승용차,일반형,내연기관,휘발유,2979,자동7,184,9.3,5등급
BMW 630d xDrive,BMW,승용차,일반형,내연기관,경유,2993,자동8,170,11.4,4등급
라보롱카고,한국지엠,화물차,일반형,내연기관,LPG,796,수동5,148,8.6,경형
라보5MT,한국지엠,화물차,일반형,내연기관,LPG,796,수동5,148,8.6,경형
다마스밴,한국지엠,화물차,밴형,내연기관,LPG,796,수동5,146,8.8,경형
다마스 5인승,한국지엠,승합차,일반형,내연기관,LPG,796,수동5,146,8.8,경형
MINI Cooper Convertible,BMW,승용차,다목적형,내연기관,휘발유,1499,자동6,144,11.9,3등급
모닝(JA) 1.0LPI_16인치 (15),기아,승용차,일반형,내연기관,LPG,998,수동5,106,12,경형
MINI Cooper S Convertible,BMW,승용차,일반형,내연기관,휘발유,1998,자동6,147,11.6,3등급
BMW 420i Coupe,BMW,승용차,일반형,내연기관,휘발유,1998,자동8,154,11.1,4등급
C350 e,벤츠,승용차,일반형,PHEV,전기+휘발유,1991,자동7,80,3 / 12.7,PHEV
E220 d 4Matic,벤츠,승용차,일반형,내연기관,경유,1950,자동9,139,13.7,3등급
Mercedes-Maybach S650,벤츠,승용차,일반형,내연기관,휘발유,5980,자동7,286,6.3,5등급
BMW 430i Coupe,BMW,승용차,일반형,내연기관,휘발유,1998,자동8,154,11.2,4등급
BMW 430i Convertible,BMW,승용차,일반형,내연기관,휘발유,1998,자동8,156,11.1,4등급
CHEVROLET BOLT EV,한국지엠,승용차,일반형,전기,전기,0,없음,0,5.5,고속
토요타 Prius Prime,토요타,승용차,일반형,PHEV,전기+휘발유,1798,무단변속,23,6.4 / 21.4,PHEV
그랜저 2.4 하이브리드 (15),현대,승용차,일반형,하이브리드,휘발유,2359,자동6,97,16.2,1등급
BMW X5 xDrive 40e iPerformance,BMW,승용차,다목적형,PHEV,전기+휘발유,1997,자동8,89.8,2.3 / 9.4,PHEV
Mercedes-AMG SLC43,벤츠,승용차,일반형,내연기관,휘발유,2996,자동9,184,9.5,4등급
모닝(JA) 1.0가솔린_밴형 (16인치 타이어) (15),기아,승용차,일반형,내연기관,휘발유,998,자동4,111,14.7,경형
E220 d 4Matic,벤츠,승용차,일반형,내연기관,경유,1950,자동9,138,13.8,2등급
니로(DE) 1.6GDI 플러그인 하이브리드_6DCT (15),기아,승용차,기타형,PHEV,전기+휘발유,1580,자동6,26,5.1 / 18.6,PHEV
모닝(JA) 1.0LPI_16인치 (15),기아,승용차,일반형,내연기관,LPG,998,자동4,117,11,경형
모닝(JA) 1.0LPI_14인치 (15),기아,승용차,일반형,내연기관,LPG,998,자동4,109,11.8,경형
모닝(JA) 1.0LPI_14인치 (15),기아,승용차,일반형,내연기관,LPG,998,수동5,101,12.6,경형
MINI Cooper D Countryman,BMW,승용차,다목적형,내연기관,경유,1995,자동8,140,13.6,3등급
BMW 320d Gran Turismo xDrive,BMW,승용차,일반형,내연기관,경유,1995,자동8,141,13.5,3등급
BMW 420d Gran Coupe,BMW,승용차,일반형,내연기관,경유,1995,자동8,136,14.4,2등급
BMW 420d xDrive Gran Coupe,BMW,승용차,일반형,내연기관,경유,1995,자동8,146,12.4,3등급
"그랜저 3.3GDI 8AT (19""타이어) (15)",현대,승용차,일반형,내연기관,휘발유,3342,자동8,173,9.7,4등급
MINI Clubman John Cooper Works ALL4,MINI,승용차,일반형,내연기관,휘발유,1998,자동8,158,10.9,4등급
MINI Cooper SD,MINI,승용차,일반형,내연기관,경유,1995,자동6,125,15.5,2등급
MINI Cooper S five-door,MINI,승용차,일반형,내연기관,휘발유,1998,자동6,138,12.4,3등급
BMW 118d,BMW,승용차,일반형,내연기관,경유,1995,자동8,128,15.3,2등급
MINI Cooper S Countryman ALL4,BMW,승용차,다목적형,내연기관,휘발유,1998,자동8,158,10.8,4등급
BMW 420d Coupe,BMW,승용차,일반형,내연기관,경유,1995,자동8,136,14.4,2등급
MINI Cooper Countryman,BMW,승용차,다목적형,내연기관,휘발유,1499,자동6,151,11.4,4등급
BMW 420i Gran Coupe,BMW,승용차,일반형,내연기관,휘발유,1997,자동8,155,11.1,4등급
INFINITI Q60,닛산,승용차,일반형,내연기관,휘발유,2997,자동7,180,9.6,4등급
INFINITI QX50 2.0,닛산,승용차,다목적형,내연기관,휘발유,1997,무단변속,167,10.3,4등급
INFINITI QX50 2.0 AWD,닛산,승용차,다목적형,내연기관,휘발유,1997,무단변속,176,9.8,4등급
BMW X5 M50d,BMW,승용차,다목적형,내연기관,경유,2993,자동8,212,9.5,4등급
BMW X6 M50d,BMW,승용차,다목적형,내연기관,경유,2993,자동8,212,9.5,4등급
BMW X6 xDrive40d,BMW,승용차,다목적형,내연기관,경유,2993,자동8,193,10.4,4등급
BMW 530d,BMW,승용차,일반형,내연기관,경유,2993,자동8,147,13.5,3등급
BMW 530i xDrive,BMW,승용차,일반형,내연기관,휘발유,1998,자동8,165,10.4,4등급
BMW 530i,BMW,승용차,일반형,내연기관,휘발유,1998,자동8,153,11.2,4등급
BMW 520d xDrvie,BMW,승용차,일반형,내연기관,경유,1995,자동8,136,13.9,2등급
Rolls-Royce Ghost SWB,롤스로이스,승용차,일반형,내연기관,휘발유,6592,자동8,311,5.8,5등급
Rolls-Royce Wraith Coupe Black Badge,롤스로이스,승용차,일반형,내연기관,휘발유,6592,자동8,298,6,5등급
Rolls-Royce Ghost SWB Black Badge,롤스로이스,승용차,일반형,내연기관,휘발유,6592,자동8,317,5.7,5등급
캐딜락 ESCALADE,GM,승용차,다목적형,내연기관,휘발유,6162,자동8,259,6.9,5등급
캐딜락 ESCALADE,GM,승용차,다목적형,내연기관,휘발유,6162,자동8,259,6.9,5등급
Mercedes-AMG E43 4Matic,벤츠,승용차,일반형,내연기관,휘발유,2996,자동9,197,8.9,5등급
G350 d,벤츠,승용차,다목적형,내연기관,경유,2987,자동7,258,7.7,5등급
BMW 320d Touring,BMW,승용차,일반형,내연기관,경유,1995,자동8,136,14,2등급
BMW M4 Convertible,BMW,승용차,일반형,내연기관,휘발유,2979,자동7,199,8.7,5등급
모닝(JA) 1.0가솔린 (15),기아,승용차,일반형,내연기관,휘발유,998,수동5,101,16,경형
모닝(JA) 1.0가솔린 (15),기아,승용차,일반형,내연기관,휘발유,998,자동4,106,15.4,경형
모닝(JA) 1.0가솔린 (16인치 타이어) (15),기아,승용차,일반형,내연기관,휘발유,998,수동5,106,15.3,경형
모닝(JA) 1.0가솔린 (16인치 타이어) (15),기아,승용차,일반형,내연기관,휘발유,998,자동4,111,14.7,경형
모닝(JA) 1.0가솔린_밴형 (15),기아,승용차,일반형,내연기관,휘발유,998,수동5,101,16,경형
모닝(JA) 1.0가솔린_밴형 (15),기아,승용차,일반형,내연기관,휘발유,998,자동4,106,15.4,경형
모닝(JA) 1.0가솔린_밴형 (16인치 타이어) (15),기아,승용차,일반형,내연기관,휘발유,998,수동5,106,15.3,경형
아이오닉 1.6GDI 플러그인하이브리드_6DCT (15),현대,승용차,일반형,PHEV,전기+휘발유,1580,자동6,17,5.5 / 20.5,PHEV
Mercedes-AMG C43 4Matic,벤츠,승용차,일반형,내연기관,휘발유,2996,자동9,194,9.1,5등급
Mercedes-AMG GLC43 4Matic,벤츠,승용차,다목적형,내연기관,휘발유,2996,자동9,217,8.1,5등급
S450 4Matic Coupe,벤츠,승용차,일반형,내연기관,휘발유,2996,자동9,205,8.6,5등급
SLC250 ,벤츠,승용차,일반형,내연기관,휘발유,1991,자동9,163,10.7,4등급
"그랜저 2.4GDI (17""타이어) (15)",현대,승용차,일반형,내연기관,휘발유,2359,자동6,150,11.2,4등급
"그랜저 3.0LPI (18""타이어) (15)",현대,승용차,일반형,내연기관,LPG,2999,자동6,180,7.4,5등급
"그랜저 3.0GDI 8AT (19""타이어) (15)",현대,승용차,일반형,내연기관,휘발유,2999,자동8,171,9.9,4등급
"그랜저 3.0GDI 8AT (18""타이어) (15)",현대,승용차,일반형,내연기관,휘발유,2999,자동8,168,10.1,4등급
"그랜저 2.4GDI (19""타이어) (15)",현대,승용차,일반형,내연기관,휘발유,2359,자동6,155,10.8,4등급
"그랜저 2.4GDI (18""타이어) (15)",현대,승용차,일반형,내연기관,휘발유,2359,자동6,153,11,4등급
Rolls-Royce Dawn,롤스로이스,승용차,일반형,내연기관,휘발유,6592,자동8,313,5.7,5등급
BMW M760Li xDrive,BMW,승용차,일반형,내연기관,휘발유,6592,자동8,274,6.6,5등급
Rolls-Royce Wraith Coupe,롤스로이스,승용차,일반형,내연기관,휘발유,6592,자동8,301,6,5등급
Rolls-Royce Ghost EWB,롤스로이스,승용차,일반형,내연기관,휘발유,6592,자동8,311,5.8,5등급
BMW M4 Coupe,BMW,승용차,일반형,내연기관,휘발유,2979,자동7,187,9.2,5등급
BMW M3,BMW,승용차,일반형,내연기관,휘발유,2979,자동7,187,9.2,5등급
포터 2.5디젤 4WD 덤프(유로6) (15),현대,화물차,화물,내연기관,경유,2497,수동6,231,8.5,5등급
포터 2.5디젤 2WD 덤프(유로6) (15),현대,화물차,화물,내연기관,경유,2497,수동6,216,9,5등급
봉고 덤프 4WD 슈퍼캡(유로6) (15),기아,화물차,화물,내연기관,경유,2497,수동6,230,8.5,5등급
봉고 덤프 2WD 슈퍼캡(유로6) (15),기아,화물차,화물,내연기관,경유,2497,수동6,216,9,5등급
봉고 덤프 4WD 표준캡(유로6) (15),기아,화물차,화물,내연기관,경유,2497,수동6,230,8.5,5등급
GLS350 d 4Matic,벤츠,승용차,다목적형,내연기관,경유,2987,자동9,207,9.5,4등급
토요타 SIENNA(4WD),토요타,승용차,기타형,내연기관,휘발유,3456,자동8,208,8.2,5등급
토요타 SIENNA(2WD),토요타,승용차,기타형,내연기관,휘발유,3456,자동8,199,8.6,5등급
"아슬란 3.3GDI 8AT (19""타이어) (15)",현대,승용차,일반형,내연기관,휘발유,3342,자동8,177,9.6,4등급
"아슬란 3.3GDI 8AT (18""타이어) (15)",현대,승용차,일반형,내연기관,휘발유,3342,자동8,175,9.7,4등급
"아슬란 3.0GDI 8AT (19""타이어) (15)",현대,승용차,일반형,내연기관,휘발유,2999,자동8,173,9.8,4등급
"아슬란 3.0GDI 8AT (18""타이어) (15)",현대,승용차,일반형,내연기관,휘발유,2999,자동8,171,9.9,4등급
BMW i8,BMW,승용차,일반형,PHEV,전기+휘발유,1499,자동6,42,3.7 / 14.2,PHEV
BMW 740d xDrive ,BMW,승용차,일반형,내연기관,경유,2993,자동8,174,11.2,4등급
BMW 730d xDrive,BMW,승용차,일반형,내연기관,경유,2993,자동8,163,11.9,3등급
BMW 320d Gran Turismo,BMW,승용차,일반형,내연기관,경유,1995,자동8,133,14.2,2등급
BMW M4 Convertible Competition Package,BMW,승용차,일반형,내연기관,휘발유,2979,자동7,196,8.9,5등급
BMW M4 Coupe,BMW,승용차,일반형,내연기관,휘발유,2979,자동7,187,9.2,5등급
BMW M4 Coupe Competition Package,BMW,승용차,일반형,내연기관,휘발유,2979,자동7,184,9.3,5등급
Mercedes-AMG C43 4Matic Coupe,벤츠,승용차,일반형,내연기관,휘발유,2996,자동9,187,9.4,4등급
MINI Cooper SD five-door,MINI,승용차,일반형,내연기관,경유,1995,자동6,152,12.6,3등급
MINI Cooper S,MINI,승용차,일반형,내연기관,휘발유,1998,자동6,134,12.6,3등급
봉고 1t 4WD 더블캡(유로6) (15),기아,화물차,화물,내연기관,경유,2497,수동6,223,8.8,5등급
봉고 1t 4WD 슈퍼캡(유로6) (15),기아,화물차,화물,내연기관,경유,2497,수동6,222,8.8,5등급
봉고 1t 초장축 더블캡(유로6) (15),기아,화물차,화물,내연기관,경유,2497,자동5,227,8.6,5등급
봉고 1t 초장축 슈퍼캡(유로6) (15),기아,화물차,화물,내연기관,경유,2497,자동5,220,8.9,5등급
봉고 1t 초장축 슈퍼캡(유로6) (15),기아,화물차,화물,내연기관,경유,2497,수동6,202,9.6,4등급
봉고 1t 장축 표준캡(유로6) (15),기아,화물차,화물,내연기관,경유,2497,수동6,201,9.6,4등급
포터 2.5디젤 4WD 더블캡(유로6) (15),현대,화물차,화물,내연기관,경유,2497,수동6,223,8.8,5등급
포터 2.5디젤 4WD 슈퍼캡(유로6) (15),현대,화물차,화물,내연기관,경유,2497,수동6,222,8.8,5등급
포터 2.5디젤 초장축 더블캡(유로6) (15),현대,화물차,화물,내연기관,경유,2497,수동6,207,9.4,4등급
포터 2.5디젤 초장축 슈퍼캡(유로6) (15),현대,화물차,화물,내연기관,경유,2497,수동6,202,9.6,4등급
봉고 1t 4WD 표준캡(유로6) (15),기아,화물차,화물,내연기관,경유,2497,수동6,222,8.8,5등급
봉고 1t 장축 더블캡(유로6) (15),기아,화물차,화물,내연기관,경유,2497,자동5,227,8.6,5등급
봉고 1t 초장축 표준캡(유로6) (15),기아,화물차,화물,내연기관,경유,2497,자동5,220,8.9,5등급
봉고 1t 장축 슈퍼캡(유로6) (15),기아,화물차,화물,내연기관,경유,2497,자동5,220,8.9,5등급
봉고 1t 장축 표준캡(유로6) (15),기아,화물차,화물,내연기관,경유,2497,자동5,220,8.9,5등급
봉고 1t 초장축 표준캡(유로6) (15),기아,화물차,화물,내연기관,경유,2497,수동6,202,9.6,4등급
봉고 1t 장축 슈퍼캡(유로6) (15),기아,화물차,화물,내연기관,경유,2497,수동6,202,9.6,4등급
포터 2.5디젤 4WD 표준캡(유로6) (15),현대,화물차,화물,내연기관,경유,2497,수동6,222,8.8,5등급
포터 2.5디젤 장축 더블캡(유로6) (15),현대,화물차,화물,내연기관,경유,2497,수동6,207,9.4,4등급
포터 2.5디젤 초장축 표준캡(유로6) (15),현대,화물차,화물,내연기관,경유,2497,수동6,202,9.6,4등급
포터 2.5디젤 장축 슈퍼캡(유로6) (15),현대,화물차,화물,내연기관,경유,2497,수동6,202,9.6,4등급
포터 2.5디젤 초장축 더블캡(유로6) (15),현대,화물차,화물,내연기관,경유,2497,자동5,227,8.6,5등급
포터 2.5디젤 초장축 슈퍼캡(유로6) (15),현대,화물차,화물,내연기관,경유,2497,자동5,220,8.9,5등급
봉고 1t 초장축 킹캡 2.4LPI (15),기아,화물차,화물,내연기관,LPG,2359,수동5,202,6.5,5등급
봉고 1t 장축 더블캡(유로6) (15),기아,화물차,화물,내연기관,경유,2497,수동6,207,9.4,4등급
포터 2.5디젤 장축 더블캡(유로6) (15),현대,화물차,화물,내연기관,경유,2497,자동5,227,8.6,5등급
포터 2.5디젤 초장축 표준캡(유로6) (15),현대,화물차,화물,내연기관,경유,2497,자동5,220,8.9,5등급
포터 2.5디젤 장축 슈퍼캡(유로6) (15),현대,화물차,화물,내연기관,경유,2497,자동5,220,8.9,5등급
포터 2.5디젤 장축 표준캡(유로6) (15),현대,화물차,화물,내연기관,경유,2497,자동5,220,8.9,5등급
봉고 1t 초장축 더블캡(유로6) (15),기아,화물차,화물,내연기관,경유,2497,수동6,207,9.4,4등급
Mercedes-AMG SL63,벤츠,승용차,일반형,내연기관,휘발유,5461,자동7,235,7.6,5등급
카마로,GM,승용차,일반형,내연기관,휘발유,6162,자동8,227,7.8,5등급
E300,벤츠,승용차,일반형,내연기관,휘발유,1991,자동9,161,10.8,4등급
"G80 3.3T-GDI 2WD (19""타이어)",현대,승용차,일반형,내연기관,휘발유,3342,자동8,200,8.5,5등급
"G80 3.3T-GDI AWD (19""타이어)",현대,승용차,일반형,내연기관,휘발유,3342,자동8,213,8,5등급
"G80 3.8GDI 2WD (19""타이어) (15)",현대,승용차,일반형,내연기관,휘발유,3778,자동8,196,8.7,5등급
"G80 3.8GDI AWD (19""타이어) (15)",현대,승용차,일반형,내연기관,휘발유,3778,자동8,210,8.2,5등급
"G80 2.2디젤 2WD (19""타이어) (15)",현대,승용차,일반형,내연기관,경유,2199,자동8,146,13.1,3등급
"G80 2.2디젤 AWD (19""타이어) (15)",현대,승용차,일반형,내연기관,경유,2199,자동8,159,12.1,3등급
"G80 2.2디젤 2WD (18""타이어) (15)",현대,승용차,일반형,내연기관,경유,2199,자동8,138,13.8,2등급
"G80 3.3GDI AWD 19MY (19""타이어)",현대,승용차,일반형,내연기관,휘발유,3342,자동8,205,8.3,5등급
"G80 3.3GDI AWD 19MY (18""타이어)",현대,승용차,일반형,내연기관,휘발유,3342,자동8,202,8.4,5등급
"G80 3.3GDI 2WD 19MY (19""타이어)",현대,승용차,일반형,내연기관,휘발유,3342,자동8,190,8.9,5등급
"G80 3.3GDI 2WD 19MY (18""타이어)",현대,승용차,일반형,내연기관,휘발유,3342,자동8,186,9.1,5등급
"G80 3.3GDI AWD 스포츠패키지 19MY (19""타이어)",현대,승용차,일반형,내연기관,휘발유,3342,자동8,207,8.2,5등급
"G80 3.3GDI 2WD 스포츠패키지 19MY (19""타이어)",현대,승용차,일반형,내연기관,휘발유,3342,자동8,192,8.8,5등급
"G80 2.2디젤 AWD 19MY (18""타이어)",현대,승용차,일반형,내연기관,경유,2199,자동8,158,12.2,3등급
"G80 2.2디젤 2WD 19MY (18""타이어)",현대,승용차,일반형,내연기관,경유,2199,자동8,138,13.8,2등급
캐딜락 XT5,GM,승용차,다목적형,내연기관,휘발유,3649,자동8,198,8.9,5등급
E300 4Matic,벤츠,승용차,일반형,내연기관,휘발유,1991,자동9,169,10.3,4등급
E220 d,벤츠,승용차,일반형,내연기관,경유,1950,자동9,124,15.1,2등급
캐딜락 CTS-V,GM,승용차,일반형,내연기관,휘발유,6162,자동8,266,6.7,5등급
캐딜락 CT6,GM,승용차,일반형,내연기관,휘발유,3649,자동8,215,8.2,5등급
BMW 740Li xDrive,BMW,승용차,일반형,내연기관,휘발유,2998,자동8,179,9.7,4등급
ODYSSEY,혼다,승용차,일반형,내연기관,휘발유,3471,자동10,187,9,5등급
Rolls Royce Dawn,롤스로이스,승용차,일반형,내연기관,휘발유,6592,자동8,303,5.9,5등급
BMW 740Ld xDrive,BMW,승용차,일반형,내연기관,경유,2993,자동8,160,12.1,3등급
BMW 740d xDrive,BMW,승용차,일반형,내연기관,경유,2993,자동8,160,12.1,3등급
말리부 2.0 TURBO,한국지엠,승용차,일반형,내연기관,휘발유,1998,자동6,160,10.8,4등급
MINI Cooper S Convertible,MINI,승용차,일반형,내연기관,휘발유,1998,자동6,141,12.1,3등급
MINI Cooper Convertible,MINI,승용차,일반형,내연기관,휘발유,1499,자동6,136,12.4,3등급
렉서스 RX450h,토요타,승용차,다목적형,하이브리드,휘발유,3456,무단변속,129,12.8,3등급
니로 1.6GDI 하이브리드_18''타이어 (15),기아,승용차,기타형,하이브리드,휘발유,1580,자동6,92,17.1,1등급
니로 1.6GDI 하이브리드_16''타이어 (15),기아,승용차,기타형,하이브리드,휘발유,1580,자동6,79,19.5,1등급
렉서스 RX350,토요타,승용차,다목적형,내연기관,휘발유,3456,자동8,193,8.9,5등급
캐딜락 ATS-V,GM,승용차,일반형,내연기관,휘발유,3564,자동8,221,8.1,5등급
캐딜락 CTS,GM,승용차,일반형,내연기관,휘발유,1998,자동8,168,10.5,4등급
캐딜락 CTS AWD,GM,승용차,일반형,내연기관,휘발유,1998,자동8,189,9.4,4등급
캐딜락 ATS,GM,승용차,일반형,내연기관,휘발유,1998,자동8,165,10.6,4등급
캐딜락ATS AWD,GM,승용차,일반형,내연기관,휘발유,1998,자동8,172,10.3,4등급
캐딜락 ATS COUPE,GM,승용차,일반형,내연기관,휘발유,1998,자동8,165,10.6,4등급
K7(YG) 3.3GDI (19인치타이어) (15),기아,승용차,일반형,내연기관,휘발유,3342,자동8,176,9.7,4등급
K7(YG) 3.3GDI (18인치타이어) (15),기아,승용차,일반형,내연기관,휘발유,3342,자동8,170,10,4등급
"K7 2.4하이브리드 (17""타이어) (15)",기아,승용차,일반형,하이브리드,휘발유,2359,자동6,97,16.2,1등급
"K7 3.0GDI (19""타이어) (15)",기아,승용차,일반형,내연기관,휘발유,2999,자동8,170,9.8,4등급
"K7 3.0GDI (18""타이어) (15)",기아,승용차,일반형,내연기관,휘발유,2999,자동8,168,10,4등급
K7 2.4GDI 18MY (17인치타이어) (15),기아,승용차,일반형,내연기관,휘발유,2359,자동6,150,11.2,4등급
아이오닉 1.6GDI 하이브리드 6DCT_17''타이어,현대,승용차,일반형,하이브리드,휘발유,1580,자동6,78,20.2,1등급
아이오닉 1.6GDI 하이브리드 6DCT_15''타이어,현대,승용차,일반형,하이브리드,휘발유,1580,자동6,69,22.4,1등급
GLC220 d 4Matic,벤츠,승용차,다목적형,내연기관,경유,2143,자동9,148,12.9,3등급
Mercedes-AMG S65 Coupe,벤츠,승용차,일반형,내연기관,휘발유,5980,자동7,278,6.4,5등급
ACCORD HYBRID,혼다,승용차,일반형,하이브리드,휘발유,1993,무단변속,82,18.9,1등급
파워프라자 라보 ev PEACE,한국지엠,화물차,화물,전기,전기,0,없음,0,3.5,고속
렉서스 RC350,토요타,승용차,일반형,내연기관,휘발유,3456,자동8,194,9,5등급
CR-V HYBRID 4WD,혼다,승용차,다목적형,하이브리드,휘발유,1993,무단변속,112,14.5,2등급
MINI Cooper,MINI,승용차,일반형,내연기관,휘발유,1499,자동6,135,12.5,3등급
MINI Cooper five-door,MINI,승용차,일반형,내연기관,휘발유,1499,자동6,135,12.5,3등급
MINI Cooper Clubman,MINI,승용차,일반형,내연기관,휘발유,1499,자동6,147,11.6,3등급
K5(JF) 2.0LPI 6AT(ISG)(15),기아,승용차,일반형,내연기관,LPG,1999,자동6,139,9.4,4등급
K5(JF) 2.0LPI 6MT(15),기아,승용차,일반형,내연기관,LPG,1999,수동6,134,9.6,4등급
K5(JF) 2.0LPI 6AT_17MY (15),기아,승용차,일반형,내연기관,LPG,1999,자동6,138,9.4,4등급
K5(JF) 2.0LPI 6AT(ISG)_17MY (15),기아,승용차,일반형,내연기관,LPG,1999,자동6,136,9.6,4등급
ACCORD 1.5T,혼다,승용차,일반형,내연기관,휘발유,1498,무단변속,118,13.9,2등급
PILOT,혼다,승용차,다목적형,내연기관,휘발유,3471,자동9,201,8.4,5등급
MINI Cooper S Clubman,MINI,승용차,일반형,내연기관,휘발유,1998,자동8,146,11.7,3등급
렉서스 IS200t,토요타,승용차,일반형,내연기관,휘발유,1998,자동8,170,10.2,4등급
렉서스 NX300h,토요타,승용차,다목적형,하이브리드,휘발유,2494,무단변속,140,12,3등급
툰랜드(TUNLAND),포톤,화물차,일반형,내연기관,경유,2776,수동5,217,9,5등급
BMW 750Li xDrive,BMW,승용차,일반형,내연기관,휘발유,4395,자동8,209,8.4,5등급
BMW 750Li xDrive,BMW,승용차,일반형,내연기관,휘발유,4395,자동8,209,8.4,5등급
BMW 730d xDrive,BMW,승용차,일반형,내연기관,경유,2993,자동8,157,12.2,3등급
아반떼(AD) 1.6LPI (15''/16'' 타이어) (15),현대,승용차,일반형,내연기관,LPG,1591,자동6,122,10.6,4등급
짚 레니게이드 2.4,크라이슬러,승용차,일반형,내연기관,휘발유,2360,자동9,171,10,4등급
쏘나타(LF)개조차 2.0LPI MT (15),현대,승용차,일반형,내연기관,LPG,1999,수동6,136,9.5,4등급
쏘나타 2.0LPI AT (15),현대,승용차,일반형,내연기관,LPG,1999,자동6,143,9.1,5등급
i8 플러그인하이브리드,BMW,승용차,일반형,PHEV,전기+휘발유,1499,자동6,47,3.7 / 13.7,PHEV
토요타 86 AT,토요타,승용차,일반형,내연기관,휘발유,1998,자동6,151,11,4등급
CIVIC TURBO,혼다,승용차,일반형,내연기관,휘발유,1498,무단변속,121,13.8,2등급
CIVIC 4D,혼다,승용차,일반형,내연기관,휘발유,1996,무단변속,122,13.6,3등급
CR-V 4WD,혼다,승용차,다목적형,내연기관,휘발유,1498,무단변속,145,11.4,4등급
렉서스 NX200t,토요타,승용차,다목적형,내연기관,휘발유,1998,자동6,186,9.3,5등급
토요타 86 MT,토요타,승용차,일반형,내연기관,휘발유,1998,수동6,151,11,4등급
CR-V 2WD,혼다,승용차,다목적형,내연기관,휘발유,1498,무단변속,133,12.4,3등급
ODYSSEY,혼다,승용차,일반형,내연기관,휘발유,3471,자동10,187,9,5등급
EV SAVER(파워테크닉스 세이버 KNCSZ76ADK803665),파워테크닉스,승용차,화물,전기,전기,0,없음,0,1.6,고속
벨로스터 1.6T-GDI_7DCT (15),현대,승용차,일반형,내연기관,휘발유,1591,자동7,140,11.8,3등급
CR-V 2WD,혼다,승용차,다목적형,내연기관,휘발유,1498,무단변속,132,12.6,3등급
렉서스 RC F,토요타,승용차,일반형,내연기관,휘발유,4969,자동8,222,7.9,5등급
렉서스 RC350,토요타,승용차,일반형,내연기관,휘발유,3456,자동8,200,8.9,5등급
아슬란 3.0GDI,현대,승용차,일반형,내연기관,휘발유,2999,자동6,188,9.5,4등급
아슬란 3.3GDI,현대,승용차,일반형,내연기관,휘발유,3342,자동6,188,9.5,4등급
ACCORD 2.0T,혼다,승용차,일반형,내연기관,휘발유,1996,자동10,158,10.8,4등급
ACCORD 1.5T,혼다,승용차,일반형,내연기관,휘발유,1498,무단변속,118,13.9,2등급
PILOT,혼다,승용차,다목적형,내연기관,휘발유,3471,자동9,201,8.4,5등급
CR-V HYBRID 4WD,혼다,승용차,다목적형,하이브리드,휘발유,1993,무단변속,112,14.5,2등급
ODYSSEY,혼다,승용차,일반형,내연기관,휘발유,3471,자동10,188,9.2,5등급
HR-V 2WD,혼다,승용차,다목적형,내연기관,휘발유,1799,무단변속,141,11.7,3등급
ACCORD HYBRID,혼다,승용차,일반형,하이브리드,휘발유,1993,무단변속,82,18.9,1등급
토요타 Camry,토요타,승용차,일반형,내연기관,휘발유,2487,자동8,134,12.3,3등급
Change,AD모터스,승용차,기타형,전기,전기,0,없음,0,4.3,저속
인피니티 FX35,닛산,승용차,다목적형,내연기관,휘발유,3498,자동7,0,0,5등급
