"모델명","제조사","유종","배기량","변속형식","복합연비","등급","CO2배출량"
"K5(DL3) 1.6T-GDI_17인치(빌트인캠)_21MY","기아","휘발유","1598","자동8","13.5","3등급","123"
"K5(DL3) 1.6T-GDI_17인치타이어_21MY","기아","휘발유","1598","자동8","13.6","3등급","122"
"GV70 2.5T-GDI AWD 21인치","현대","휘발유","2497","자동8","9.2","5등급","186"
"GV70 2.5T-GDI AWD 19인치","현대","휘발유","2497","자동8","9.7","4등급","176"
"GV70 2.5T-GDI 2WD 21인치","현대","휘발유","2497","자동8","9.8","4등급","173"
"GV70 2.5T-GDI 2WD 19인치","현대","휘발유","2497","자동8","10","4등급","170"
"짚 글래디에이터","크라이슬러","휘발유","3604","자동8","6.5","5등급","269"
"GV70 3.5T-GDI AWD 21인치","현대","휘발유","3470","자동8","8.3","5등급","207"
"GV70 2.2디젤 AWD 21인치 (스포츠패키지)","현대","경유","2151","자동8","12","3등급","161"
"GV70 2.2디젤 AWD 19인치 (스포츠패키지)","현대","경유","2151","자동8","12.4","3등급","155"
"GV70 2.2디젤 AWD 18인치(빌트인캠)","현대","경유","2151","자동8","12.8","3등급","150"
"GV70 2.2디젤 AWD 18인치","현대","경유","2151","자동8","12.9","3등급","149"
"GV70 2.2디젤 2WD 21인치 (스포츠패키지)","현대","경유","2151","자동8","12.6","3등급","152"
"GV70 2.2디젤 2WD 19인치 (스포츠패키지)","현대","경유","2151","자동8","13.2","3등급","145"
"A6 45 TFSI quattro","아우디","휘발유","1984","자동7","10.8","4등급","159"
"GV70 2.2디젤 2WD 18인치 (빌트인캠)","현대","경유","2151","자동8","13.5","3등급","141"
"GV70 2.2디젤 2WD 18인치","현대","경유","2151","자동8","13.6","3등급","140"
"GV70 2.5T-GDI AWD 21인치 (스포츠패키지)","현대","휘발유","2497","자동8","9.2","5등급","186"
"GV70 2.5T-GDI AWD 19인치 (스포츠패키지)","현대","휘발유","2497","자동8","9.7","4등급","176"
"GV70 2.5T-GDI AWD 18인치(빌트인캠)","현대","휘발유","2497","자동8","9.7","4등급","176"
"GV70 2.5T-GDI AWD 18인치","현대","휘발유","2497","자동8","9.8","4등급","174"
"GV70 2.5T-GDI 2WD 21인치 (스포츠패키지)","현대","휘발유","2497","자동8","9.8","4등급","173"
"GV70 2.5T-GDI 2WD 19인치 (스포츠패키지)","현대","휘발유","2497","자동8","10","4등급","170"
"GV70 2.5T-GDI 2WD 18인치(빌트인캠)","현대","휘발유","2497","자동8","10.6","4등급","160"
"GV70 2.5T-GDI 2WD 18인치","현대","휘발유","2497","자동8","10.7","4등급","158"
"GV70 3.5T-GDI AWD 21인치[썸머](스포츠패키지)","현대","휘발유","3470","자동8","8.2","5등급","210"
"GV70 3.5T-GDI AWD 21인치 (스포츠패키지)","현대","휘발유","3470","자동8","8.3","5등급","207"
"Q3 35 TDI quattro","아우디","경유","1968","자동7","14.2","2등급","134"
"GV70 3.5T-GDI AWD 19인치(빌트인캠)","현대","휘발유","3470","자동8","8.5","5등급","202"
"GV70 3.5T-GDI AWD 19인치","현대","휘발유","3470","자동8","8.6","5등급","200"
"트레일블레이저 1.35 TURBO FWD","한국지엠","휘발유","1341","무단변속","12.6","3등급","133"
"트레일블레이저 1.35 TURBO FWD","한국지엠","휘발유","1341","무단변속","12.9","3등급","129"
"트레일블레이저 1.35 TURBO AWD","한국지엠","휘발유","1341","자동9","11.6","3등급","146"
"트레일블레이저 1.35 TURBO AWD","한국지엠","휘발유","1341","자동9","11.8","3등급","143"
"A6 45 TFSI","아우디","휘발유","1984","자동7","10.9","4등급","156"
"Q5 45 TFSI quattro","아우디","휘발유","1984","자동7","10.2","4등급","168"
"BMW 730Ld xDrive","BMW","경유","2993","자동8","13","3등급","147"
"G4 렉스턴 2.2 8AT 2WD SCR Step2 7인승				","쌍용","경유","2157","자동8","10.9","4등급","179"
"G4 렉스턴 2.2 8AT 4WD SCR Step2 7인승			","쌍용","경유","2157","자동8","10.6","4등급","184"
"K5(DL3) 2.0CVVL_18인치(빌트인캠)","기아","휘발유","1999","자동6","12.5","3등급","133"
"K5(DL3) 2.0CVVL_17인치(빌트인캠)","기아","휘발유","1999","자동6","12.8","3등급","130"
"G4 렉스턴 2.2 8AT 2WD SCR Step2 7인승 ISG				","쌍용","경유","2157","자동8","11.6","3등급","167"
"G4 렉스턴 2.2 8AT 4WD SCR Step2 7인승 ISG			","쌍용","경유","2157","자동8","11.1","4등급","175"
"Model X Performance","테슬라코리아 유한회사","전기","0","없음","3.8","고속","0"
"Model X Performance","테슬라코리아 유한회사","전기","0","없음","3.8","고속","0"
"Mercedes-AMG GT","벤츠","휘발유","3982","자동7","7","5등급","248"
"Model S Long Range Plus","테슬라코리아 유한회사","전기","0","없음","4.4","고속","0"
"Mercedes-Benz GLC220 d 4MATIC Coupe	","벤츠","경유","1950","자동9","12.4","3등급","154"
"BMW 630d xDrive","BMW","경유","2993","자동8","13.1","3등급","146"
"K5(DL3) 1.6T-GDI_19인치(빌트인캠)","기아","휘발유","1598","자동8","12.6","3등급","132"
"G70(IK PE) 2.0T-GDI 2WD 19인치(썸머)_SP","현대","휘발유","1998","자동8","10.4","4등급","163"
"G70(IK PE) 2.0T-GDI 2WD 19인치(올시즌)_SP","현대","휘발유","1998","자동8","10.5","4등급","162"
"G70(IK PE) 2.0T-GDI AWD 19인치(썸머)_SP","현대","휘발유","1998","자동8","9.3","5등급","184"
"G70(IK PE) 2.0T-GDI AWD 19인치(올시즌)_SP","현대","휘발유","1998","자동8","9.5","4등급","180"
"BMW 320i","BMW","휘발유","1998","자동8","11.8","3등급","142"
"G70(IK PE) 2.0T-GDI 2WD 18인치(빌트인캠)","현대","휘발유","1998","자동8","10.5","4등급","162"
"G70(IK PE) 2.0T-GDI 2WD 18인치타이어","현대","휘발유","1998","자동8","10.7","4등급","158"
"G70(IK PE) 2.0T-GDI AWD 18인치(빌트인캠)","현대","휘발유","1998","자동8","9.7","4등급","176"
"G70(IK PE) 2.0T-GDI AWD 18인치타이어","현대","휘발유","1998","자동8","9.9","4등급","172"
"G70(IK PE) 2.0T-GDI 2WD 19인치(썸머)","현대","휘발유","1998","자동8","10.4","4등급","163"
"G70(IK PE) 2.0T-GDI 2WD 19인치(올시즌)","현대","휘발유","1998","자동8","10.5","4등급","162"
"G70(IK PE) 2.0T-GDI AWD 19인치(썸머)","현대","휘발유","1998","자동8","9.3","5등급","184"
"A8 L 55 TFSI quattro","아우디","휘발유","2995","자동8","8.7","5등급","201"
"Aventador SVJ Coupe","람보르기니","휘발유","6498","자동7","4.6","5등급","390"
"Mercedes-Benz GLA250 4MATIC","벤츠","휘발유","1991","자동8","10.5","4등급","170"
"Mercedes-Benz GLB250 4MATIC","벤츠","휘발유","1991","자동8","10.5","4등급","170"
"BMW 640i xDrive","BMW","휘발유","2998","자동8","9.6","4등급","179"
"BMW 620d xDrive","BMW","경유","1995","자동8","13.2","3등급","145"
"Rolls Royce Ghost EWB","롤스로이스","휘발유","6749","자동8","5.8","5등급","300"
"Rolls Royce Ghost","롤스로이스","휘발유","6749","자동8","5.7","5등급","308"
"BMW X7 xDrive40d","BMW","경유","2993","자동8","10.5","4등급","184"
"BMW 620d","BMW","경유","1995","자동8","12.7","3등급","151"
"G70(IK PE) 2.0T-GDI AWD 19인치(올시즌)","현대","휘발유","1998","자동8","9.5","4등급","180"
"레인지로버 D350","랜드로버","경유","2997","자동8","9.5","4등급","206"
"타이칸 4S (High)","포르쉐","전기","0","없음","2.9","고속","0"
"G70(IK PE) 2.2디젤 2WD_17인치(빌트인캠)","현대","경유","2199","자동8","14.7","2등급","129"
"G70(IK PE) 2.2디젤 2WD_17인치타이어","현대","경유","2199","자동8","14.9","2등급","127"
"G70(IK PE) 2.2디젤 2WD_18/19인치타이어","현대","경유","2199","자동8","14.2","2등급","134"
"G70(IK PE) 2.2디젤 AWD_17인치타이어","현대","경유","2199","자동8","13.3","3등급","144"
"G70(IK PE)  2.2디젤 AWD_18/19인치타이어","현대","경유","2199","자동8","13.1","3등급","146"
"Rolls Royce Ghost EWB","롤스로이스","휘발유","6749","자동8","5.8","5등급","300"
"Rolls Royce Ghost","롤스로이스","휘발유","6749","자동8","5.7","5등급","308"
"Mercedes-AMG GT-C Roadster","벤츠","휘발유","3982","자동7","7","5등급","248"
"G70(IK PE) 3.3T-GDI AWD 19인치(썸머)_SP","현대","휘발유","3342","자동8","8.5","5등급","203"
"G70(IK PE) 3.3T-GDI AWD 19인치(올시즌)_SP","현대","휘발유","3342","자동8","8.9","5등급","193"
"G70(IK PE) 3.3T-GDI 2WD 19인치(썸머)_SP","현대","휘발유","3342","자동8","9.1","5등급","188"
"G70(IK PE) 3.3T-GDI 2WD 19인치(올시즌)_SP","현대","휘발유","3342","자동8","9.4","4등급","182"
"G70(IK PE) 3.3T-GDI AWD 19인치(썸머)","현대","휘발유","3342","자동8","8.5","5등급","203"
"G70(IK PE)3.3T-GDI AWD 19인치(올시즌)","현대","휘발유","3342","자동8","8.9","5등급","193"
"G70(IK PE) 3.3T-GDI 2WD 19인치(썸머)","현대","휘발유","3342","자동8","9.1","5등급","188"
"G70(IK PE) 3.3T-GDI 2WD 19인치(올시즌)","현대","휘발유","3342","자동8","9.4","4등급","182"
"볼보 XC40B4 AWD","볼보","휘발유","1969","자동8","10.4","4등급","163"
"볼보 V60CCB5 AWD","볼보","휘발유","1969","자동8","9.9","4등급","172"
"볼보 S90B5","볼보","휘발유","1969","자동8","11.3","4등급","150"
"Model X Performance","테슬라코리아 유한회사","전기","0","없음","3.8","고속","0"
"Model S Performance","테슬라코리아 유한회사","전기","0","없음","4.3","고속","0"
"투싼 2.0디젤 2WD 8AT 19인치","현대","경유","1998","자동8","13.9","2등급","137"
"투싼 2.0디젤 AWD 8AT 19인치","현대","경유","1998","자동8","13","3등급","148"
"투싼 1.6T-GDI 2WD 7DCT 19인치","현대","휘발유","1598","자동7","12","3등급","139"
"투싼 1.6T-GDI AWD 7DCT 19인치","현대","휘발유","1598","자동7","11","4등급","153"
"마세라티 르반떼 GTS","마세라티","휘발유","3799","자동8","5.8","5등급","291"
"마세라티 르반떼 트로페오","마세라티","휘발유","3799","자동8","5.8","5등급","291"
"Mercedes-AMG E53 4MATIC + Coupe","벤츠","휘발유","2999","자동9","9.2","5등급","189"
"MINI Cooper S Countryman ALL4","MINI","휘발유","1998","자동8","10.7","4등급","159"
"BMW X7 xDrive40d","BMW","경유","2993","자동8","10.5","4등급","184"
"Mercedes-AMG E53 4MATIC +","벤츠","휘발유","2999","자동9","9.2","5등급","189"
"코나(PE) 1.6T-GDI 2WD 16인치/17인치타이어","현대","휘발유","1598","자동7","13.9","2등급","119"
"코나(PE) 1.6T-GDI 2WD 18인치타이어","현대","휘발유","1598","자동7","12.7","3등급","131"
"코나(PE) 1.6T-GDI 4WD 16인치타이어","현대","휘발유","1598","자동7","12.2","3등급","137"
"코나(PE) 1.6T-GDI 4WD 17인치타이어","현대","휘발유","1598","자동7","11.8","3등급","142"
"티볼리 에어 가솔린 1.5 AT 2WD  18인치 타이어","쌍용","휘발유","1497","자동6","11.8","3등급","142"
"티볼리 에어 가솔린 1.5 AT 2WD  17인치 타이어","쌍용","휘발유","1497","자동6","11.9","3등급","141"
"마이브 M1","투데이션샤인","전기","0","없음","5.5","고속","0"
"BMW X4 xDrive30d","BMW","경유","2993","자동8","12.3","3등급","157"
"코나(PE) 1.6T-GDI 4WD 18인치타이어","현대","휘발유","1598","자동7","11.6","3등급","145"
"마세라티 기블리","마세라티","휘발유","2979","자동8","7.1","5등급","237"
"마세라티 콰트로포르테 350","마세라티","휘발유","2979","자동8","7.4","5등급","226"
"BMW X3 xDrive30d","BMW","경유","2993","자동8","12.4","3등급","155"
"ACCORD HYBRID","혼다","휘발유","1993","무단변속","17.5","1등급","91"
"ACCORD 1.5T","혼다","휘발유","1498","무단변속","13.9","2등급","118"
"마세라티 기블리 S Q4","마세라티","휘발유","2979","자동8","6.7","5등급","252"
"마세라티 콰트로포르테 S Q4","마세라티","휘발유","2979","자동8","6.5","5등급","259"
"Aventador SVJ Roadster","람보르기니","휘발유","6498","자동7","4.2","5등급","425"
"티볼리 에어 가솔린 1.5 AT 2WD  16인치 타이어","쌍용","휘발유","1497","자동6","12","3등급","139"
"Aventador S Roadster","람보르기니","휘발유","6498","자동7","4.2","5등급","423"
"싼타페(개조) 2.5T-GDI AWD 5인 20인치타이어","현대","휘발유","2497","자동8","9.5","4등급","178"
"싼타페(개조) 2.5T-GDI AWD 5인 18인치타이어","현대","휘발유","2497","자동8","9.9","4등급","172"
"싼타페(개조) 2.5T-GDI 2WD 5인 20인치타이어","현대","휘발유","2497","자동8","10.1","4등급","167"
"싼타페(개조) 2.5T-GDI AWD 7인 20인치타이어","현대","휘발유","2497","자동8","9.5","4등급","178"
"싼타페(개조) 2.5T-GDI AWD 7인 18인치타이어","현대","휘발유","2497","자동8","9.9","4등급","172"
"싼타페(개조) 2.5T-GDI 2WD 7인 20인치타이어","현대","휘발유","2497","자동8","10.1","4등급","167"
"싼타페(개조) 2.5T-GDI 2WD 7인 18인치(빌트인캠)","현대","휘발유","2497","자동8","10.4","4등급","162"
"마세라티 르반떼","마세라티","휘발유","2979","자동8","7","5등급","241"
"마세라티 르반떼 S","마세라티","휘발유","2979","자동8","7","5등급","241"
"싼타페(개조) 2.5T-GDI 2WD 7인 18인치타이어","현대","휘발유","2497","자동8","10.5","4등급","161"
"싼타페(개조) 2.5T-GDI 2WD 5인 18인치(빌트인캠)","현대","휘발유","2497","자동8","10.8","4등급","156"
"싼타페(개조) 2.5T-GDI 2WD 5인 18인치타이어","현대","휘발유","2497","자동8","10.8","4등급","156"
"Model X Long Range Plus","테슬라코리아 유한회사","전기","0","없음","4","고속","0"
"Model X Long Range Plus","테슬라코리아 유한회사","전기","0","없음","4","고속","0"
"Model X Long Range Plus","테슬라코리아 유한회사","전기","0","없음","4","고속","0"
"Explorer 3.0 PHEV","포드","전기+휘발유","2956","자동10","2.4/9.3","PHEV","65"
"Mercedes-AMG CLA45 S 4MATIC","벤츠","휘발유","1991","자동8","9","5등급","194"
"Mercedes-Benz C200","벤츠","휘발유","1991","자동9","10.8","4등급","158"
"타이칸 4S (High, 5인승)","포르쉐","전기","0","없음","2.9","고속","0"
"BMW X6 xDrive30d","BMW","경유","2993","자동8","10.9","4등급","178"
"Lincoln Aviator 3.0 PHEV","포드","전기+휘발유","2956","자동10","2.4/9.3","PHEV","65"
"볼보 S90T8 AWD","볼보","전기+휘발유","1969","자동8","2.9/11.2","PHEV","63"
"BMW X5 xDrive30d","BMW","경유","2993","자동8","10.7","4등급","181"
"A4 40 TFSI","아우디","휘발유","1984","자동7","11.8","3등급","144"
"K5(DL3) 2.0GDI 하이브리드_18인치(빌트인캠)","기아","휘발유","1999","자동6","17.6","1등급","91"
"K5(DL3) 2.0GDI 하이브리드_18인치타이어","기아","휘발유","1999","자동6","18","1등급","88"
"레인지로버 스포츠 P360","랜드로버","휘발유","2996","자동8","7.5","5등급","223"
"e-tron Sportback 50 quattro","아우디","전기","0","없음","3","고속","0"
"e-tron 50 quattro","아우디","전기","0","없음","2.9","고속","0"
"짚 글래디에이터","크라이슬러","휘발유","3604","자동8","6.5","5등급","269"
"Aventador S Coupe","람보르기니","휘발유","6498","자동7","4.1","5등급","438"
"레인지로버 스포츠 D350","랜드로버","경유","2997","자동8","10.5","4등급","185"
"BMW 740d xDrive","BMW","경유","2993","자동8","12.7","3등급","151"
"재규어 F-Type P380 Coupe","재규어","휘발유","2995","자동8","8.6","5등급","198"
"BMW 730Ld xDrive","BMW","경유","2993","자동8","13","3등급","147"
"BMW 730d xDrive","BMW","경유","2993","자동8","12.3","3등급","156"
"트랙스 1.4","한국지엠","휘발유","1399","자동6","11.4","4등급","148"
"Q3 Sportback 35 TDI quattro","아우디","경유","1968","자동7","14","2등급","135"
"BMW 530e","BMW","전기+휘발유","1998","자동8","3.5/12.4","PHEV","28"
"BMW M550i xDrive","BMW","휘발유","4395","자동8","7.9","5등급","219"
"쏘렌토(MQ4) 2.5T-GDI 4WD 5인 20인치타이어","기아","휘발유","2497","자동8","9.7","4등급","175"
"쏘렌토(MQ4) 2.5T-GDI 4WD 6인 20인치타이어","기아","휘발유","2497","자동8","9.7","4등급","175"
"쏘렌토(MQ4) 2.5T-GDI 4WD 5인 18인치타이어","기아","휘발유","2497","자동8","10","4등급","168"
"쏘렌토(MQ4) 2.5T-GDI 4WD 6인 18인치타이어","기아","휘발유","2497","자동8","10","4등급","168"
"쏘렌토(MQ4) 2.5T-GDI 2WD 5인 20인치타이어","기아","휘발유","2497","자동8","10.3","4등급","164"
"쏘렌토(MQ4) 2.5T-GDI 2WD 6인 20인치타이어","기아","휘발유","2497","자동8","10.3","4등급","164"
"쏘렌토(MQ4) 2.5T-GDI 2WD 6인 18인치타이어","기아","휘발유","2497","자동8","10.6","4등급","159"
"S5 Sportback TFSI","아우디","휘발유","2995","자동8","9.2","5등급","189"
"BMW 523d xDrive","BMW","경유","1995","자동8","15.3","2등급","123"
"BMW 523d","BMW","경유","1995","자동8","15.6","2등급","119"
"S4 TFSI","아우디","휘발유","2995","자동8","9.9","4등급","175"
"BMW M5","BMW","휘발유","4395","자동8","7.6","5등급","225"
"C35S5","DFSK","휘발유","1493","수동5","9.7","4등급","174"
"쏘렌토(MQ4) 2.5T-GDI 4WD 7인 20인치타이어","기아","휘발유","2497","자동8","9.7","4등급","175"
"쏘렌토(MQ4) 2.5T-GDI 4WD 7인 18인치타이어","기아","휘발유","2497","자동8","10","4등급","168"
"Q8 55 TFSI quattro","아우디","휘발유","2995","자동8","7.9","5등급","222"
"쏘렌토(MQ4) 2.5T-GDI 2WD 7인 20인치타이어","기아","휘발유","2497","자동8","10.3","4등급","164"
"쏘렌토(MQ4) 2.5T-GDI 2WD 7인 18인치타이어","기아","휘발유","2497","자동8","10.6","4등급","159"
"쏘렌토(MQ4) 2.5T-GDI 2WD 5인 18인치타이어","기아","휘발유","2497","자동8","11","4등급","153"
"쏘렌토(MQ4) 2.5T-GDI 2WD 5인 18인치(빌트인캠)","기아","휘발유","2497","자동8","10.9","4등급","154"
"BMW 420d Coupe","BMW","경유","1995","자동8","14.3","2등급","132"
"BMW 540i xDrive","BMW","휘발유","2998","자동8","9.9","4등급","170"
"BMW 430i Coupe","BMW","휘발유","1998","자동8","11.1","4등급","150"
"911 터보 S 카브리올레","포르쉐","휘발유","3745","자동8","6.8","5등급","257"
"911 터보 S","포르쉐","휘발유","3745","자동8","6.8","5등급","257"
"스팅어(CK PE) 3.3T-GDI 2WD_19인치(썸머)","기아","휘발유","3342","자동8","8.8","5등급","192"
"스팅어(CK PE) 3.3T-GDI 2WD_19인치(올시즌)","기아","휘발유","3342","자동8","9","5등급","192"
"스팅어(CK PE) 3.3T-GDI AWD_19인치(썸머)","기아","휘발유","3342","자동8","8.4","5등급","202"
"스팅어(CK PE) 3.3T-GDI AWD_19인치(올시즌)","기아","휘발유","3342","자동8","8.5","5등급","203"
"MINI Cooper D Countryman ALL4","MINI","경유","1995","자동8","14.5","2등급","130"
"BMW X5 xDrive40i","BMW","휘발유","2998","자동8","8.1","5등급","210"
"BMW 520i","BMW","휘발유","1998","자동8","12.4","3등급","135"
"MINI Cooper Countryman ","MINI","휘발유","1499","자동7","11.6","3등급","144"
"BMW 630i xDrive","BMW","휘발유","2998","자동8","9.3","5등급","186"
"BMW 420i Coupe","BMW","휘발유","1998","자동8","11.5","4등급","145"
"BMW 218d Gran Coupe","BMW","경유","1995","자동8","14.3","2등급","132"
"레인지로버 이보크 P200","랜드로버","휘발유","1997","자동9","8.6","5등급","194"
"BMW X7 M50i","BMW","휘발유","4395","자동8","6.5","5등급","265"
"MINI Cooper D Countryman ","MINI","경유","1995","자동8","15.2","2등급","124"
"MINI Cooper SD Countryman ALL4","MINI","경유","1995","자동8","14.3","2등급","133"
"투싼 1.6T-GDI AWD 7DCT 19인치 (빌트인캠)","현대","휘발유","1598","자동7","11","4등급","153"
"투싼 1.6T-GDI AWD 7DCT 18인치 (빌트인캠)","현대","휘발유","1598","자동7","11.3","4등급","148"
"투싼 1.6T-GDI AWD 7DCT 17/18인치","현대","휘발유","1598","자동7","11.6","3등급","145"
"투싼 1.6T-GDI 2WD 7DCT 19인치 (빌트인캠)","현대","휘발유","1598","자동7","12","3등급","139"
"투싼 1.6T-GDI 2WD 7DCT 18인치 (빌트인캠)","현대","휘발유","1598","자동7","12.3","3등급","136"
"투싼 1.6T-GDI 2WD 7DCT 17/18인치","현대","휘발유","1598","자동7","12.5","3등급","133"
"투싼 2.0디젤 AWD 8AT 19인치 (빌트인캠)","현대","경유","1998","자동8","13","3등급","148"
"투싼 2.0디젤 AWD 8AT 18인치 (빌트인캠)","현대","경유","1998","자동8","13.2","3등급","145"
"투싼 2.0디젤 AWD 8AT 17/18인치","현대","경유","1998","자동8","13.3","3등급","144"
"투싼 2.0디젤 2WD 8AT 19인치 (빌트인캠)","현대","경유","1998","자동8","13.9","2등급","137"
"투싼 2.0디젤 2WD 8AT 18인치 (빌트인캠)","현대","경유","1998","자동8","14.2","2등급","134"
"투싼 2.0디젤 2WD 8AT 18인치","현대","경유","1998","자동8","14.3","2등급","133"
"투싼 2.0디젤 2WD 8AT 17인치","현대","경유","1998","자동8","14.8","2등급","128"
"스팅어(CK PE) 2.5T-GDI AWD_19인치(썸머)","기아","휘발유","2497","자동8","9.9","4등급","172"
"스팅어(CK PE) 2.5T-GDI AWD_19인치(올시즌)","기아","휘발유","2497","자동8","10","4등급","170"
"R8 V10 performance","아우디","휘발유","5204","자동7","6","5등급","296"
"BMW 530i","BMW","휘발유","1998","자동8","12","3등급","139"
"BMW 530i xDrive","BMW","휘발유","1998","자동8","11","4등급","153"
"MINI John Cooper Works Countryman ALL4","MINI","휘발유","1998","자동8","10.4","4등급","162"
"스팅어(CK PE) 2.5T-GDI AWD_18인치타이어","기아","휘발유","2497","자동8","10.2","4등급","166"
"BMW X5 xDrive40d","BMW","경유","2993","자동8","10.1","4등급","191"
"스팅어(CK PE) 2.5T-GDI 2WD_19인치(썸머)","기아","휘발유","2497","자동8","10.6","4등급","160"
"CHEVROLET COLORADO AWD","GM","휘발유","3649","자동8","8.1","5등급","216"
"CHEVROLET COLORADO RWD","GM","휘발유","3649","자동8","8.3","5등급","210"
"스팅어(CK PE) 2.5T-GDI 2WD_19인치(올시즌)","기아","휘발유","2497","자동8","10.8","4등급","156"
"스팅어(CK PE) 2.5T-GDI 2WD_18인치타이어","기아","휘발유","2497","자동8","11.2","4등급","151"
"LSEV","코리아에어카고","전기","0","없음","4.4","고속","0"
"BMW M5 Competition Package","BMW","휘발유","4395","자동8","7.6","5등급","225"
"디스커버리 스포츠 P200","랜드로버","휘발유","1997","자동9","7.9","5등급","212"
"쏘나타(DN8) 2.0GDI 하이브리드_18인치타이어","현대","휘발유","1999","자동6","18","1등급","88"
"쏘나타(DN8) 2.0GDI 하이브리드_18인치(빌트인캠)","현대","휘발유","1999","자동6","17.6","1등급","91"
"투싼 1.6T-GDI 하이브리드 6AT (빌트인캠)","현대","휘발유","1598","자동6","15.8","2등급","102"
"투싼 1.6T-GDI 하이브리드 6AT","현대","휘발유","1598","자동6","16.2","1등급","99"
"페라리 SF90 Stradale","페라리","전기+휘발유","3990","자동8","2.7/7.4","PHEV","163"
"S5 Coupe TFSI","아우디","휘발유","2995","자동8","9.5","4등급","183"
"말리부 2.0 TURBO","한국지엠","휘발유","1998","자동6","10.5","4등급","163"
"BMW 320d","BMW","경유","1995","자동8","14.9","2등급","126"
"BMW 320d xDrive","BMW","경유","1995","자동8","14.1","2등급","134"
"캐딜락 XT4","GM","휘발유","1998","자동9","10","4등급","173"
"코란도 e-motion 2WD Non Heat Pump","쌍용","전기","0","없음","4.8","고속","0"
"카니발 3.5GDI 11인 18인치타이어","기아","휘발유","3470","자동8","9.1","5등급","188"
"카니발 3.5GDI 11인 18인치타이어(빌트인캠)","기아","휘발유","3470","자동8","9.1","5등급","188"
"카니발 3.5GDI 7인 19인치타이어","기아","휘발유","3470","자동8","8.9","5등급","192"
"카니발 3.5GDI 7인 19인치타이어(빌트인캠)","기아","휘발유","3470","자동8","8.9","5등급","193"
"카니발 3.5GDI 9인 18인치/19인치타이어","기아","휘발유","3470","자동8","9.1","5등급","187"
"카니발 2.2디젤 11인 18인치타이어(빌트인캠)","기아","경유","2151","자동8","12.4","3등급","154"
"카니발 2.2디젤 11인 18인치타이어","기아","경유","2151","자동8","12.7","3등급","151"
"카니발 2.2디젤 9인 18인치/19인치타이어(빌트인캠)","기아","경유","2151","자동8","13","3등급","147"
"카니발 2.2디젤 9인 18인치/19인치타이어","기아","경유","2151","자동8","13.1","3등급","146"
"카니발 2.2디젤 7인 19인치타이어(빌트인캠)","기아","경유","2151","자동8","12.5","3등급","153"
"페라리 SF90 Stradale Assetto Fiorano","페라리","전기+휘발유","3990","자동8","2.7/7.4","PHEV","163"
"카니발 2.2디젤 7인 19인치타이어","기아","경유","2151","자동8","12.6","3등급","153"
"카니발 3.5GDI 9인 18인치/19인치타이어 (빌트인캠)","기아","휘발유","3470","자동8","9.1","5등급","188"
"페라리 Roma","페라리","휘발유","3855","자동8","7.4","5등급","237"
"싼타페 2.2디젤 2WD 5인 18인치타이어","현대","경유","2151","자동8","14.2","2등급","134"
"싼타페 2.2디젤 2WD 7인 18인치타이어","현대","경유","2151","자동8","14.2","2등급","134"
"싼타페 2.2디젤 AWD 5인 20인치타이어","현대","경유","2151","자동8","12.8","3등급","149"
"싼타페 2.2디젤 AWD 5인 18인치타이어(빌트인캠)","현대","경유","2151","자동8","13.2","3등급","144"
"싼타페 2.2디젤 2WD 5인 20인치타이어","현대","경유","2151","자동8","13.6","3등급","139"
"싼타페 2.2디젤 2WD 5인 18인치타이어(빌트인캠)","현대","경유","2151","자동8","13.9","2등급","136"
"싼타페 2.2디젤 AWD 5인 18인치타이어","현대","경유","2151","자동8","13.5","3등급","141"
"싼타페 2.2디젤 AWD 7인 20인치타이어","현대","경유","2151","자동8","12.8","3등급","149"
"싼타페 2.2디젤 AWD 7인 18인치타이어","현대","경유","2151","자동8","13.2","3등급","144"
"싼타페 2.2디젤 2WD 7인 20인치타이어","현대","경유","2151","자동8","13.6","3등급","139"
"싼타페 2.2디젤 2WD 7인 18인치타이어(빌트인캠)","현대","경유","2151","자동8","13.9","2등급","136"
"DS3 CROSSBACK E-TENSE","PSA Automobiles","전기","0","없음","4.3","고속","0"
"911 카레라 S 카브리올레","포르쉐","휘발유","2981","자동8","8.3","5등급","210"
"911 타르가 4S","포르쉐","휘발유","2981","자동8","8.1","5등급","216"
"911 카레라 4S","포르쉐","휘발유","2981","자동8","8.1","5등급","216"
"911 카레라 카브리올레","포르쉐","휘발유","2981","자동8","8.5","5등급","204"
"911 타르가 4","포르쉐","휘발유","2981","자동8","8.2","5등급","213"
"911 카레라 4 카브리올레","포르쉐","휘발유","2981","자동8","8.2","5등급","213"
"A5 Sportback 40 TFSI quattro","아우디","휘발유","1984","자동7","11.3","4등급","150"
"렉서스 ES300h","토요타","휘발유","2487","무단변속","17.2","1등급","91"
"재규어 XF 25t","재규어","휘발유","1997","자동8","10.3","4등급","160"
"재규어 XF 25t AWD","재규어","휘발유","1997","자동8","9.9","4등급","167"
"The Passat GT 2.0 TDI","폭스바겐","경유","1968","자동7","14.9","2등급","126"
"Q7 55 TFSI quattro","아우디","휘발유","2995","자동8","7.9","5등급","219"
"The Passat GT 2.0 TDI 4Motion","폭스바겐","경유","1968","자동7","14","2등급","136"
"911 카레라 S","포르쉐","휘발유","2981","자동8","8.3","5등급","210"
"911 카레라 4S 카브리올레","포르쉐","휘발유","2981","자동8","8.1","5등급","216"
"911 카레라","포르쉐","휘발유","2981","자동8","8.5","5등급","204"
"911 카레라 4","포르쉐","휘발유","2981","자동8","8.2","5등급","213"
"토요타 RAV4 Hybrid 2WD","토요타","휘발유","2487","무단변속","15.7","2등급","101"
"디펜더 110 D240","랜드로버","경유","1999","자동8","9.6","4등급","204"
"Lincoln Nautilus 2.7 AWD (21"" wheel)","포드","휘발유","2694","자동8","8.8","5등급","192"
"짚 컴패스 2.4 FWD","크라이슬러","휘발유","2360","자동6","9.6","4등급","181"
"BMW X5 xDrive40d","BMW","경유","2993","자동8","10.1","4등급","191"
"BMW X6 xDrive40d","BMW","경유","2993","자동8","10.5","4등급","185"
"Mercedes-Benz GLC 300 4MATIC ","벤츠","휘발유","1991","자동9","9.7","4등급","179"
"아반떼 1.6 T-GDI 6MT 18인치 타이어","현대","휘발유","1598","수동6","12.3","3등급","136"
"아반떼 1.6 T-GDI 7DCT 18인치 타이어","현대","휘발유","1598","자동7","12.8","3등급","130"
"BMW X7 M50i","BMW","휘발유","4395","자동8","6.5","5등급","265"
"BMW X6 M50i","BMW","휘발유","4395","자동8","7","5등급","247"
"BMW X5 M50i","BMW","휘발유","4395","자동8","6.6","5등급","260"
"벤츠 E 220 d Cabriolet","벤츠","경유","1950","자동9","13.4","3등급","142"
"Peugeot 2008 1.5 BlueHDi","PSA Automobiles","경유","1499","자동8","17.1","1등급","109"
"BMW 330e","BMW","전기+휘발유","1998","자동8","3.4/11.8","PHEV","34"
"Q8 55 TFSI quattro","아우디","휘발유","2995","자동8","7.6","5등급","229"
"레인지로버 5.0SC SVAutobiography","랜드로버","휘발유","5000","자동8","6.5","5등급","263"
"A5 Sportback 45 TFSI quattro","아우디","휘발유","1984","자동7","10.4","4등급","165"
"A5 Coupe 45 TFSI quattro","아우디","휘발유","1984","자동7","10.8","4등급","159"
"A5 Cabriolet 45 TFSI quattro","아우디","휘발유","1984","자동7","10.5","4등급","164"
"A4 45 TFSI quattro","아우디","휘발유","1984","자동7","10.5","4등급","164"
"Q8 55 TFSI quattro","아우디","휘발유","2995","자동8","7.6","5등급","229"
"벨로스터 N 2.0T-GDI (PP)_21MY","현대","휘발유","1998","수동6","10.5","4등급","162"
"벨로스터 N 2.0T-GDI (STD)_21MY","현대","휘발유","1998","수동6","10.7","4등급","159"
"BMW X4 M40i","BMW","휘발유","2998","자동8","8.7","5등급","195"
"BMW X3 M40i","BMW","휘발유","2998","자동8","8.7","5등급","196"
"Peugeot e-2008 SUV","PSA Automobiles","전기","0","없음","4.3","고속","0"
"캐딜락 CT5 2.0T","GM","휘발유","1998","자동10","10.2","4등급","170"
"쏘나타(DN8) 2.5 T-GDI_19인치타이어(빌트인캠)","현대","휘발유","2497","자동8","10.9","4등급","155"
"쏘나타(DN8) 2.5 T-GDI_19인치타이어","현대","휘발유","2497","자동8","11.1","4등급","152"
"Mercedes-AMG GLC 63 S 4MATIC + Coupe","벤츠","휘발유","3982","자동9","7","5등급","256"
"ZOE","르노삼성","전기","0","없음","4.8","고속","0"
"벤츠 E 350 4MATIC","벤츠","휘발유","1991","자동9","10.2","4등급","171"
"A8 L 60 TFSI quattro","아우디","휘발유","3996","자동8","7.7","5등급","226"
"A8 L 60 TFSI quattro","아우디","휘발유","3996","자동8","7.7","5등급","226"
"아반떼 1.6GDI 하이브리드 (16“타이어)","현대","휘발유","1580","자동6","21.1","1등급","74"
"아반떼 1.6GDI 하이브리드 (17“타이어)","현대","휘발유","1580","자동6","19.5","1등급","81"
"Mercedes-Benz GLB 220","벤츠","휘발유","1991","자동8","11.5","4등급","150"
"718 카이맨 S","포르쉐","휘발유","2497","자동7","8.7","5등급","198"
"718 카이맨","포르쉐","휘발유","1988","자동7","9.3","5등급","186"
"Mercedes-AMG GLC 43 4MATIC","벤츠","휘발유","2996","자동9","8.3","5등급","212"
"Mercedes-Benz GLE 450 4MATIC","벤츠","휘발유","2999","자동9","8.7","5등급","200"
"718 박스터 S","포르쉐","휘발유","2497","자동7","8.7","5등급","198"
"718 박스터","포르쉐","휘발유","1988","자동7","9.3","5등급","186"
"SM6 2.0 LPLi New (19"" Tire)","르노삼성","LPG","1998","무단변속","9.2","5등급","142"
"SM6 2.0 LPLi New (18"" Tire)","르노삼성","LPG","1998","무단변속","9.4","4등급","139"
"카이엔 터보 COUPE (5인승)","포르쉐","휘발유","3996","자동8","6.6","5등급","265"
"카이엔 터보 COUPE","포르쉐","휘발유","3996","자동8","6.6","5등급","265"
"마칸 GTS","포르쉐","휘발유","2894","자동7","7.7","5등급","225"
"카이엔 터보","포르쉐","휘발유","3996","자동8","6.6","5등급","265"
"BMW 320d Touring","BMW","경유","1995","자동8","14.1","2등급","134"
"Mercedes-Benz GLE 300 d 4MATIC","벤츠","경유","1950","자동9","10.7","4등급","181"
"벤츠 E 220 d Coupe","벤츠","경유","1950","자동9","13.7","3등급","139"
"Mercedes-Benz E 450 4MATIC Cabriolet","벤츠","휘발유","2996","자동9","8.9","5등급","198"
"짚 컴패스 2.4 AWD (Limited)","크라이슬러","휘발유","2360","자동9","9.2","5등급","189"
"짚 컴패스 2.4 AWD","크라이슬러","휘발유","2360","자동9","9.2","5등급","189"
"짚 레니게이드 2.4 FWD","크라이슬러","휘발유","2360","자동9","10","4등급","171"
"짚 레니게이드 2.4 AWD","크라이슬러","휘발유","2360","자동9","9.2","5등급","188"
"BMW X5 xDrive45e iPerformance","BMW","전기+휘발유","2998","자동8","2.3/8.1","PHEV","43"
"Mercedes-Benz GLS 400 d 4MATIC","벤츠","경유","2925","자동9","9.8","4등급","199"
"쏘나타(DN8) 1.6 T-GDI_18인치타이어_21MY","현대","휘발유","1598","자동8","13.2","3등급","126"
"쏘나타(DN8) 1.6 T-GDI_17인치타이어(빌트인캠)_21MY","현대","휘발유","1598","자동8","13.6","3등급","122"
"쏘나타(DN8) 1.6 T-GDI_17인치타이어_21MY","현대","휘발유","1598","자동8","13.8","2등급","120"
"쏘나타(DN8) 2.0LPI_18인치타이어_21MY","현대","LPG","1999","자동6","9.9","4등급","132"
"쏘나타(DN8) 2.0LPI_17인치타이어_21MY","현대","LPG","1999","자동6","10.2","4등급","128"
"쏘나타(DN8) 2.0LPI_16인치타이어_21MY","현대","LPG","1999","자동6","10.2","4등급","128"
"쏘나타(DN8) 2.0CVVL_18인치타이어(빌트인캠)_21MY","현대","휘발유","1999","자동6","12.6","3등급","133"
"쏘나타(DN8) 2.0CVVL_18인치타이어_21MY","현대","휘발유","1999","자동6","12.8","3등급","130"
"쏘나타(DN8) 2.0CVVL_17인치타이어(빌트인캠)_21MY","현대","휘발유","1999","자동6","12.8","3등급","130"
"Mercedes-AMG CLS 53 4MATIC +","벤츠","휘발유","2999","자동9","9.2","5등급","189"
"쏘나타(DN8) 2.0CVVL_17인치타이어_21MY","현대","휘발유","1999","자동6","12.9","3등급","129"
"SM6 2.0 LPLi New (16"" Tire)","르노삼성","LPG","1998","무단변속","9.5","4등급","137"
"SM6 1.8 (19"" Tire)","르노삼성","휘발유","1798","자동7","11.6","3등급","144"
"SM6 1.8 (18"" Tire)","르노삼성","휘발유","1798","자동7","11.8","3등급","141"
"SM6 1.3 (19"" Tire)","르노삼성","휘발유","1332","자동7","12.9","3등급","128"
"SM6 1.3 (18"" Tire)","르노삼성","휘발유","1332","자동7","13.3","3등급","123"
"SM6 1.3 (16"" Tire)","르노삼성","휘발유","1332","자동7","13.6","3등급","121"
"Mercedes-Benz GLE 400 d 4MATIC Coupe","벤츠","경유","2925","자동9","10.5","4등급","184"
"캐딜락 CT4 2.0T","GM","휘발유","1998","자동8","10.6","4등급","161"
"재규어 XF 20d","재규어","경유","1999","자동8","12.7","3등급","151"
"재규어 XF 20d AWD","재규어","경유","1999","자동8","12.4","3등급","155"
"재규어 E-PACE P250","재규어","휘발유","1997","자동9","9","5등급","189"
"마칸","포르쉐","휘발유","1984","자동7","8.7","5등급","200"
"벤츠 E 220 d","벤츠","경유","1950","자동9","13.9","2등급","136"
"모닝(JA PE)_1.0가솔린_14인치타이어_밴형","기아","휘발유","998","자동4","15.7","경형","104"
"Mercedes-Benz GLS 580 4MATIC","벤츠","휘발유","3982","자동9","7.3","5등급","243"
"Mercedes-AMG GLC 43 4MATIC Coupe","벤츠","휘발유","2996","자동9","8.1","5등급","217"
"벤츠 C 200 Cabriolet","벤츠","휘발유","1991","자동9","10.4","4등급","167"
"MINI John Cooper Works Clubman ALL4","BMW","휘발유","1998","자동8","10","4등급","170"
"모닝(JA PE)_1.0가솔린_16인치타이어","기아","휘발유","998","자동4","14.7","경형","112"
"모닝(JA PE)_1.0가솔린_14인치타이어","기아","휘발유","998","자동4","15.7","경형","104"
"Lincoln Corsair 2.0 (19인치)","포드","휘발유","1999","자동8","9.2","5등급","184"
"K3 1.6 가솔린 21MY CVT (15인치 타이어)","기아","휘발유","1598","무단변속","15.2","2등급","108"
"K3 1.6 가솔린 21MY CVT (17인치 타이어)","기아","휘발유","1598","무단변속","14.1","2등급","117"
"Lincoln Corsair 2.0","포드","휘발유","1999","자동8","9.2","5등급","184"
"Mercedes-AMG S 63 4MATIC Coupe","벤츠","휘발유","3982","자동9","7.4","5등급","241"
"Mercedes-Benz S 450 4MATIC(4인승)","벤츠","휘발유","2996","자동9","8.5","5등급","208"
"Mercedes-Benz S 450 4MATIC","벤츠","휘발유","2996","자동9","8.5","5등급","208"
"Mercedes-Benz S 450 4MATIC Coupe","벤츠","휘발유","2996","자동9","8.3","5등급","213"
"BMW M235i xDrive Gran Coupe","BMW","휘발유","1998","자동8","10.4","4등급","161"
"BMW 320i Touring","BMW","휘발유","1998","자동8","11.7","3등급","143"
"BMW M340i xDrive Touring","BMW","휘발유","2998","자동8","9.9","4등급","170"
"Mercedes-Benz C 200 Coupe	","벤츠","휘발유","1991","자동9","11.1","4등급","156"
"페라리 812 Superfast","페라리","휘발유","6496","자동7","5.4","5등급","328"
"BMW X5 M","BMW","휘발유","4395","자동8","6.7","5등급","258"
"Mercedes-AMG C 63 S Coupe","벤츠","휘발유","3982","자동9","8","5등급","220"
"Peugeot e-208","PSA Automobiles","전기","0","없음","4.4","고속","0"
"토요타 RAV4","토요타","휘발유","2487","자동8","11.5","4등급","143"
"ODYSSEY","혼다","휘발유","3471","자동10","9","5등급","187"
"BMW M2 CS","BMW","휘발유","2979","자동7","8.7","5등급","195"
"카이엔","포르쉐","휘발유","2995","자동8","7.8","5등급","223"
"Mercedes-Benz GLE 300 d 4MATIC","벤츠","경유","1950","자동9","10.7","4등급","181"
"Mercedes-AMG C 43 4MATIC Coupe","벤츠","휘발유","2996","자동9","8.7","5등급","201"
"Jetta 1.4 TSI","폭스바겐","휘발유","1395","자동8","13.7","3등급","123"
"X5 M Competition","BMW","휘발유","4395","자동8","6.7","5등급","258"
"카이엔 COUPE","포르쉐","휘발유","2995","자동8","7.8","5등급","223"
"카이엔 E-하이브리드 COUPE","포르쉐","전기+휘발유","2995","자동8","1.7/7.7","PHEV","102"
"카이엔 E-하이브리드 COUPE (5인승)","포르쉐","전기+휘발유","2995","자동8","1.7/7.7","PHEV","102"
"카이엔 COUPE (5인승)","포르쉐","휘발유","2995","자동8","7.8","5등급","223"
"쏘렌토 2.2디젤 2WD 5인 18인치타이어","기아","경유","2151","자동8","14.3","2등급","133"
"쏘렌토 2.2디젤 2WD 6인 18인치타이어","기아","경유","2151","자동8","14.3","2등급","133"
"쏘렌토 2.2디젤 2WD 5인 18인치타이어 (빌트인캠)","기아","경유","2151","자동8","14.2","2등급","134"
"쏘렌토 2.2디젤 2WD 6인 18인치타이어 (빌트인캠)","기아","경유","2151","자동8","14.2","2등급","134"
"아반떼 1.6 가솔린 15인치 타이어","현대","휘발유","1598","무단변속","15.4","2등급","106"
"쏘렌토 2.2디젤 4WD 5인 20인치타이어","기아","경유","2151","자동8","13","3등급","147"
"쏘렌토 2.2디젤 4WD 6인 20인치타이어","기아","경유","2151","자동8","13","3등급","147"
"쏘렌토 2.2디젤 4WD 5인 18인치타이어 (빌트인캠)","기아","경유","2151","자동8","13.3","3등급","144"
"쏘렌토 2.2디젤 4WD 6인 18인치타이어","기아","경유","2151","자동8","13.3","3등급","144"
"쏘렌토 2.2디젤 2WD 5인 20인치타이어","기아","경유","2151","자동8","13.7","3등급","139"
"쏘렌토 2.2디젤 2WD 6인 20인치타이어","기아","경유","2151","자동8","13.7","3등급","139"
"쏘렌토 2.2디젤 4WD 7인 20인치타이어","기아","경유","2151","자동8","13","3등급","147"
"쏘렌토 2.2디젤 4WD 7인 18인치타이어","기아","경유","2151","자동8","13.3","3등급","144"
"쏘렌토 2.2디젤 4WD 5인 18인치타이어","기아","경유","2151","자동8","13.9","2등급","137"
"쏘렌토 2.2디젤 2WD 7인 20인치타이어","기아","경유","2151","자동8","13.7","3등급","139"
"쏘렌토 2.2디젤 2WD 7인 18인치타이어","기아","경유","2151","자동8","14.3","2등급","133"
"쏘렌토 2.2디젤 2WD 7인 18인치타이어 (빌트인캠)","기아","경유","2151","자동8","14.2","2등급","134"
"Mercedes-Benz GLE 450 4MATIC","벤츠","휘발유","2999","자동9","8.7","5등급","200"
"아반떼 1.6 LPI 17인치 타이어","현대","LPG","1591","자동6","10.3","4등급","126"
"아반떼 1.6 LPI 16인치 타이어","현대","LPG","1591","자동6","10.5","4등급","123"
"아반떼 1.6 LPI 15인치 타이어","현대","LPG","1591","자동6","10.6","4등급","122"
"쏘렌토 1.6T-GDI 하이브리드 2WD 5인 17""(빌트인캠)","기아","휘발유","1598","자동6","15","2등급","108"
"쏘렌토 1.6T-GDI 하이브리드 2WD 6인 17""(빌트인캠)","기아","휘발유","1598","자동6","15","2등급","108"
"쏘렌토 1.6T-GDI 하이브리드 2WD 5인 17인치타이어","기아","휘발유","1598","자동6","15.3","2등급","106"
"쏘렌토 1.6T-GDI 하이브리드 2WD 6인 17인치타이어","기아","휘발유","1598","자동6","15.3","2등급","106"
"쏘렌토 1.6T-GDI 하이브리드 4WD 5인 19인치타이어","기아","휘발유","1598","자동6","13.2","3등급","124"
"쏘렌토 1.6T-GDI 하이브리드 4WD 6인 19인치타이어","기아","휘발유","1598","자동6","13.2","3등급","124"
"쏘렌토 1.6T-GDI 하이브리드 4WD 5인 17인치타이어","기아","휘발유","1598","자동6","13.7","3등급","120"
"쏘렌토 1.6T-GDI 하이브리드 4WD 6인 17인치타이어","기아","휘발유","1598","자동6","13.7","3등급","120"
"쏘렌토 1.6T-GDI 하이브리드 2WD 5인 19인치타이어","기아","휘발유","1598","자동6","14.3","2등급","115"
"쏘렌토 1.6T-GDI 하이브리드 2WD 6인 19인치타이어","기아","휘발유","1598","자동6","14.3","2등급","115"
"쏘렌토 1.6T-GDI 하이브리드 4WD 7인 19인치타이어","기아","휘발유","1598","자동6","13.2","3등급","124"
"쏘렌토 1.6T-GDI 하이브리드 4WD 7인 17인치타이어","기아","휘발유","1598","자동6","13.7","3등급","120"
"쏘렌토 1.6T-GDI 하이브리드 2WD 7인 19인치타이어","기아","휘발유","1598","자동6","14.3","2등급","115"
"쏘렌토 1.6T-GDI 하이브리드 2WD 7인 17""(빌트인캠)","기아","휘발유","1598","자동6","15","2등급","108"
"Mercedes-AMG C 43 4MATIC","벤츠","휘발유","2996","자동9","8.7","5등급","202"
"쏘렌토 1.6T-GDI 하이브리드 2WD 7인 17인치타이어","기아","휘발유","1598","자동6","15.3","2등급","106"
"Continental GT V8","벤틀리","휘발유","3996","자동8","7.4","5등급","238"
"페라리 812 GTS","페라리","휘발유","6496","자동7","5.3","5등급","337"
"e-tron 55 quattro","아우디","전기","0","없음","3","고속","0"
"GV80 2.5T-GDI AWD 5인 19인치타이어 (빌트인캠)","현대","휘발유","2497","자동8","8.8","5등급","194"
"GV80 2.5T-GDI AWD 5인 19인치타이어","현대","휘발유","2497","자동8","9","5등급","190"
"GV80 2.5T-GDI AWD 5인 20인치타이어","현대","휘발유","2497","자동8","8.6","5등급","199"
"GV80 2.5T-GDI AWD 7인 20인치타이어","현대","휘발유","2497","자동8","8.5","5등급","202"
"GV80 2.5T-GDI 2WD 5인 22인치타이어","현대","휘발유","2497","자동8","9.1","5등급","188"
"GV80 2.5T-GDI 2WD 5인 20인치타이어","현대","휘발유","2497","자동8","9.1","5등급","188"
"GV80 2.5T-GDI 2WD 7인 20인치타이어","현대","휘발유","2497","자동8","9.1","5등급","188"
"GV80 3.5T-GDI AWD 5인 20인치타이어 (빌트인캠)","현대","휘발유","3470","자동8","7.8","5등급","221"
"GV80 3.5T-GDI AWD 5인 22인치타이어","현대","휘발유","3470","자동8","7.8","5등급","221"
"GV80 3.5T-GDI AWD 7인 20인치타이어","현대","휘발유","3470","자동8","7.8","5등급","221"
"GV80 3.5T-GDI 2WD 7인 20인치타이어","현대","휘발유","3470","자동8","8.4","5등급","205"
"GV80 3.5T-GDI 2WD 5인 20인치타이어 (빌트인캠)","현대","휘발유","3470","자동8","8.4","5등급","205"
"GV80 3.5T-GDI AWD 5인 20인치타이어","현대","휘발유","3470","자동8","8","5등급","215"
"GV80 3.5T-GDI 2WD 7인 22인치타이어","현대","휘발유","3470","자동8","8.2","5등급","210"
"GV80 3.5T-GDI 2WD 5인 22인치타이어","현대","휘발유","3470","자동8","8.4","5등급","205"
"GV80 3.5T-GDI AWD 7인 22인치타이어","현대","휘발유","3470","자동8","7.8","5등급","221"
"GV80 3.5T-GDI 2WD 5인 20인치타이어","현대","휘발유","3470","자동8","8.6","5등급","199"
"GV80 2.5T-GDI AWD 7인 22인치타이어","현대","휘발유","2497","자동8","8.5","5등급","202"
"G80 2.2디젤 2WD 18인치타이어","현대","경유","2151","자동8","14.6","2등급","130"
"GV80 2.5T-GDI AWD 7인 19인치타이어 (빌트인캠)","현대","휘발유","2497","자동8","8.8","5등급","194"
"GV80 2.5T-GDI AWD 7인 19인치타이어","현대","휘발유","2497","자동8","9","5등급","190"
"GV80 2.5T-GDI AWD 5인 22인치타이어","현대","휘발유","2497","자동8","8.6","5등급","199"
"GV80 2.5T-GDI 2WD 7인 22인치타이어","현대","휘발유","2497","자동8","9.1","5등급","188"
"GV80 2.5T-GDI 2WD 7인 19인치타이어","현대","휘발유","2497","자동8","9.3","5등급","183"
"GV80 2.5T-GDI 2WD 5인 19인치타이어 (빌트인캠)","현대","휘발유","2497","자동8","9.5","4등급","179"
"GV80 2.5T-GDI 2WD 5인승 19인치 타이어","현대","휘발유","2497","자동8","9.7","4등급","175"
"S8L TFSI","아우디","휘발유","3996","자동8","7.2","5등급","246"
"LEAF PLUS","닛산","전기","0","없음","4.8","고속","0"
"LEAF","닛산","전기","0","없음","5.2","고속","0"
"G80 2.2디젤 AWD 19인치타이어","현대","경유","2151","자동8","12.7","3등급","151"
"G80 2.2디젤 AWD 18인치 (빌트인캠)","현대","경유","2151","자동8","13","3등급","147"
"G80 2.2디젤 AWD 18인치타이어","현대","경유","2151","자동8","13","3등급","147"
"G80 2.2디젤 2WD 19인치타이어","현대","경유","2151","자동8","14.4","2등급","132"
"G80 2.2디젤 2WD 18인치 (빌트인캠)","현대","경유","2151","자동8","14.4","2등급","132"
"아반떼 1.6 가솔린 15인치 타이어(MT)","현대","휘발유","1598","수동6","14.4","2등급","115"
"아반떼 1.6 가솔린 17인치 타이어","현대","휘발유","1598","무단변속","14.5","2등급","114"
"아반떼 1.6 가솔린 16인치 타이어","현대","휘발유","1598","무단변속","14.9","2등급","110"
"BMW X6 M","BMW","휘발유","4395","자동8","6.8","5등급","256"
"D2P","쎄미시스코","전기","0","없음","5.2","고속","0"
"CR-V HYBRID 4WD","혼다","휘발유","1993","무단변속","14.5","2등급","112"
"BMW M8 Gran Coupe","BMW","휘발유","4395","자동8","7.3","5등급","237"
"티볼리 1.6 디젤 2WD 6AT SCR 16인치 타이어","쌍용","경유","1597","자동6","15.2","2등급","124"
"티볼리 1.6 디젤 2WD 6AT SCR 18인치 타이어","쌍용","경유","1597","자동6","14.9","2등급","127"
"티볼리 1.6 디젤 AWD 6AT SCR","쌍용","경유","1597","자동6","13.9","2등급","137"
"티볼리 가솔린 1.5 MT 2WD 기준4","쌍용","휘발유","1497","수동6","12.5","3등급","131"
"티볼리 가솔린 1.5 AT 2WD 저공해3종 16인치 타이어","쌍용","휘발유","1497","자동6","12","3등급","138"
"티볼리 가솔린 1.5 AT 2WD 저공해3종 18인치 타이어","쌍용","휘발유","1497","자동6","11.8","3등급","140"
"티볼리 가솔린 1.5 AT AWD 저공해3종","쌍용","휘발유","1497","자동6","10.8","4등급","154"
"코란도 1.6 디젤 6MT 2WD SCR","쌍용","경유","1597","수동6","15.6","2등급","120"
"코란도 1.6 디젤 6AT 2WD SCR 17인치 타이어","쌍용","경유","1597","자동6","14.6","2등급","130"
"코란도 1.6 디젤 6AT 2WD SCR 19인치 타이어","쌍용","경유","1597","자동6","14.5","2등급","131"
"코란도 1.6 디젤 6AT AWD SCR","쌍용","경유","1597","자동6","14.1","2등급","135"
"Mercedes-AMG G 63","벤츠","휘발유","3982","자동9","5.9","5등급","301"
"코란도 가솔린 1.5 AT 2WD 저공해3종 17인치","쌍용","휘발유","1497","자동6","11.5","4등급","144"
"코란도 가솔린 1.5 AT 2WD 저공해3종 19인치","쌍용","휘발유","1497","자동6","11.3","4등급","147"
"코란도 가솔린 1.5 AT 4WD 저공해3종","쌍용","휘발유","1497","자동6","10.5","4등급","159"
"벨로스터 N 2.0T-GDI_8DCT","현대","휘발유","1998","자동8","10.2","4등급","167"
"XM3 1.6 (16"" tire)","르노삼성","휘발유","1598","무단변속","13.4","3등급","123"
"Mercedes-Benz A 250 4MATIC","벤츠","휘발유","1991","자동7","11.6","3등급","148"
"볼보 S90T8 AWD","볼보","전기+휘발유","1969","자동8","2.9/11.2","PHEV","63"
"렉서스 RX450hL","토요타","휘발유","3456","무단변속","12.3","3등급","134"
"렉서스 RX450hL","토요타","휘발유","3456","무단변속","12.3","3등급","134"
"레인지로버 벨라 SVAutobiography Dynamic","랜드로버","휘발유","4999","자동8","7.3","5등급","230"
"디스커버리 스포츠 P250","랜드로버","휘발유","1997","자동9","8.2","5등급","203"
"GV80 3.0디젤 AWD 7인 20인치타이어","현대","경유","2996","자동8","10.6","4등급","184"
"GV80 3.0디젤 AWD 7인 20인치타이어(DS)","현대","경유","2996","자동8","10.6","4등급","184"
"GV80 3.0디젤 AWD 7인 22인치타이어","현대","경유","2996","자동8","10.6","4등급","184"
"GV80 3.0디젤 AWD 5인 22인치타이어","현대","경유","2996","자동8","10.6","4등급","184"
"GV80 3.0디젤 2WD 7인 19인치 타이어","현대","경유","2996","자동8","11.2","4등급","173"
"GV80 3.0디젤 2WD 7인 19인치 타이어(DS)","현대","경유","2996","자동8","11.2","4등급","173"
"GV80 3.0디젤 2WD 7인 20인치 타이어","현대","경유","2996","자동8","11.2","4등급","173"
"GV80 3.0디젤 2WD 7인 20인치 타이어(DS)","현대","경유","2996","자동8","11.2","4등급","173"
"GV80 3.0디젤 2WD 7인 22인치 타이어","현대","경유","2996","자동8","11.2","4등급","173"
"GV80 3.0디젤 2WD 5인 19인치 타이어","현대","경유","2996","자동8","11.8","3등급","164"
"GV80 3.0디젤 2WD 5인 20인치 타이어","현대","경유","2996","자동8","11.6","3등급","167"
"GV80 3.0디젤 2WD 5인 20인치 타이어(DS)","현대","경유","2996","자동8","11.6","3등급","167"
"GV80 3.0디젤 2WD 5인 22인치 타이어","현대","경유","2996","자동8","11.6","3등급","167"
"GV80 3.0디젤 AWD 5인 20인치타이어(DS)","현대","경유","2996","자동8","10.6","4등급","184"
"GV80 3.0디젤 AWD 5인 20인치타이어","현대","경유","2996","자동8","10.6","4등급","184"
"GV80 3.0디젤 AWD 5인 19인치타이어","현대","경유","2996","자동8","10.9","4등급","179"
"GV80 3.0디젤 AWD 5인 19인치타이어(DS)","현대","경유","2996","자동8","10.9","4등급","179"
"GV80 3.0디젤 AWD 7인 19인치타이어","현대","경유","2996","자동8","10.9","4등급","179"
"GV80 3.0디젤 AWD 5인 22인치타이어(DS)","현대","경유","2996","자동8","10.6","4등급","184"
"GV80 3.0디젤 2WD 7인 22인치 타이어(DS)","현대","경유","2996","자동8","11.2","4등급","173"
"GV80 3.0디젤 2WD 5인 19인치 타이어(DS)","현대","경유","2996","자동8","11.8","3등급","164"
"GV80 3.0디젤 2WD 5인 22인치 타이어(DS)","현대","경유","2996","자동8","11.6","3등급","167"
"GV80 3.0디젤 AWD 7인 19인치타이어(DS)","현대","경유","2996","자동8","10.9","4등급","179"
"GV80 3.0디젤 AWD 7인 22인치 타이어(DS)","현대","경유","2996","자동8","10.4","4등급","188"
"Huracan EVO Spyder RWD","람보르기니","휘발유","5204","자동7","5.8","5등급","304"
"Huracan EVO RWD","람보르기니","휘발유","5204","자동7","6.1","5등급","292"
"R8 V10 performance","아우디","휘발유","5204","자동7","6.2","5등급","288"
"CR-V HYBRID 4WD","혼다","휘발유","1993","무단변속","14.5","2등급","112"
"짚 레니게이드 1.6","크라이슬러","경유","1598","자동6","15.6","2등급","120"
"CHEVROLET COLORADO RWD","GM","휘발유","3649","자동8","8.3","5등급","210"
"CHEVROLET COLORADO AWD","GM","휘발유","3649","자동8","8.1","5등급","216"
"G80 3.5T-GDI AWD 20인치타이어","현대","휘발유","3470","자동8","8.4","5등급","207"
"G80 3.5T-GDI AWD 19인치 (빌트인캠)","현대","휘발유","3470","자동8","8.4","5등급","205"
"G80 3.5T-GDI AWD 19인치타이어","현대","휘발유","3470","자동8","8.4","5등급","203"
"G80 3.5T-GDI 2WD 20인치타이어","현대","휘발유","3470","자동8","9.1","5등급","188"
"G80 3.5T-GDI 2WD 19인치타이어","현대","휘발유","3470","자동8","9.2","5등급","187"
"G80 3.5T-GDI 2WD 19인치 (빌트인캠)","현대","휘발유","3470","자동8","9.1","5등급","189"
"카이엔 E-하이브리드","포르쉐","전기+휘발유","2995","자동8","1.7/7.7","PHEV","102"
"트레일블레이저 1.2 TURBO FWD","한국지엠","휘발유","1199","무단변속","12.6","3등급","135"
"트레일블레이저 1.2 TURBO FWD","한국지엠","휘발유","1199","무단변속","13","3등급","130"
"G80 2.5T-GDI AWD 20인치타이어","현대","휘발유","2497","자동8","9.8","4등급","174"
"G80 2.5T-GDI AWD 19인치타이어","현대","휘발유","2497","자동8","9.8","4등급","173"
"G80 2.5T-GDI AWD 18인치 (빌트인캠)","현대","휘발유","2497","자동8","9.9","4등급","171"
"G80 2.5T-GDI AWD 18인치타이어","현대","휘발유","2497","자동8","10.1","4등급","167"
"G80 2.5T-GDI 2WD 20인치타이어","현대","휘발유","2497","자동8","10.6","4등급","160"
"G80 2.5T-GDI 2WD 19인치타이어","현대","휘발유","2497","자동8","10.6","4등급","160"
"G80 2.5T-GDI 2WD 18인치 (빌트인캠)","현대","휘발유","2497","자동8","10.7","4등급","158"
"G80 2.5T-GDI 2WD 18인치타이어","현대","휘발유","2497","자동8","10.8","4등급","157"
"BMW X5 xDrive40i","BMW","휘발유","2998","자동8","8","5등급","216"
"디스커버리 스포츠 D150","랜드로버","경유","1999","자동9","11.4","4등급","170"
"Touareg 4.0 TDI","폭스바겐","경유","3956","자동8","9.1","5등급","216"
"재규어 XE P250","재규어","휘발유","1997","자동8","10.4","4등급","158"
"Touareg 3.0 TDI","폭스바겐","경유","2967","자동8","10.3","4등급","188"
"재규어 XE P300 AWD","재규어","휘발유","1997","자동8","9.1","5등급","183"
"Mercedes-Benz A 220 Sedan","벤츠","휘발유","1991","자동7","12.7","3등급","135"
"Mercedes-Benz C 220 d 4MATIC","벤츠","경유","1950","자동9","14","2등급","136"
"트레일블레이저 1.35 TURBO AWD","한국지엠","휘발유","1341","자동9","11.6","3등급","147"
"트레일블레이저 1.35 TURBO AWD","한국지엠","휘발유","1341","자동9","11.8","3등급","144"
"트레일블레이저 1.35 TURBO FWD","한국지엠","휘발유","1341","무단변속","12.9","3등급","131"
"트레일블레이저 1.35 TURBO FWD","한국지엠","휘발유","1341","무단변속","13.2","3등급","127"
"짚 컴패스 2.4","크라이슬러","휘발유","2360","자동9","9.2","5등급","189"
"Mercedes-AMG GT 63 S 4MATIC","벤츠","휘발유","3982","자동9","7.7","5등급","231"
"XM3 1.3 (18"" tire)","르노삼성","휘발유","1332","자동7","13.2","3등급","125"
"Mercedes-Benz C 200","벤츠","휘발유","1991","자동9","11.5","4등급","150"
"토요타 86 MT","토요타","휘발유","1998","수동6","10.8","4등급","154"
"토요타 86 AT","토요타","휘발유","1998","자동6","11.3","4등급","147"
"Mercedes-Benz CLS 450 4MATIC","벤츠","휘발유","2999","자동9","9.1","5등급","192"
"Mercedes-Benz A 220 Hatchback","벤츠","휘발유","1991","자동7","12.3","3등급","139"
"XM3 1.3 (17"" tire)","르노삼성","휘발유","1332","자동7","13.7","3등급","120"
"Mercedes-Maybach S 650","벤츠","휘발유","5980","자동7","6.1","5등급","295"
"BMW X3 xDrive30e iPerformance","BMW","전기+휘발유","1998","자동8","2.6/9.9","PHEV","72"
"A6 45 TFSI","아우디","휘발유","1984","자동7","11.8","3등급","144"
"Mercedes-AMG GT 43 4MATIC +","벤츠","휘발유","2999","자동9","8.8","5등급","199"
"BMW X6 M Competition","BMW","휘발유","4395","자동8","6.8","5등급","256"
"디스커버리 스포츠 D180","랜드로버","경유","1999","자동9","11.5","4등급","167"
"Huracan EVO Spyder","람보르기니","휘발유","5204","자동7","6.2","5등급","286"
"Mercedes-Maybach S 650","벤츠","휘발유","5980","자동7","6.1","5등급","295"
"재규어 XE D180 AWD","재규어","경유","1999","자동8","13.2","3등급","146"
"Mercedes-AMG E 63 4MATIC +","벤츠","휘발유","3982","자동9","7.6","5등급","233"
"Mercedes-AMG S 63 4MATIC + L","벤츠","휘발유","3982","자동9","7.3","5등급","242"
"다니고3픽업(DANIGO 3 PICK UP) ","(주)대창모터스","전기","0","없음","6.1","고속","0"
"Mercedes-AMG S 63 4MATIC + L","벤츠","휘발유","3982","자동9","7.3","5등급","242"
"Mercedes-Benz CLA 250 4MATIC","벤츠","휘발유","1991","자동7","11.5","4등급","150"
"CAPTUR 1.3 (18"" tire)","르노삼성","휘발유","1332","자동7","13","3등급","125"
"CAPTUR 1.3 (17"" tire)","르노삼성","휘발유","1332","자동7","13.5","3등급","120"
"Master Bus Ph2 13p","르노삼성","경유","2299","수동6","9.5","4등급","205"
"Master VAN Ph2 L2H2","르노삼성","경유","2299","수동6","10.9","4등급","176"
"Master VAN Ph2 L1H1 ","르노삼성","경유","2299","수동6","11.1","4등급","173"
"Q3 Sportback 35 TDI","아우디","경유","1968","자동7","14.3","2등급","133"
"911 카레라","포르쉐","휘발유","2981","자동8","8.2","5등급","213"
"911 카레라 4","포르쉐","휘발유","2981","자동8","7.9","5등급","220"
"Huracan EVO","람보르기니","휘발유","5204","자동7","6","5등급","297"
"캐딜락 Escalade","GM","휘발유","6162","자동10","6.8","5등급","260"
"캐딜락 XT6","GM","휘발유","3649","자동9","8.3","5등급","210"
"K5(DL3) 2.0CVVL_18인치타이어","기아","휘발유","1999","자동6","12.7","3등급","132"
"K5(DL3) 2.0CVVL_17인치타이어","기아","휘발유","1999","자동6","13","3등급","129"
"Mercedes-Benz E 300","벤츠","휘발유","1991","자동9","10.2","4등급","171"
"파나메라 터보 이그제큐티브","포르쉐","휘발유","3996","자동8","7.5","5등급","234"
"Mercedes-Benz S 560 e","벤츠","전기+휘발유","2996","자동9","2.6/10.1","PHEV","69"
"911 카레라 카브리올레","포르쉐","휘발유","2981","자동8","8.2","5등급","213"
"911 카레라 4 카브리올레","포르쉐","휘발유","2981","자동8","7.9","5등급","220"
"Mercedes-Benz E 220 d 4MATIC","벤츠","경유","1950","자동9","13.6","3등급","139"
"Mercedes-Benz S 350 L","벤츠","휘발유","2996","자동9","9.2","5등급","190"
"Mercedes-Benz S 350d 4MATIC","벤츠","경유","2925","자동9","11","4등급","176"
"K5(DL3) 2.0LPI_18인치(빌트인캠)","기아","LPG","1999","자동6","9.6","4등급","136"
"CR-V 4WD","혼다","휘발유","1498","무단변속","11.5","4등급","145"
"K5(DL3) 2.0LPI_18인치타이어","기아","LPG","1999","자동6","9.8","4등급","133"
"K5(DL3) 2.0LPI_17인치타이어","기아","LPG","1999","자동6","10","4등급","131"
"K5(DL3) 2.0LPI_16인치(빌트인캠)","기아","LPG","1999","자동6","10.1","4등급","129"
"K5(DL3) 2.0LPI_16인치타이어","기아","LPG","1999","자동6","10.2","4등급","128"
"K5(DL3) 1.6T-GDI_19인치타이어","기아","휘발유","1598","자동8","12.9","3등급","130"
"K5(DL3) 1.6T-GDI_18인치타이어","기아","휘발유","1598","자동8","13.2","3등급","127"
"K5(DL3) 1.6T-GDI_17인치(빌트인캠)","기아","휘발유","1598","자동8","13.6","3등급","123"
"K5(DL3) 1.6T-GDI_17인치타이어","기아","휘발유","1598","자동8","13.8","2등급","121"
"쏘나타(DN8) 1.6 T-GDI_19인치(빌트인캠)","현대","휘발유","1598","자동8","12.6","3등급","134"
"쏘나타(DN8) 1.6 T-GDI_19인치타이어","현대","휘발유","1598","자동8","12.8","3등급","131"
"K5(DL3) 2.0GDI 하이브리드_17인치(빌트인캠)","기아","휘발유","1999","자동6","18.8","1등급","85"
"K5(DL3) 2.0GDI 하이브리드_17인치타이어","기아","휘발유","1999","자동6","19.1","1등급","83"
"레이(20MY) 1.0 가솔린 밴형 14인치 타이어","기아","휘발유","998","자동4","13","경형","127"
"레이(20MY) 1.0 가솔린 14인치 타이어","기아","휘발유","998","자동4","13","경형","127"
"K5(DL3) 2.0GDI 하이브리드_16인치(빌트인캠)","기아","휘발유","1999","자동6","19.7","1등급","81"
"K5(DL3) 2.0GDI 하이브리드_16인치타이어","기아","휘발유","1999","자동6","20.1","1등급","79"
"A6 45 TDI quattro","아우디","경유","2967","자동8","12.5","3등급","153"
"레이(20MY) 1.0 가솔린 15인치 타이어","기아","휘발유","998","자동4","12.7","경형","131"
"Rolls-Royce Cullinan Black Badge","롤스로이스","휘발유","6749","자동8","5.4","5등급","330"
"BMW 320i","BMW","휘발유","1998","자동8","11","4등급","154"
"BMW X6 xDrive40i","BMW","휘발유","2998","자동8","7.6","5등급","227"
"Q7 45 TDI quattro","아우디","경유","2967","자동8","10.2","4등급","191"
"Mercedes-Maybach S 560 4MATIC","벤츠","휘발유","3982","자동9","7.2","5등급","246"
"봉고 전기차","기아","전기","0","없음","3.1","고속","0"
"A5 Cabriolet 45 TFSI quattro","아우디","휘발유","1984","자동7","10.8","4등급","160"
"Mercedes-Benz E 300 e 4MATIC","벤츠","전기+휘발유","1991","자동9","2.5/10.3","PHEV","60"
"포터일렉트릭","현대","전기","0","없음","3.1","고속","0"
"Mercedes-Benz E 300 4MATIC","벤츠","휘발유","1991","자동9","10","4등급","174"
"파나메라 터보","포르쉐","휘발유","3996","자동8","7.5","5등급","234"
"Mercedes-Benz E 450 4MATIC Coupe","벤츠","휘발유","2996","자동9","9.1","5등급","192"
"Mercedes-Benz S 560 4MATIC","벤츠","휘발유","3982","자동9","7.5","5등급","237"
"S6 TDI","아우디","경유","2967","자동8","11.4","4등급","169"
"A4 40 TFSI","아우디","휘발유","1984","자동7","12.2","3등급","140"
"Mercedes-Benz S 560 4MATIC","벤츠","휘발유","3982","자동9","7.5","5등급","237"
"SQ5 TDI","아우디","경유","2967","자동8","11.5","4등급","168"
"BMW M8 Gran Coupe Competition","BMW","휘발유","4395","자동8","7.3","5등급","237"
"BMW 740i","BMW","휘발유","2998","자동8","9.5","4등급","181"
"BMW 220d","BMW","경유","1995","자동8","13.9","2등급","137"
"파나메라 터보 (5인승)","포르쉐","휘발유","3996","자동8","7.5","5등급","234"
"레인지로버 플러그인하이브리드","랜드로버","전기+휘발유","1997","자동8","1.9/7.6","PHEV","84"
"SQ5 TDI","아우디","경유","2967","자동8","11.5","4등급","168"
"그랜저(IG개조)2.4 하이브리드_18""타이어","현대","휘발유","2359","자동6","15.2","2등급","108"
"그랜저(IG개조)2.4 하이브리드_18""타이어(빌트인캠)","현대","휘발유","2359","자동6","14.9","2등급","110"
"Lincoln Aviator 3.0","포드","휘발유","2956","자동10","8.1","5등급","212"
"그랜저(IG개조)2.4 하이브리드_17""타이어(빌트인캠)","현대","휘발유","2359","자동6","15.9","2등급","103"
"Mercedes-Benz GLC 300 4MATIC Coupe","벤츠","휘발유","1991","자동9","9.7","4등급","179"
"Tiguan Allspace 2.0 TDI","폭스바겐","경유","1968","자동7","13.5","3등급","141"
"Q5 50 TDI quattro","아우디","경유","2967","자동8","11.1","4등급","175"
"Mercedes-Maybach S 560 4MATIC","벤츠","휘발유","3982","자동9","7.2","5등급","246"
"마세라티 르반떼 트로페오","마세라티","휘발유","3799","자동8","5.7","5등급","298"
"BMW 530e iPerformance","BMW","전기+휘발유","1998","자동8","3.4/11.8","PHEV","40"
"Mercedes-Benz E 450 4MATIC","벤츠","휘발유","2996","자동9","9.1","5등급","192"
"Mercedes-Benz S 560 e","벤츠","전기+휘발유","2996","자동9","2.6/10.1","PHEV","69"
"Lincoln Aviator 3.0","포드","휘발유","2956","자동10","8.1","5등급","212"
"Mondeo 2.0","포드","경유","1995","자동8","14.5","2등급","130"
"CR-V 4WD","혼다","휘발유","1498","무단변속","11.5","4등급","145"
"Tiguan Allspace 2.0 TDI","폭스바겐","경유","1968","자동7","13.5","3등급","141"
"A6 50 TDI quattro","아우디","경유","2967","자동8","12.5","3등급","153"
"Q5 50 TDI quattro","아우디","경유","2967","자동8","11.1","4등급","175"
"재규어 XE D180","재규어","경유","1999","자동8","14.2","2등급","134"
"짚 체로키 3.2","크라이슬러","휘발유","3239","자동9","8.1","5등급","215"
"SQ8 TDI","아우디","경유","3956","자동8","8.5","5등급","232"
"짚 체로키 3.2","크라이슬러","휘발유","3239","자동9","8.3","5등급","212"
"Arteon 2.0 TDI 4Motion","폭스바겐","경유","1968","자동7","13.4","3등급","143"
"페라리 F8 Spider","페라리","휘발유","3902","자동7","6.4","5등급","277"
"A5 Sportback 40 TDI quattro","아우디","경유","1968","자동7","13.5","3등급","141"
"A4 40 TDI quattro","아우디","경유","1968","자동7","13.8","2등급","138"
"Q7 50 TDI quattro","아우디","경유","2967","자동8","10.2","4등급","191"
"A8L 50 TDI quattro","아우디","경유","2967","자동8","11.1","4등급","174"
"짚 체로키 2.4 AWD","크라이슬러","휘발유","2360","자동9","9.3","5등급","185"
"짚 체로키 2.4 FWD","크라이슬러","휘발유","2360","자동9","9.5","4등급","182"
"페라리 F8 Tributo","페라리","휘발유","3902","자동7","6.6","5등급","268"
"A4 35 TDI","아우디","경유","1968","자동7","15.9","2등급","117"
"S7 TDI","아우디","경유","2967","자동8","12","3등급","161"
"마세라티 르반떼 디젤","마세라티","경유","2987","자동8","9.3","5등급","210"
"A5 Coupe 45 TFSI quattro","아우디","휘발유","1984","자동7","10.4","4등급","166"
"SQ8 TDI","아우디","경유","3956","자동8","8.5","5등급","232"
"A5 Sportback 45 TFSI quattro","아우디","휘발유","1984","자동7","10.6","4등급","162"
"Rolls-Royce Cullinan Black Badge","롤스로이스","휘발유","6749","자동8","5.4","5등급","330"
"MINI John Cooper Works Countryman ALL4","MINI","휘발유","1998","자동8","9.6","4등급","180"
"BMW 420d Coupe RDE2","BMW","경유","1995","자동8","13.2","3등급","145"
"Q5 45 TFSI quattro","아우디","휘발유","1984","자동7","10.3","4등급","167"
"볼보 XC90T8 AWD","볼보","전기+휘발유","1969","자동8","2.8/10","PHEV","59"
"볼보 XC90T8 AWD","볼보","전기+휘발유","1969","자동8","2.8/10","PHEV","59"
"CR-V 2WD","혼다","휘발유","1498","무단변속","12.6","3등급","132"
"A7 45 TDI quattro","아우디","경유","2967","자동8","12.1","3등급","160"
"A8 50 TDI quattro","아우디","경유","2967","자동8","11.3","4등급","171"
"그랜저(IG개조) 3.3 GDI_19인치타이어","현대","휘발유","3342","자동8","9.6","4등급","179"
"BMW X5 M50d","BMW","경유","2993","자동8","9.7","4등급","202"
"그랜저(IG개조) 3.3 GDI_18인치타이어","현대","휘발유","3342","자동8","9.7","4등급","178"
"그랜저(IG개조) 3.0 LPI_19인치타이어","현대","LPG","2999","자동6","7.3","5등급","182"
"그랜저(IG개조) 3.0 LPI_18인치타이어","현대","LPG","2999","자동6","7.4","5등급","180"
"그랜저(IG개조) 3.0 LPI_17인치타이어","현대","LPG","2999","자동6","7.5","5등급","177"
"BMW 840i xDrive Gran Coupe","BMW","휘발유","2998","자동8","9.4","4등급","183"
"A7 55 TFSI quattro","아우디","휘발유","2995","자동7","9.5","4등급","182"
"그랜저(IG개조) 2.5 GDI_19인치타이어","현대","휘발유","2497","자동8","11.1","4등급","153"
"그랜저(IG개조) 2.5 GDI_18인치타이어","현대","휘발유","2497","자동8","11.6","3등급","146"
"그랜저(IG개조) 2.5 GDI_17인치타이어","현대","휘발유","2497","자동8","11.9","3등급","142"
"투싼 개조차 2.0디젤 AWD (20MY_19""타이어)","현대","경유","1995","자동8","12.4","3등급","154"
"투싼 개조차 2.0디젤 2WD 8AT (20MY_19""타이어)","현대","경유","1995","자동8","13.8","2등급","137"
"투싼 개조차 1.6디젤 AWD (20MY_19""타이어)","현대","경유","1598","자동7","13.8","2등급","137"
"투싼 개조차 1.6디젤 AWD (20MY_18""타이어)","현대","경유","1598","자동7","14.1","2등급","134"
"투싼 개조차 1.6디젤 2WD (20MY_19""타이어)","현대","경유","1598","자동7","15.3","2등급","122"
"투싼 개조차 1.6디젤 2WD (20MY_18""타이어)","현대","경유","1598","자동7","15.8","2등급","118"
"투싼 개조차 1.6T-GDI AWD (20MY_19""타이어)","현대","휘발유","1591","자동7","10.4","4등급","162"
"투싼 개조차 1.6T-GDI AWD (20MY_18""타이어)","현대","휘발유","1591","자동7","10.7","4등급","157"
"투싼 개조차 1.6T-GDI 2WD (20MY_19""타이어)","현대","휘발유","1591","자동7","11.3","4등급","148"
"투싼 개조차 1.6T-GDI 2WD (20MY_18""타이어)","현대","휘발유","1591","자동7","11.6","3등급","144"
"BMW X2 xDrive25i","BMW","휘발유","1998","자동8","9.9","4등급","173"
"BMW X1 xDrive25i","BMW","휘발유","1998","자동8","9.8","4등급","174"
"볼보 XC60D5 AWD","볼보","경유","1969","자동8","11.7","3등급","165"
"MINI Cooper SD Clubman","MINI","경유","1995","자동8","13.4","3등급","142"
"BMW X6 M50d","BMW","경유","2993","자동8","9.5","4등급","206"
"BMW X1 xDrive18d","BMW","경유","1995","자동8","13.3","3등급","143"
"TWIZY Cargo(1인승)","르노삼성","전기","0","없음","7.9","고속","0"
"Q7 45 TDI quattro","아우디","경유","2967","자동8","10.5","4등급","184"
"GR Supra","토요타","휘발유","2998","자동8","9.7","4등급","171"
"Q8 45 TDI quattro","아우디","경유","2967","자동8","10.7","4등급","182"
"Q8 50 TDI quattro","아우디","경유","2967","자동8","10.5","4등급","186"
"그랜드스타렉스 2.5디젤 리무진 (20MY_6P_N/HR)","현대","경유","2497","자동5","8.9","5등급","222"
"그랜드스타렉스 2.5디젤 4WD 리무진 (20MY_6P_N/HR)","현대","경유","2497","자동5","8.3","5등급","237"
"BMW M340i","BMW","휘발유","2998","자동8","9.9","4등급","174"
"MINI Cooper S Countryman ALL4","MINI","휘발유","1998","자동8","9.6","4등급","178"
"MINI Cooper SD Countryman ALL4 RDE","MINI","경유","1995","자동8","12.6","3등급","151"
"MINI Cooper Convertible","MINI","휘발유","1499","자동7","11.6","3등급","146"
"G70 3.3T-GDI AWD_20MY(19인치 PS4S타이어)","현대","휘발유","3342","자동8","8.5","5등급","198"
"G70 3.3T-GDI 2WD_20MY(19인치 PS4S타이어)","현대","휘발유","3342","자동8","8.9","5등급","189"
"Mercedes-Benz E 250","벤츠","휘발유","1991","자동9","10.5","4등급","165"
"볼보 XC60T8 AWD","볼보","전기+휘발유","1969","자동8","3/10.8","PHEV","67"
"코란도 1.6 디젤 6MT 2WD SCR ISG","쌍용","경유","1597","수동6","15.2","2등급","124"
"BMW 840i xDrive","BMW","휘발유","2998","자동8","9.5","4등급","181"
"MINI Cooper D Countryman ALL4 RDE","MINI","경유","1995","자동8","13.9","2등급","136"
"MINI Cooper","MINI","휘발유","1499","자동7","12.3","3등급","136"
"FENGON ix5","DFSK","휘발유","1498","무단변속","9.8","4등급","173"
"Q5 45 TFSI quattro","아우디","휘발유","1984","자동7","10.3","4등급","167"
"Explorer 2.3","포드","휘발유","2261","자동10","8.9","5등급","189"
"BMW 530i","BMW","휘발유","1998","자동8","10.4","4등급","163"
"INFINITI Q50","닛산","휘발유","2997","자동7","9.1","5등급","191"
"스파크 밴 1.0","한국지엠","휘발유","999","무단변속","14.4","경형","116"
"INFINITI Q50","닛산","휘발유","2997","자동7","9.3","5등급","187"
"TWIZY Urban(2인승)","르노삼성","전기","0","없음","7.9","고속","0"
"T-ROC 2.0 TDI","폭스바겐","경유","1968","자동7","15.1","2등급","124"
"MINI John Cooper Works Convertible","MINI","휘발유","1998","자동8","10.8","4등급","157"
"MINI Cooper S","MINI","휘발유","1998","자동7","11.6","3등급","146"
"MINI Cooper S five-door","MINI","휘발유","1998","자동7","11.7","3등급","146"
"BMW X2 xDrive20i","BMW","휘발유","1998","자동8","9.8","4등급","174"
"CAPTUR 1.5 DIESEL","르노삼성","경유","1461","자동7","17.7","1등급","104"
"파나메라 4 E-하이브리드","포르쉐","전기+휘발유","2894","자동8","2/8.3","PHEV","85"
"파나메라 4 E-하이브리드 (5인승)","포르쉐","전기+휘발유","2894","자동8","2/8.3","PHEV","85"
"파나메라 4 E-하이브리드 이그제큐티브","포르쉐","전기+휘발유","2894","자동8","2/8.3","PHEV","85"
"카니발(PE 20MY) 3.3GDI 하이리무진 9인","기아","휘발유","3342","자동8","7.6","5등급","228"
"카니발(PE 20MY) 3.3GDI 9인승 (19'' 타이어)","기아","휘발유","3342","자동8","8.2","5등급","210"
"MINI Cooper S Convertible","MINI","휘발유","1998","자동7","11.5","4등급","148"
"BMW X1 xDrive20i","BMW","휘발유","1998","자동8","9.8","4등급","175"
"마스타(MASTA)VAN","마스타전기차(주)","전기","0","없음","6.1","고속","0"
"MINI Cooper Countryman ","MINI","휘발유","1499","자동7","10.7","4등급","159"
"BMW Active Tourer RDE","BMW","경유","1995","자동8","14.7","2등급","128"
"QM6 2.0 DIESEL New (4WD 19"" Tire)","르노삼성","경유","1997","무단변속","12.5","3등급","153"
"Q3 35 TDI","아우디","경유","1968","자동7","14.7","2등급","129"
"스파크 1.0","한국지엠","휘발유","999","무단변속","14.4","경형","116"
"벤츠 EQC 400 4MATIC","벤츠","전기","0","없음","3.2","고속","0"
"Model 3 Long Range","테슬라코리아 유한회사","전기","0","없음","5","고속","0"
"짚 그랜드 체로키","크라이슬러","경유","2987","자동8","9.3","5등급","212"
"짚 레니게이드 1.6","크라이슬러","경유","1598","자동6","15.6","2등급","120"
"Mercedes-AMG GT 43 4MATIC+","벤츠","휘발유","2999","자동9","8.5","5등급","205"
"벤츠 GLE 450 4MATIC","벤츠","휘발유","2999","자동9","8.8","5등급","198"
"Mercedes-AMG E 53 4MATIC +","벤츠","휘발유","2999","자동9","9.5","4등급","185"
"Mercedes-Benz CLS 300 d ","벤츠","경유","1950","자동9","13","3등급","146"
"MINI Cooper five-door","MINI","휘발유","1499","자동7","12.1","3등급","140"
"MINI Cooper S Clubman","MINI","휘발유","1998","자동7","10.6","4등급","161"
"Q2 35 TDI","아우디","경유","1968","자동7","15.1","2등급","125"
"MINI Cooper Clubman ","MINI","휘발유","1499","자동7","11.5","4등급","147"
"G70 3.3T-GDI 2WD (19인치 PS4S타이어)","현대","휘발유","3342","자동8","9.5","4등급","180"
"G70 3.3T-GDI AWD (19인치 PS4S타이어)","현대","휘발유","3342","자동8","8.8","5등급","196"
"Q5 40 TDI quattro","아우디","경유","1968","자동7","12","3등급","160"
"BMW X4 xDrive20i","BMW","휘발유","1998","자동8","9.5","4등급","181"
"봉고 1톤 4X4덤프 (강화유로6)","기아","경유","2497","수동6","8.8","5등급","222"
"포터 2.5디젤 4x4덤프(강화유로6)","현대","경유","2497","수동6","8.8","5등급","222"
"Arteon 2.0 TDI","폭스바겐","경유","1968","자동7","15.2","2등급","124"
"Model 3 Standard Range Plus RWD","테슬라코리아 유한회사","전기","0","없음","5.8","고속","0"
"BMW M8","BMW","휘발유","4395","자동8","7.6","5등급","230"
"MINI Cooper D Clubman","BMW","경유","1995","자동8","14.1","2등급","134"
"BMW 530i xDrive","BMW","휘발유","1998","자동8","10.3","4등급","166"
"모하비(PE2) 3.0디젤 4WD 5인(18""/20"" 타이어)","기아","경유","2959","자동8","9.4","4등급","209"
"모하비(PE2) 3.0디젤 4WD 6인(18"" 타이어)","기아","경유","2959","자동8","9.4","4등급","209"
"모하비(PE2) 3.0디젤 4WD 6인(20"" 타이어)","기아","경유","2959","자동8","9.3","5등급","211"
"A6 40 TDI quattro","아우디","경유","1968","자동7","15.1","2등급","125"
"카니발(PE 20MY)2.2디젤 하이리무진 11인(18"" 타이어)","기아","경유","2199","자동8","10.3","4등급","189"
"카니발(PE 20MY) 2.2디젤 아웃도어 9인(19"" 타이어)","기아","경유","2199","자동8","10.3","4등급","189"
"카니발(PE 20MY) 2.2디젤 하이리무진 9인(18"" 타이어)","기아","경유","2199","자동8","10.3","4등급","189"
"카니발(PE 20MY) 2.2디젤 하이리무진 9인(19"" 타이어)","기아","경유","2199","자동8","10.3","4등급","189"
"카니발(PE 20MY) 2.2디젤 2WD 11인승 (18"" 타이어)","기아","경유","2199","자동8","11.3","4등급","172"
"카니발(PE 20MY) 2.2디젤 2WD 11인승 (17"" 타이어)","기아","경유","2199","자동8","11.4","4등급","169"
"BMW 520i","BMW","휘발유","1998","자동8","11.1","4등급","152"
"카니발(PE 20MY) 2.2디젤 2WD 7인승 (19"" 타이어)","기아","경유","2199","자동8","11.3","4등급","171"
"카니발(PE 20MY) 2.2디젤 2WD 9인승 (19"" 타이어)","기아","경유","2199","자동8","11.3","4등급","171"
"카니발(PE 20MY) 2.2디젤 2WD 9인승 (18'' 타이어)","기아","경유","2199","자동8","11.4","4등급","170"
"카니발(PE 20MY) 3.3GDI 하이리무진 7인","기아","휘발유","3342","자동8","7.9","5등급","218"
"카니발(PE 20MY) 3.3GDI 하이리무진 9인","기아","휘발유","3342","자동8","7.6","5등급","228"
"카니발(PE 20MY) 3.3GDI 7인승 (19'' 타이어)","기아","휘발유","3342","자동8","8.2","5등급","210"
"카니발(PE 20MY) 3.3GDI 9인승 (18""/19'' 타이어)","기아","휘발유","3342","자동8","8.2","5등급","210"
"Tiguan 2.0 TDI 4Motion","폭스바겐","경유","1968","자동7","12.8","3등급","149"
"모하비(PE2) 3.0디젤 4WD 7인(20"" 타이어)","기아","경유","2959","자동8","9.3","5등급","211"
"CEVO-C","Supaq Motor Limited","전기","0","없음","6.4","고속","0"
"모하비(PE2) 3.0디젤 4WD 7인(18"" 타이어)","기아","경유","2959","자동8","9.4","4등급","209"
"Model 3 Performance","테슬라코리아 유한회사","전기","0","없음","4.7","고속","0"
"벤츠 E 350 4MATIC","벤츠","휘발유","1991","자동9","10.3","4등급","169"
"포터 2.5디젤 장축 더블캡 MT(강화유로6)","현대","경유","2497","수동6","9.7","4등급","199"
"A8L 55 TFSI quattro","아우디","휘발유","2995","자동8","8.8","5등급","197"
"Mercedes-AMG CLS 53 4MATIC + ","벤츠","휘발유","2999","자동9","9.5","4등급","183"
"포터 2.5디젤 초장축 표준캡 AT(강화유로6)","현대","경유","2497","자동5","9","5등급","216"
"BMW 745e iPerformance","BMW","전기+휘발유","2998","자동8","2.9/10","PHEV","63"
"Mercedes-AMG G63","벤츠","휘발유","3982","자동9","6.1","5등급","292"
"K7 2.4하이브리드 (PE/18“ 타이어)","기아","휘발유","2359","자동6","15.2","2등급","108"
"BMW 640i xDrive","BMW","휘발유","2998","자동8","9","5등급","191"
"포터 2.5디젤 장축 슈퍼캡 MT(강화유로6)","현대","경유","2497","수동6","9.9","4등급","195"
"포터 2.5디젤 초장축 표준캡 MT(강화유로6)","현대","경유","2497","수동6","9.9","4등급","195"
"포터 2.5디젤 4X4장축 표준캡(강화유로6)","현대","경유","2497","수동6","9.2","5등급","211"
"렉스턴스포츠 2.2 디젤 2WD 6MT SCR","쌍용","경유","2157","수동6","11.3","4등급","171"
"렉스턴스포츠 2.2 디젤 4WD 6MT SCR","쌍용","경유","2157","수동6","11","4등급","177"
"렉스턴스포츠 2.2 디젤 2WD 6AT SCR","쌍용","경유","2157","자동6","10.4","4등급","188"
"렉스턴스포츠 2.2 디젤 4WD 6AT SCR","쌍용","경유","2157","자동6","10.1","4등급","194"
"렉스턴스포츠 칸 2.2 디젤 2WD 6MT SCR","쌍용","경유","2157","수동6","11.2","4등급","173"
"렉스턴스포츠 칸 2.2 디젤 4WD 6MT SCR","쌍용","경유","2157","수동6","10.9","4등급","178"
"렉스턴스포츠 칸 2.2 디젤 2WD 6AT SCR","쌍용","경유","2157","자동6","10.3","4등급","190"
"렉스턴스포츠 칸 2.2 디젤 4WD 6AT SCR","쌍용","경유","2157","자동6","10","4등급","196"
"벤츠 S350 d 4MATIC","벤츠","경유","2925","자동9","10.9","4등급","178"
"봉고 1톤 장축 표준캡 MT (강화유로6)","기아","경유","2497","수동6","9.9","4등급","195"
"봉고 1톤 장축 슈퍼캡 MT (강화유로6)","기아","경유","2497","수동6","9.9","4등급","195"
"봉고 1톤 초장축 표준캡 MT (강화유로6)","기아","경유","2497","수동6","9.9","4등급","195"
"봉고 1톤 장축 더블캡 MT (강화유로6)","기아","경유","2497","수동6","9.7","4등급","199"
"봉고 1톤 초장축 표준캡 AT (강화유로6)","기아","경유","2497","자동5","9","5등급","216"
"봉고 1톤 4X4장축 표준캡 (강화유로6)","기아","경유","2497","수동6","9.2","5등급","212"
"BMW 540i xDrive","BMW","휘발유","2998","자동8","9.3","5등급","185"
"BMW X3 xDrive20i","BMW","휘발유","1998","자동8","9.5","4등급","181"
"QM6 2.0 DIESEL New (4WD 18"" Tire)","르노삼성","경유","1997","무단변속","12.7","3등급","151"
"QM6 1.7 DIESEL (2WD 19"" Tire) ","르노삼성","경유","1749","무단변속","14.2","2등급","134"
"볼보 S60T5","볼보","휘발유","1969","자동8","10.8","4등급","158"
"볼보 XC60T6 AWD","볼보","휘발유","1969","자동8","9","5등급","193"
"쏘나타(DN8) 1.6 T-GDI_18인치타이어","현대","휘발유","1598","자동8","13.2","3등급","127"
"쏘나타(DN8) 1.6 T-GDI_17인치타이어","현대","휘발유","1598","자동8","13.7","3등급","122"
"벤츠 GLE300 d 4Matic","벤츠","경유","1950","자동9","10.6","4등급","183"
"포터 2.5디젤 초장축 슈퍼캡 AT(강화유로6)","현대","경유","2497","자동5","9","5등급","216"
"포터 2.5디젤 초장축 더블캡 AT(강화유로6)","현대","경유","2497","자동5","8.9","5등급","220"
"포터 2.5디젤 초장축 슈퍼캡 MT(강화유로6)","현대","경유","2497","수동6","9.9","4등급","195"
"포터 2.5디젤 초장축 더블캡 MT(강화유로6)","현대","경유","2497","수동6","9.7","4등급","199"
"포터 2.5디젤 4X4장축 슈퍼캡(강화유로6)","현대","경유","2497","수동6","9.2","5등급","211"
"포터 2.5디젤 4X4장축 더블캡(강화유로6)","현대","경유","2497","수동6","9.2","5등급","212"
"BMW 840d xDrive","BMW","경유","2993","자동8","10.9","4등급","178"
"BMW 118d","BMW","경유","1995","자동8","14.3","2등급","133"
"파워프라자 봉고3ev PEACE","(주)파워프라자","전기","0","없음","2.4","고속","0"
"캐딜락 XT5","GM","휘발유","3649","자동9","8","5등급","218"
"봉고 1톤 초장축 슈퍼캡 MT (강화유로6)","기아","경유","2497","수동6","9.9","4등급","195"
"봉고 1톤 초장축 더블캡 MT (강화유로6)","기아","경유","2497","수동6","9.7","4등급","199"
"봉고 1톤 초장축 슈퍼캡 AT (강화유로6)","기아","경유","2497","자동5","9","5등급","216"
"봉고 1톤 초장축 더블캡 AT (강화유로6)","기아","경유","2497","자동5","8.9","5등급","220"
"봉고 1톤 4X4장축 슈퍼캡 (강화유로6)","기아","경유","2497","수동6","9.2","5등급","212"
"봉고 1톤 4X4장축 더블캡 (강화유로6)","기아","경유","2497","수동6","9.2","5등급","211"
"캐딜락 XT6","GM","휘발유","3649","자동9","8.3","5등급","210"
"QM6 1.7 DIESEL (2WD 17"" Tire) ","르노삼성","경유","1749","무단변속","14.4","2등급","132"
"벤츠 S450 4Matic Coupe","벤츠","휘발유","2996","자동9","8.2","5등급","215"
"DS3 Crossback 1.5 BlueHDi","PSA Automobiles","경유","1499","자동8","15.6","2등급","120"
"카니발(PE 20MY) 3.3GDI 11인승 (18"" 타이어)","기아","휘발유","3342","자동8","8.5","5등급","202"
"BMW 840i xDrive","BMW","휘발유","2998","자동8","9","5등급","191"
"BMW X6 xDrive30d","BMW","경유","2993","자동8","10","4등급","194"
"E300e","벤츠","전기+휘발유","1991","자동9","2.5/10.3","PHEV","49"
"A6 45 TFSI quattro","아우디","휘발유","1984","자동7","11.4","4등급","150"
"BMW 630i xDrive","BMW","휘발유","2998","자동8","9.3","5등급","186"
"G70 2.2디젤 AWD_18인치타이어_20MY","현대","경유","2199","자동8","13.5","3등급","141"
"G70 2.2디젤 2WD_17인치타이어_20MY","현대","경유","2199","자동8","15.2","2등급","124"
"G70 3.3T-GDI AWD_19인치 타이어_20MY","현대","휘발유","3342","자동8","8.6","5등급","197"
"G70 3.3T-GDI 2WD_19인치 타이어_20MY","현대","휘발유","3342","자동8","9","5등급","188"
"G70 2.0T-GDI AWD_19인치 타이어_20MY","현대","휘발유","1998","자동8","9.5","4등급","177"
"G70 2.0T-GDI AWD_18인치 타이어_20MY","현대","휘발유","1998","자동8","10","4등급","168"
"G70 2.0T-GDI 2WD_19인치 타이어_20MY","현대","휘발유","1998","자동8","10.4","4등급","161"
"G70 2.0T-GDI 2WD_18인치 타이어_20MY","현대","휘발유","1998","자동8","10.7","4등급","156"
"G70 3.3T-GDI AWD (19인치 올시즌타이어)","현대","휘발유","3342","자동8","8.7","5등급","199"
"G70 3.3T-GDI 2WD (19인치 올시즌타이어)","현대","휘발유","3342","자동8","9.1","5등급","189"
"G70 2.0T-GDI 2WD (19인치 올시즌타이어) ","현대","휘발유","1998","자동8","10.5","4등급","161"
"G70 2.0T-GDI AWD (19인치 올시즌타이어)","현대","휘발유","1998","자동8","9.6","4등급","178"
"BMW M8 Coupe Competition","BMW","휘발유","4395","자동8","7.6","5등급","230"
"A7 50 TDI quattro","아우디","경유","2967","자동8","10.6","4등급","182"
"Mercedes-AMG GT63 S 4Matic +","벤츠","휘발유","3982","자동9","7.2","5등급","245"
"Model X Performance","테슬라코리아 유한회사","전기","0","없음","3.7","고속","0"
"Model X Performance","테슬라코리아 유한회사","전기","0","없음","3.7","고속","0"
"Model X Performance","테슬라코리아 유한회사","전기","0","없음","3.7","고속","0"
"D2C","쎄미시스코","전기","0","없음","5.2","고속","0"
"Bentayga V8","벤틀리","휘발유","3996","자동8","6.9","5등급","250"
"그랜드스타렉스 2.5 디젤 3밴 6MT (20MY)","현대","경유","2497","수동6","11","4등급","175"
"그랜드스타렉스 2.5 디젤 3밴 5AT (20MY)","현대","경유","2497","자동5","10","4등급","196"
"Mercedes-AMG GLC63 4Matic","벤츠","휘발유","3982","자동9","7.1","5등급","251"
"그랜드스타렉스 2.4LPI 어린이버스 (15인) 5AT","현대","LPG","2359","자동5","5.7","5등급","233"
"Model X Long Range","테슬라코리아 유한회사","전기","0","없음","3.9","고속","0"
"Model X Long Range","테슬라코리아 유한회사","전기","0","없음","3.9","고속","0"
"Model X Long Range","테슬라코리아 유한회사","전기","0","없음","3.9","고속","0"
"볼보 S90T5","볼보","휘발유","1969","자동8","11.1","4등급","155"
"CHEVROLET BOLT EV","GM","전기","0","없음","5.4","고속","0"
"Bentayga V8","벤틀리","휘발유","3996","자동8","6.9","5등급","250"
"Peugeot 508 SW 2.0 BlueHDi","PSA Automobiles","경유","1997","자동8","13.3","3등급","143"
"BMW X7 xDrive40i","BMW","휘발유","2998","자동8","8.2","5등급","211"
"벤츠 C200 Cabriolet","벤츠","휘발유","1991","자동9","10.3","4등급","169"
"A4 40 TFSI","아우디","휘발유","1984","자동7","12.5","3등급","136"
"Mercedes-AMG GLE63 S 4Matic Coupe","벤츠","휘발유","5461","자동9","6.5","5등급","275"
"쏘나타(DN8) 2.0GDI 하이브리드_17인치(빌트인캠)","현대","휘발유","1999","자동6","18.8","1등급","85"
"쏘나타(DN8) 2.0GDI 하이브리드_16인치(빌트인캠)","현대","휘발유","1999","자동6","19.8","1등급","80"
"코란도 가솔린 1.5 AT 2WD 저공해3종 17인치","쌍용","휘발유","1497","자동6","11.3","4등급","147"
"코란도 가솔린 1.5 AT 2WD 저공해3종 19인치","쌍용","휘발유","1497","자동6","11.1","4등급","149"
"코란도 가솔린 1.5 AT 4WD 저공해3종","쌍용","휘발유","1497","자동6","10.1","4등급","166"
"Mercedes-AMG GLC63 S 4Matic Coupe","벤츠","휘발유","3982","자동9","7.2","5등급","246"
"Model S Performance","테슬라코리아 유한회사","전기","0","없음","4.2","고속","0"
"Mercedes-AMG GLC43 4Matic Coupe","벤츠","휘발유","2996","자동9","8.4","5등급","208"
"코나 1.6GDI 하이브리드 (18"" 타이어)","현대","휘발유","1580","자동6","17.4","1등급","92"
"Model S Long Range","테슬라코리아 유한회사","전기","0","없음","4.3","고속","0"
"CHEVROLET TRAVERSE AWD","GM","휘발유","3564","자동9","8.3","5등급","211"
"CHEVROLET COLORADO AWD","GM","휘발유","3649","자동8","8.1","5등급","216"
"짚 레니게이드 2.4 AWD","크라이슬러","휘발유","2360","자동9","9.2","5등급","188"
"토요타 Prius Prime","토요타","전기+휘발유","1798","무단변속","6.4/21.4","PHEV","23"
"코나 1.6GDI 하이브리드 (16"" 타이어)","현대","휘발유","1580","자동6","19.3","1등급","82"
"그랜드스타렉스 2.5디젤 2WD 5AT_9인 (PE2/20MY)","현대","경유","2497","자동5","9.4","4등급","210"
"그랜드스타렉스 2.5디젤 4WD 5AT_9인 (PE2/20MY)","현대","경유","2497","자동5","8.9","5등급","220"
"E450 4Matic Coupe","벤츠","휘발유","2996","자동9","9","5등급","195"
"토요타 Prius AWD","토요타","휘발유","1798","무단변속","20.9","1등급","74"
"셀토스 1.6T-GDI 4WD (18"" 타이어)","기아","휘발유","1591","자동7","10.9","4등급","155"
"셀토스 1.6T-GDI 4WD (17"" 타이어)","기아","휘발유","1591","자동7","11.1","4등급","153"
"셀토스 1.6T-GDI 4WD (16"" 타이어)","기아","휘발유","1591","자동7","11.1","4등급","152"
"셀토스 1.6T-GDI 2WD (18"" 타이어)","기아","휘발유","1591","자동7","11.8","3등급","143"
"셀토스 1.6T-GDI 2WD (17"" 타이어)","기아","휘발유","1591","자동7","12.2","3등급","137"
"셀토스 1.6T-GDI 2WD (16"" 타이어)","기아","휘발유","1591","자동7","12.7","3등급","132"
"S350 d","벤츠","경유","2925","자동9","12.7","3등급","152"
"레인지로버 이보크 D150","랜드로버","경유","1999","자동9","12.5","3등급","153"
"레인지로버 이보크 D180","랜드로버","경유","1999","자동9","11.9","3등급","162"
"CHEVROLET COLORADO RWD","GM","휘발유","3649","자동8","8.3","5등급","210"
"Mercedes-AMG S63 4Matic + L","벤츠","휘발유","3982","자동9","7.2","5등급","246"
"Mercedes-AMG S63 4Matic + L","벤츠","휘발유","3982","자동9","7.2","5등급","246"
"E450 Cabriolet","벤츠","휘발유","2996","자동9","9.1","5등급","192"
"코나 1.6디젤 4WD (18"" 타이어)","현대","경유","1598","자동7","14.6","2등급","129"
"코나 1.6디젤 4WD (17"" 타이어)","현대","경유","1598","자동7","15.3","2등급","123"
"코나 1.6디젤 2WD (18"" 타이어)","현대","경유","1598","자동7","16.8","1등급","110"
"코나 1.6디젤 2WD (17"" 타이어)","현대","경유","1598","자동7","17.3","1등급","107"
"코나 1.6디젤 2WD (16"" 타이어)","현대","경유","1598","자동7","17.5","1등급","105"
"그랜드스타렉스 2.5 디젤 5밴 5AT (20MY)","현대","경유","2497","자동5","10","4등급","196"
"그랜드스타렉스 2.5 디젤 5밴 6MT (20MY)","현대","경유","2497","수동6","11","4등급","175"
"셀토스 1.6디젤 4WD (16"" 타이어)","기아","경유","1598","자동7","16.1","1등급","116"
"셀토스 1.6디젤 4WD (18"" 타이어)","기아","경유","1598","자동7","14.8","2등급","127"
"셀토스 1.6디젤 4WD (17"" 타이어)","기아","경유","1598","자동7","15.3","2등급","122"
"셀토스 1.6디젤 2WD (17"" 타이어)","기아","경유","1598","자동7","17","1등급","109"
"셀토스 1.6디젤 2WD (16"" 타이어)","기아","경유","1598","자동7","17.6","1등급","105"
"Mercedes-AMG GLC43 4Matic","벤츠","휘발유","2996","자동9","8.5","5등급","207"
"ODYSSEY","혼다","휘발유","3471","자동10","9","5등급","187"
"그랜드스타렉스 2.4LPI 어린이버스(법규대응)","현대","LPG","2359","자동4","5.8","5등급","228"
"그랜드스타렉스 2.4LPI 어린이보호차(법규대응)","현대","LPG","2359","자동4","5.8","5등급","228"
"그랜드스타렉스 2.5디젤 어린이버스(법규대응)","현대","경유","2497","자동5","9.2","5등급","213"
"그랜드스타렉스 2.5디젤 어린이보호차(법규대응)","현대","경유","2497","자동5","9.2","5등급","213"
"그랜드스타렉스 2.5디젤 4WD 어린이버스(법규대응)","현대","경유","2497","자동5","8.2","5등급","240"
"그랜드스타렉스 2.5디젤 4WD 어린이보호차(법규대응)","현대","경유","2497","자동5","8.2","5등급","240"
"레인지로버 이보크 P250","랜드로버","휘발유","1997","자동9","8.9","5등급","192"
"재규어 F-PACE 5.0SC SVR","재규어","휘발유","4999","자동8","7.7","5등급","224"
"아반떼 1.6LPI (15''/16'' 타이어) (19MY)","현대","LPG","1591","자동6","10.6","4등급","122"
"아반떼 1.6T-GDI (19MY)","현대","휘발유","1591","수동6","11.6","3등급","142"
"아반떼 1.6T-GDI_7DCT (19MY)","현대","휘발유","1591","자동7","12","3등급","138"
"스포티지 2.0MPI (PE/18"",19""타이어) (19)","기아","휘발유","1999","자동6","10.5","4등급","161"
"K7 2.4하이브리드 (PE/17""타이어)","기아","휘발유","2359","자동6","16.2","1등급","97"
"K7 3.0GDI (PE/18""타이어)","기아","휘발유","2999","자동8","10","4등급","168"
"K7 3.0GDI (PE/19""타이어)","기아","휘발유","2999","자동8","9.8","4등급","170"
"K7 2.2디젤 (PE/19""타이어)","기아","경유","2199","자동8","14.1","2등급","135"
"K7 2.2디젤 (PE/18""타이어)","기아","경유","2199","자동8","14.5","2등급","131"
"K7 2.2디젤 (PE/17""타이어)","기아","경유","2199","자동8","14.6","2등급","130"
"QM6 2.0 LPLi (19"" Tire)","르노삼성","LPG","1998","무단변속","8.6","5등급","153"
"QM6 2.0 LPLi (17"" Tire)","르노삼성","LPG","1998","무단변속","8.9","5등급","147"
"Citroen C3 AirCross 1.5 BlueHDi","PSA Automobiles","경유","1499","자동6","14.1","2등급","134"
"그랜드스타렉스 2.4LPI 어린이보호차 (12인) 5AT","현대","LPG","2359","자동5","5.7","5등급","233"
"그랜드스타렉스 2.4LPI 웨건 5AT","현대","LPG","2359","자동5","6.1","5등급","218"
"K7 2.5 GDI (PE/17”타이어)","기아","휘발유","2497","자동8","11.9","3등급","142"
"BMW 745Le iPerformance","BMW","전기+휘발유","2998","자동8","2.9/10","PHEV","63"
"BMW X3 M","BMW","휘발유","2993","자동8","7.1","5등급","247"
"BMW X4 M","BMW","휘발유","2993","자동8","7.1","5등급","247"
"BMW 530d RDE","BMW","경유","2993","자동8","12.6","3등급","151"
"셀토스 1.6디젤 2WD (18""타이어)","기아","경유","1598","자동7","16.4","1등급","113"
"911 카레라 4S","포르쉐","휘발유","2981","자동8","8.2","5등급","212"
"911 카레라 S 카브리올레","포르쉐","휘발유","2981","자동8","8.2","5등급","210"
"K7 2.5 GDI (PE/18”타이어)","기아","휘발유","2497","자동8","11.6","3등급","147"
"K7 2.5 GDI (PE/19”타이어)","기아","휘발유","2497","자동8","11.1","4등급","153"
"BMW 750Li xDrive","BMW","휘발유","4395","자동8","7.7","5등급","226"
"K7 3.0 LPI (PE/18""타이어)","기아","LPG","2999","자동6","7.3","5등급","183"
"K7 3.0 LPI (PE/17""타이어)","기아","LPG","2999","자동6","7.6","5등급","175"
"베뉴 1.6 가솔린 MT (17“타이어)","현대","휘발유","1598","수동6","13.3","3등급","125"
"베뉴 1.6 가솔린 MT (15“타이어)","현대","휘발유","1598","수동6","13.6","3등급","122"
"베뉴 1.6 가솔린 CVT (17“타이어)","현대","휘발유","1598","무단변속","13.3","3등급","125"
"베뉴 1.6 가솔린 CVT (15“타이어)","현대","휘발유","1598","무단변속","13.7","3등급","121"
"E450 4Matic Cabriolet","벤츠","휘발유","2996","자동9","9","5등급","195"
"Tiguan 2.0 TDI","폭스바겐","경유","1968","자동7","14.5","2등급","130"
"911 카레라 4S 카브리올레","포르쉐","휘발유","2981","자동8","8.2","5등급","212"
"쏘나타(DN8) 2.0GDI 하이브리드_17인치타이어","현대","휘발유","1999","자동6","19.1","1등급","83"
"쏘나타(DN8) 2.0GDI 하이브리드_16인치타이어","현대","휘발유","1999","자동6","20.1","1등급","79"
"Mercedes-AMG C43 4Matic Cabriolet","벤츠","휘발유","2996","자동9","8.9","5등급","198"
"BMW X7 xDrive40i","BMW","휘발유","2998","자동8","8.2","5등급","211"
"Mercedes-Maybach S650 pullman","벤츠","휘발유","5980","자동7","5.5","5등급","331"
"A6 40 TDI","아우디","경유","1968","자동7","15.8","2등급","119"
"BMW 730Ld xDrive","BMW","경유","2993","자동8","11.5","4등급","167"
"BMW M760Li xDrive","BMW","휘발유","6592","자동8","6.4","5등급","277"
"BMW X3 xDrive20d","BMW","경유","1995","자동8","11.9","3등급","161"
"렉서스 LC500","토요타","휘발유","4969","자동10","7.7","5등급","226"
"티볼리 가솔린 1.5 MT 2WD 기준4","쌍용","휘발유","1497","수동6","12.1","3등급","136"
"티볼리 가솔린 1.5 AT 2WD  기준4 (16인치 타이어)","쌍용","휘발유","1497","자동6","11.6","3등급","143"
"티볼리 가솔린 1.5 AT 2WD 기준4 (18인치 타이어)","쌍용","휘발유","1497","자동6","11.4","4등급","145"
"티볼리 가솔린 1.5 AT AWD 기준4","쌍용","휘발유","1497","자동6","10.2","4등급","164"
"짚 그랜드 체로키","크라이슬러","경유","2987","자동8","9.3","5등급","212"
"DANIGO 3","(주)대창모터스","전기","0","없음","6.1","고속","0"
"CLS400 d 4Matic","벤츠","경유","2925","자동9","11.7","3등급","165"
"Lincoln Nautilus 2.7 AWD","포드","휘발유","2694","자동8","8.7","5등급","195"
"BMW Z4 M40i","BMW","휘발유","2998","자동8","10.2","4등급","168"
"BMW 740Li xDrive","BMW","휘발유","2998","자동8","9.4","4등급","184"
"BMW X4 xDrive20d","BMW","경유","1995","자동8","12.2","3등급","156"
"토요타 Prius 2WD","토요타","휘발유","1798","무단변속","22.4","1등급","68"
"QM6 New 2.0 (19"" Tire)","르노삼성","휘발유","1997","무단변속","11.6","3등급","146"
"QM6 New 2.0 (17"" Tire)","르노삼성","휘발유","1997","무단변속","12","3등급","140"
"911 카레라 S","포르쉐","휘발유","2981","자동8","8.2","5등급","210"
"BMW 420d Coupe RDE","BMW","경유","1995","자동8","13.7","3등급","139"
"BMW 750Li xDrive","BMW","휘발유","4395","자동8","7.7","5등급","226"
"BMW X3 M Competition","BMW","휘발유","2993","자동8","7.1","5등급","247"
"코나 1.6디젤 4WD (16""타이어)","현대","경유","1598","자동7","15.7","2등급","119"
"Maxima","닛산","휘발유","3498","무단변속","9.6","4등급","180"
"BMW X4 M Competition","BMW","휘발유","2993","자동8","7.1","5등급","247"
"E450 4Matic","벤츠","휘발유","2996","자동9","9.2","5등급","190"
"BMW 620d xDrive","BMW","경유","1995","자동8","12.4","3등급","154"
"BMW 520d","BMW","경유","1995","자동8","13.4","3등급","142"
"티볼리 1.6 디젤 2WD 6AT SCR","쌍용","경유","1597","자동6","14.5","2등급","130"
"티볼리 1.6 디젤 AWD 6AT SCR","쌍용","경유","1597","자동6","13.6","3등급","139"
"BMW 320d xDrive Gran Turismo RDE","BMW","경유","1995","자동8","12.1","3등급","158"
"BMW 420d xDrive Gran Coupe RDE","BMW","경유","1995","자동8","11.9","3등급","162"
"BMW 420d Gran Coupe RDE","BMW","경유","1995","자동8","12.4","3등급","153"
"BMW 740Ld xDrive","BMW","경유","2993","자동8","11.2","4등급","172"
"BMW 740d xDrive","BMW","경유","2993","자동8","11.2","4등급","173"
"BMW 730d xDrive","BMW","경유","2993","자동8","11.8","3등급","163"
"스팅어 2.0T-GDI 2WD_19인치타이어(올시즌)","기아","휘발유","1998","자동8","10.3","4등급","166"
"스팅어 2.0T-GDI AWD_19인치타이어(올시즌)","기아","휘발유","1998","자동8","9.5","4등급","181"
"스팅어 3.3T-GDI 2WD_19인치타이어(올시즌)","기아","휘발유","3342","자동8","9","5등급","192"
"스팅어 3.3T-GDI AWD_19인치타이어(올시즌)","기아","휘발유","3342","자동8","8.5","5등급","203"
"Mercedes-AMG E63 4Matic +","벤츠","휘발유","3982","자동9","7.6","5등급","233"
"Mercedes-AMG C43 4Matic","벤츠","휘발유","2996","자동9","9.1","5등급","192"
"토요타 RAV4 Hybrid AWD","토요타","휘발유","2487","무단변속","15.5","2등급","102"
"토요타 RAV4 Hybrid AWD","토요타","휘발유","2487","무단변속","15.7","2등급","101"
"BMW 320d Gran Turismo RDE","BMW","경유","1995","자동8","12.8","3등급","149"
"Mercedes-AMG SLC43","벤츠","휘발유","2996","자동9","9.4","4등급","186"
"아이오닉 전기차(PE)","현대","전기","0","없음","6.3","고속","0"
"Citroen C5 AirCross 1.5 BlueHDi","PSA Automobiles","경유","1499","자동8","14.2","2등급","133"
"파나메라 GTS (5인승)","포르쉐","휘발유","3996","자동8","7.1","5등급","244"
"제인모터스칼마토EV1톤내장탑차","제인모터스","전기","0","없음","2.3","고속","0"
"SLC250 ","벤츠","휘발유","1991","자동9","10.7","4등급","163"
"A220 Hatchback","벤츠","휘발유","1991","자동7","12.3","3등급","140"
"Aventador SVJ Roadster","람보르기니","휘발유","6498","자동7","4.4","5등급","405"
"Maxima","닛산","휘발유","3498","무단변속","9.4","4등급","182"
"Aventador SVJ Coupe","람보르기니","휘발유","6498","자동7","4.5","5등급","398"
"Citroen C5 AirCross 2.0 BlueHDi","PSA Automobiles","경유","1997","자동8","12.7","3등급","150"
"페라리 488 Pista Spider","페라리","휘발유","3902","자동7","6.8","5등급","260"
"짚 레니게이드","크라이슬러","경유","1956","자동9","11.8","3등급","164"
"짚 그랜드 체로키","크라이슬러","경유","2987","자동8","9.3","5등급","212"
"Urus","람보르기니","휘발유","3996","자동8","6.3","5등급","281"
"Citroen Grand C4 SPACETOURER 1.5 BlueHDi","PSA Automobiles","경유","1499","자동8","14.5","2등급","130"
"A5 Cabriolet 45 TFSI quattro","아우디","휘발유","1984","자동7","9.7","4등급","177"
"A5 Coupe 45 TFSI quattro","아우디","휘발유","1984","자동7","10.3","4등급","166"
"A5 Sportback 45 TFSI quattro","아우디","휘발유","1984","자동7","10.1","4등급","169"
"Mercedes-Maybach S650","벤츠","휘발유","5980","자동7","6.3","5등급","286"
"코란도 1.6 디젤 6MT 2WD SCR ISG","쌍용","경유","1597","수동6","15.2","2등급","123"
"Urus","람보르기니","휘발유","3996","자동8","6.3","5등급","281"
"짚 레니게이드 2.4","크라이슬러","휘발유","2360","자동9","10","4등급","171"
"BMW X7 M50d","BMW","경유","2993","자동8","9","5등급","217"
"BMW X7 xDrive30d","BMW","경유","2993","자동8","9.5","4등급","206"
"Altima 2.5","닛산","휘발유","2488","무단변속","12.9","3등급","131"
"재규어 E-PACE D180","재규어","경유","1999","자동9","12.4","3등급","155"
"Arteon 2.0 TDI","폭스바겐","경유","1968","자동7","15","2등급","125"
"Mercedes-AMG S63 4Matic Coupe","벤츠","휘발유","3982","자동9","7.1","5등급","251"
"Mercedes-AMG S63 4Matic Cabriolet","벤츠","휘발유","3982","자동9","6.7","5등급","267"
"파나메라 GTS","포르쉐","휘발유","3996","자동8","7.1","5등급","244"
"파나메라 4","포르쉐","휘발유","2995","자동8","8.5","5등급","202"
"파나메라 4 (5인승)","포르쉐","휘발유","2995","자동8","8.5","5등급","202"
"볼보 V60CCT5 AWD","볼보","휘발유","1969","자동8","10.1","4등급","169"
"Citroen Grand C4 SPACETOURER 2.0 BlueHDi","PSA Automobiles","경유","1997","자동8","12.7","3등급","151"
"Peugeot 508 1.5 BlueHDi","PSA Automobiles","경유","1499","자동8","14.6","2등급","129"
"Peugeot 508SW 1.5 BlueHDi","PSA Automobiles","경유","1499","자동8","14.6","2등급","129"
"쏘나타(DN8) 2.0CVVL_18인치타이어","현대","휘발유","1999","자동6","13","3등급","129"
"쏘나타(DN8) 2.0CVVL_17인치타이어","현대","휘발유","1999","자동6","13.3","3등급","126"
"쏘나타(DN8) 2.0CVVL_16인치타이어","현대","휘발유","1999","자동6","13.1","3등급","128"
"쏘나타(DN8) 2.0LPI_18인치타이어","현대","LPG","1999","자동6","9.8","4등급","133"
"쏘나타(DN8) 2.0LPI_16인치타이어","현대","LPG","1999","자동6","10.3","4등급","126"
"E220 d 4Matic","벤츠","경유","1950","자동9","13.7","3등급","139"
"A3 40 TFSI","아우디","휘발유","1984","자동7","11.7","3등급","145"
"BMW Z4 sDrive20i","BMW","휘발유","1998","자동8","10.7","4등급","159"
"BMW 330i xDrive","BMW","휘발유","1998","자동8","10.4","4등급","164"
"BMW 330i","BMW","휘발유","1998","자동8","11.1","4등급","153"
"재규어 XF 20d AWD","재규어","경유","1999","자동8","12.4","3등급","155"
"코란도 1.6 디젤 6MT 2WD SCR","쌍용","경유","1597","수동6","14.5","2등급","130"
"코란도 1.6 디젤 6AT 2WD SCR","쌍용","경유","1597","자동6","14.1","2등급","134"
"코란도 1.6 디젤 6AT AWD SCR","쌍용","경유","1597","자동6","13.3","3등급","143"
"렉서스 UX250h 2WD","토요타","휘발유","1987","무단변속","16.7","1등급","95"
"BMW X7 M50d","BMW","경유","2993","자동8","9","5등급","217"
"렉서스 UX250h AWD","토요타","휘발유","1987","무단변속","15.9","2등급","100"
"BMW X2 xDrive18d","BMW","경유","1995","자동8","13.6","3등급","140"
"C220 d 4Matic Coupe","벤츠","경유","1950","자동9","14.2","2등급","134"
"재규어 XF 20d","재규어","경유","1999","자동8","12.7","3등급","151"
"Q7 45 TFSI quattro","아우디","휘발유","1984","자동8","8.6","5등급","201"
"재규어 XE 20d","재규어","경유","1999","자동8","13.1","3등급","146"
"Lincoln Continental 3.0 AWD","포드","휘발유","2956","자동6","8.1","5등급","210"
"BMW M550d xDrive RDE","BMW","경유","2993","자동8","10.6","4등급","183"
"BMW 320d xDrive","BMW","경유","1995","자동8","13.5","3등급","141"
"BMW 320d","BMW","경유","1995","자동8","14.3","2등급","132"
"재규어 I-PACE EV400","재규어","전기","0","없음","3.5","고속","0"
"Q7 45 TFSI quattro","아우디","휘발유","1984","자동8","8.6","5등급","201"
"레인지로버 SDV8","랜드로버","경유","4367","자동8","7.6","5등급","262"
"레인지로버 SDV8","랜드로버","경유","4367","자동8","7.6","5등급","262"
"레인지로버 5.0SC SV Autobiography","랜드로버","휘발유","5000","자동8","6.5","5등급","263"
"BMW X7 xDrive30d","BMW","경유","2993","자동8","9.5","4등급","206"
"Model X 75D","테슬라코리아 유한회사","전기","0","없음","4.1","고속","0"
"Model X 75D","테슬라코리아 유한회사","전기","0","없음","4.1","고속","0"
"파나메라 4 이그제큐티브","포르쉐","휘발유","2995","자동8","8.5","5등급","202"
"재규어 F-PACE 20d AWD","재규어","경유","1999","자동8","11.5","4등급","168"
"디스커버리 SD4","랜드로버","경유","1999","자동8","8.9","5등급","220"
"아이오닉 1.6GDI 플러그인하이브리드 개조차_6DCT","현대","전기+휘발유","1580","자동6","5.5/20.5","PHEV","17"
"레인지로버 벨라 D300","랜드로버","경유","2993","자동8","10.8","4등급","179"
"레인지로버 벨라 D240","랜드로버","경유","1999","자동8","11","4등급","176"
"Model X 75D","테슬라코리아 유한회사","전기","0","없음","4.1","고속","0"
"BMW i3 120Ah","BMW","전기","0","없음","5.6","고속","0"
"Citroen C4 Cactus 1.5 BlueHDi","PSA Automobiles","경유","1499","자동6","15.5","2등급","121"
"INFINITI QX60 2WD","닛산","휘발유","3498","무단변속","8.9","5등급","193"
"INFINITI QX60 AWD","닛산","휘발유","3498","무단변속","8.7","5등급","200"
"짚 체로키 2.2","크라이슬러","경유","2184","자동9","11.1","4등급","175"
"짚 그랜드 체로키","크라이슬러","휘발유","3604","자동8","7.9","5등급","223"
"재규어 F-TYPE SVR","재규어","휘발유","5000","자동8","8","5등급","217"
"재규어 F-TYPE SVR","재규어","휘발유","5000","자동8","8","5등급","217"
"레인지로버 이보크 TD4","랜드로버","경유","1999","자동9","12.6","3등급","152"
"쏘울 전기차(기본형, 64kWh)","기아","전기","0","없음","5.4","고속","0"
"Rolls-Royce Cullinan","롤스로이스","휘발유","6749","자동8","5.6","5등급","319"
"쏘울 전기차 (도심형, 39.2kWh)","기아","전기","0","없음","5.6","고속","0"
"디스커버리 SD6","랜드로버","경유","2993","자동8","9.7","4등급","201"
"레인지로버 스포츠 SDV6","랜드로버","경유","2993","자동8","9.3","5등급","210"
"BMW i8 LCI","BMW","전기+휘발유","1499","자동6","3.2/12.7","PHEV","55"
"Altima 2.0","닛산","휘발유","1997","무단변속","12.2","3등급","139"
"Altima 2.5","닛산","휘발유","2488","무단변속","12.8","3등급","132"
"토요타 RAV4 2WD","토요타","휘발유","2487","자동8","11.4","4등급","145"
"BMW X5 xDrive30d","BMW","경유","2993","자동8","10","4등급","195"
"Peugeot 508 2.0 BlueHDi","PSA Automobiles","경유","1997","자동8","13.3","3등급","143"
"레인지로버 이보크 2.0D","랜드로버","경유","1999","자동9","12.3","3등급","156"
"C350 e","벤츠","전기+휘발유","1991","자동7","3/12.7","PHEV","80"
"캐딜락 CT6 2.0T","GM","휘발유","1998","자동10","11","4등급","156"
"C220 d ","벤츠","경유","1950","자동9","14.4","2등급","131"
"CR-V 4WD","혼다","휘발유","1498","무단변속","11.4","4등급","145"
"BMW Active Tourer","BMW","경유","1995","자동8","15.6","2등급","120"
"재규어 XF 25t","재규어","휘발유","1997","자동8","10.6","4등급","160"
"E220 d ","벤츠","경유","1950","자동9","14.2","2등급","134"
"Model X P100D","테슬라코리아 유한회사","전기","0","없음","3.1","고속","0"
"Model X P100D","테슬라코리아 유한회사","전기","0","없음","3.1","고속","0"
"Peugeot 508 GT 2.0 BlueHDi","PSA Automobiles","경유","1997","자동8","13.3","3등급","143"
"쏘울 1.6T-GDI (18"" 타이어)","기아","휘발유","1591","자동7","12.2","3등급","137"
"쏘울 1.6T-GDI (17"" 타이어)","기아","휘발유","1591","자동7","12.4","3등급","134"
"짚 그랜드 체로키","크라이슬러","휘발유","3604","자동8","7.9","5등급","223"
"캐딜락 CT6 3.6","GM","휘발유","3649","자동10","8.7","5등급","201"
"Model X 100D","테슬라코리아 유한회사","전기","0","없음","4.1","고속","0"
"Model X 100D","테슬라코리아 유한회사","전기","0","없음","4.1","고속","0"
"Peugeot 3008 1.5 BlueHDi","PSA Automobiles","경유","1499","자동8","14","2등급","135"
"INFINITI Q60","닛산","휘발유","2997","자동7","9.4","4등급","183"
"말리부 1.35 TURBO","한국지엠","휘발유","1341","무단변속","13.3","3등급","126"
"BMW X4 xDrive30d","BMW","경유","2993","자동8","11.1","4등급","174"
"말리부 1.35 TURBO","한국지엠","휘발유","1341","무단변속","14.2","2등급","118"
"CR-V 2WD","혼다","휘발유","1498","무단변속","12.4","3등급","133"
"CR-V 4WD","혼다","휘발유","1498","무단변속","11.4","4등급","145"
"말리부 1.6 DIESEL","한국지엠","경유","1598","자동6","14.5","2등급","130"
"말리부 1.6 DIESEL","한국지엠","경유","1598","자동6","15.3","2등급","123"
"재규어 XJ 3.0D","재규어","경유","2993","자동8","12.3","3등급","156"
"Master Bus 13p","르노삼성","경유","2299","수동6","9.7","4등급","201"
"짚 랭글러 스포츠","크라이슬러","휘발유","1995","자동8","9.6","4등급","179"
"짚 랭글러 루비콘","크라이슬러","휘발유","1995","자동8","8.7","5등급","201"
"Model X 100D","테슬라코리아 유한회사","전기","0","없음","4.1","고속","0"
"Peugeot 308 GT 2.0 BlueHDi","PSA Automobiles","경유","1997","자동8","13.1","3등급","146"
"Peugeot 308 1.5 BlueHDi","PSA Automobiles","경유","1499","자동8","15.1","2등급","125"
"팰리세이드 2.2디젤 AWD 7인(20""타이어)","현대","경유","2199","자동8","11.5","4등급","167"
"팰리세이드 2.2디젤 AWD 7인(18""타이어)","현대","경유","2199","자동8","11.8","3등급","163"
"팰리세이드 2.2디젤 2WD 7인(20""타이어)","현대","경유","2199","자동8","12","3등급","160"
"팰리세이드 2.2디젤 AWD 8인(20""타이어)","현대","경유","2199","자동8","11.5","4등급","167"
"말리부 1.8 HYBRID","한국지엠","휘발유","1796","무단변속","17.1","1등급","95"
"S350 L","벤츠","휘발유","2996","자동9","8.9","5등급","197"
"팰리세이드 3.8GDI AWD 7인(18""타이어)","현대","휘발유","3778","자동8","9","5등급","191"
"팰리세이드 3.8GDI 2WD 7인(20""타이어)","현대","휘발유","3778","자동8","9.3","5등급","184"
"팰리세이드 3.8GDI 2WD 7인 (18"" 타이어)","현대","휘발유","3778","자동8","9.6","4등급","178"
"팰리세이드 3.8GDI AWD 7인 (20"" 타이어)","현대","휘발유","3778","자동8","8.9","5등급","192"
"팰리세이드 2.2디젤 AWD 8인(18""타이어)","현대","경유","2199","자동8","11.8","3등급","163"
"팰리세이드 2.2디젤 2WD 8인(20""타이어)","현대","경유","2199","자동8","12","3등급","160"
"팰리세이드 2.2디젤 2WD 8인(18""타이어)","현대","경유","2199","자동8","12.4","3등급","155"
"팰리세이드 2.2디젤 2WD 7인(18"" 타이어)","현대","경유","2199","자동8","12.6","3등급","151"
"팰리세이드 3.8GDI AWD 8인(18""타이어)","현대","휘발유","3778","자동8","9","5등급","191"
"팰리세이드 3.8GDI 2WD 8인(20""타이어)","현대","휘발유","3778","자동8","9.3","5등급","184"
"G90 3.8GDI AWD 5인 (18“ 타이어)","현대","휘발유","3778","자동8","8.2","5등급","210"
"Model X P100D","테슬라코리아 유한회사","전기","0","없음","3.1","고속","0"
"재규어 XJ 3.0D","재규어","경유","2993","자동8","12.3","3등급","156"
"BMW X5 M50d","BMW","경유","2993","자동8","9.7","4등급","202"
"볼보 XC90T6 AWD","볼보","휘발유","1969","자동8","8.9","5등급","194"
"Arteon 2.0 TDI","폭스바겐","경유","1968","자동7","15","2등급","125"
"G90 5.0GDI AWD 5인 (19“ 타이어)","현대","휘발유","5038","자동8","7.3","5등급","239"
"G90 5.0GDI AWD 리무진 5인 (19""타이어)","현대","휘발유","5038","자동8","7.2","5등급","241"
"G90 3.8GDI 2WD 5인 (19“ 타이어)","현대","휘발유","3778","자동8","8.7","5등급","197"
"G90 3.8GDI AWD 5인 (19“ 타이어)","현대","휘발유","3778","자동8","8.1","5등급","212"
"G90 3.3T-GDI AWD 5인 (19“ 타이어)","현대","휘발유","3342","자동8","8","5등급","217"
"G90 3.3T-GDI 2WD 5인 (19“ 타이어)","현대","휘발유","3342","자동8","8.4","5등급","205"
"BMW X5 xDrive30d","BMW","경유","2993","자동8","10","4등급","195"
"팰리세이드 3.8GDI 2WD 8인 (18"" 타이어)","현대","휘발유","3778","자동8","9.6","4등급","178"
"팰리세이드 3.8GDI AWD 8인 (20"" 타이어)","현대","휘발유","3778","자동8","8.9","5등급","192"
"G90 5.0GDI AWD 4인 (19“ 타이어)","현대","휘발유","5038","자동8","7.3","5등급","239"
"G90 5.0GDI AWD 리무진 4인 (19""타이어)","현대","휘발유","5038","자동8","7.2","5등급","241"
"G90 3.3T-GDI 2WD 5인 (18“ 타이어)","현대","휘발유","3342","자동8","8.8","5등급","196"
"G90 3.3T-GDI 2WD 4인 (19“ 타이어)","현대","휘발유","3342","자동8","8.4","5등급","205"
"G90 3.3T-GDI AWD 5인 (18“ 타이어)","현대","휘발유","3342","자동8","8.1","5등급","214"
"G90 3.3T-GDI AWD 4인 (19“ 타이어)","현대","휘발유","3342","자동8","8","5등급","217"
"G90 3.8GDI AWD 4인 (19“ 타이어)","현대","휘발유","3778","자동8","8.1","5등급","212"
"G90 3.8GDI 2WD 5인 (18“ 타이어)","현대","휘발유","3778","자동8","8.9","5등급","192"
"G90 3.8GDI 2WD 4인 (19“ 타이어)","현대","휘발유","3778","자동8","8.7","5등급","197"
"Peugeot 3008 GT 2.0 BlueHDi","PSA Automobiles","경유","1997","자동8","12.9","3등급","148"
"Peugeot 5008 GT 2.0 BlueHDi","PSA Automobiles","경유","1997","자동8","12.9","3등급","148"
"Peugeot 5008 1.5 BlueHDi","PSA Automobiles","경유","1499","자동8","14","2등급","135"
"Peugeot 2008 1.5 BlueHDi","PSA Automobiles","경유","1499","자동6","15.1","2등급","124"
"BMW 620d","BMW","경유","1995","자동8","13.4","3등급","142"
"BMW 520d xDrive","BMW","경유","1995","자동8","13.5","3등급","141"
"Model X 100D","테슬라코리아 유한회사","전기","0","없음","3.4","고속","0"
"Model X 100D","테슬라코리아 유한회사","전기","0","없음","3.4","고속","0"
"Model X 100D","테슬라코리아 유한회사","전기","0","없음","3.4","고속","0"
"Model X 75D","테슬라코리아 유한회사","전기","0","없음","3.4","고속","0"
"Model X 75D","테슬라코리아 유한회사","전기","0","없음","3.4","고속","0"
"Model X 75D","테슬라코리아 유한회사","전기","0","없음","3.4","고속","0"
"니로 전기차 (경제형, 39.2kWh)","기아","전기","0","없음","5.5","고속","0"
"니로 전기차 (기본형, 64kWh)","기아","전기","0","없음","5.3","고속","0"
"코나 전기자동차 (도심형)","현대","전기","0","없음","5.8","고속","0"
"BMW i3 94Ah","BMW","전기","0","없음","5.4","고속","0"
"코나 전기자동차 (기본형)","현대","전기","0","없음","5.6","고속","0"
"아이오닉 전기차 (18MY)","현대","전기","0","없음","6.3","고속","0"
"SM3 Z.E.","르노삼성","전기","0","없음","4.5","고속","0"
"토요타 Camry Hybrid LE","토요타","휘발유","2487","무단변속","17.5","1등급","92"
"디스커버리 스포츠 TD4 180PS","랜드로버","경유","1999","자동9","12.1","3등급","159"
"토요타 Avalon Hybrid","토요타","휘발유","2487","무단변속","16.6","1등급","96"
"CIVIC TURBO","혼다","휘발유","1498","무단변속","13.8","2등급","121"
"토요타 RAV4 Hybrid 2WD","토요타","휘발유","2487","무단변속","15.9","2등급","101"
"MINI John Cooper Works Convertible","MINI","휘발유","1998","자동6","11.1","4등급","154"
"BMW X1 xDrive25i","BMW","휘발유","1998","자동8","9.4","4등급","187"
"BMW X2 xDrive25i","BMW","휘발유","1998","자동8","10.1","4등급","172"
"GLC350 e 4Matic","벤츠","전기+휘발유","1991","자동7","2.6/10.2","PHEV","70"
"CIVIC 4D","혼다","휘발유","1996","무단변속","13.6","3등급","122"
"BMW i8 Roadster","BMW","전기+휘발유","1499","자동6","3.2/12.7","PHEV","55"
"BMW M5 Competition Package","BMW","휘발유","4395","자동8","7.7","5등급","227"
"PILOT","혼다","휘발유","3471","자동9","8.4","5등급","201"
"마세라티 르반떼 디젤","마세라티","경유","2987","자동8","9.7","4등급","201"
"BMW X6 M50d WLTP","BMW","경유","2993","자동8","8.9","5등급","221"
"BMW X6 xDrive30d WLTP","BMW","경유","2993","자동8","10","4등급","195"
"짚 랭글러 스포츠","크라이슬러","휘발유","1995","자동8","9","5등급","193"
"BMW M2 Competition Package","BMW","휘발유","2979","자동7","9","5등급","193"
"LEAF","닛산","전기","0","없음","5.1","고속","0"
"짚 랭글러 사하라","크라이슬러","휘발유","1995","자동8","9","5등급","193"
"K3 1.6 T-GDI 4DR 7DCT (SUMMER TIRE)","기아","휘발유","1591","자동7","12.1","3등급","139"
"G4 렉스턴 2.2 7AT 2WD SCR 5인승					","쌍용","경유","2157","자동7","10.5","4등급","186"
"G4 렉스턴 2.2 7AT 4WD SCR 5인승				","쌍용","경유","2157","자동7","10.1","4등급","194"
"페라리 488 Pista","페라리","휘발유","3902","자동7","6.7","5등급","264"
"PILOT","혼다","휘발유","3471","자동9","8.4","5등급","201"
"K01H","DFSK","휘발유","1240","수동5","10.1","4등급","166"
"C35S2","DFSK","휘발유","1493","수동5","9.7","4등급","174"
"BMW 435d xDrive Gran Coupe WLTP","BMW","경유","2993","자동8","11.5","4등급","167"
"BMW 320d xDrive Gran Turismo WLTP","BMW","경유","1995","자동8","12.1","3등급","158"
"BMW X6 xDrive40d WLTP","BMW","경유","2993","자동8","9.4","4등급","207"
"Model X 100D","테슬라코리아 유한회사","전기","0","없음","3.4","고속","0"
"Model X 100D","테슬라코리아 유한회사","전기","0","없음","3.4","고속","0"
"Model X 75D","테슬라코리아 유한회사","전기","0","없음","3.4","고속","0"
"모하비 3.0 디젤 4WD 5인","기아","경유","2959","자동8","9.6","4등급","205"
"모하비 3.0 디젤 2WD 5인","기아","경유","2959","자동8","10.1","4등급","193"
"Model X 75D","테슬라코리아 유한회사","전기","0","없음","3.4","고속","0"
"G80 3.3GDI AWD 19MY (19""타이어)","현대","휘발유","3342","자동8","8.3","5등급","205"
"G80 3.3GDI AWD 19MY (18""타이어)","현대","휘발유","3342","자동8","8.4","5등급","202"
"G80 3.3GDI 2WD 19MY (19""타이어)","현대","휘발유","3342","자동8","8.9","5등급","190"
"G80 3.3GDI 2WD 19MY (18""타이어)","현대","휘발유","3342","자동8","9.1","5등급","186"
"G80 3.3GDI AWD 스포츠패키지 19MY (19""타이어)","현대","휘발유","3342","자동8","8.2","5등급","207"
"G80 3.3GDI 2WD 스포츠패키지 19MY (19""타이어)","현대","휘발유","3342","자동8","8.8","5등급","192"
"G80 2.2디젤 AWD 19MY (18""타이어)","현대","경유","2199","자동8","12.2","3등급","158"
"G80 2.2디젤 2WD 19MY (18""타이어)","현대","경유","2199","자동8","13.8","2등급","138"
"마칸 S 디젤","포르쉐","경유","2967","자동7","10.8","4등급","179"
"Model X 100D","테슬라코리아 유한회사","전기","0","없음","3.4","고속","0"
"Model X 75D","테슬라코리아 유한회사","전기","0","없음","3.4","고속","0"
"i30 1.6T-GDI_6MT (N_Line)","현대","휘발유","1591","수동6","11.4","4등급","148"
"i30 1.6T-GDI_7DCT (N_Line)","현대","휘발유","1591","자동7","11.8","3등급","143"
"렉서스 ES300h","토요타","휘발유","2487","무단변속","17","1등급","93"
"MINI Cooper SD Clubman","MINI","경유","1995","자동8","14.6","2등급","129"
"스팅어 2.2디젤 2WD_17인치타이어","기아","경유","2199","자동8","15","2등급","126"
"스팅어 2.2디젤 AWD_18인치타이어","기아","경유","2199","자동8","13","3등급","147"
"스팅어 2.2디젤 2WD_18인치타이어","기아","경유","2199","자동8","14.1","2등급","135"
"스팅어 2.2디젤 AWD_17인치타이어","기아","경유","2199","자동8","13.3","3등급","143"
"K3 1.6 T-GDI 4DR 6MT (ALL SEASON TIRE)","기아","휘발유","1591","수동6","12.2","3등급","138"
"K3 1.6 T-GDI 4DR 7DCT (ALL SEASON TIRE)","기아","휘발유","1591","자동7","12.2","3등급","138"
"CHEVROLET CAMARO","GM","휘발유","6162","자동10","7.4","5등급","240"
"Aventador S Roadster","람보르기니","휘발유","6498","자동7","4.4","5등급","408"
"Aventador S Coupe","람보르기니","휘발유","6498","자동7","4.4","5등급","408"
"K3 1.6 T-GDI 5DR 7DCT (SUMMER TIRE)","기아","휘발유","1591","자동7","11.9","3등급","141"
"K3 1.6 T-GDI 5DR 7DCT (ALL SEASON TIRE)","기아","휘발유","1591","자동7","12.1","3등급","139"
"Rolls-Royce Cullinan","롤스로이스","휘발유","6749","자동8","5.6","5등급","319"
"BMW X4 M40d","BMW","경유","2993","자동8","10.7","4등급","182"
"BMW 320d Gran Turismo WLTP","BMW","경유","1995","자동8","13","3등급","147"
"마세라티 기블리 디젤","마세라티","경유","2987","자동8","10","4등급","196"
"마세라티 콰트로포르테 디젤","마세라티","경유","2987","자동8","9.4","4등급","208"
"그랜드스타렉스(PE2)2.5디젤 4WD 리무진 (6P_N/HR)","현대","경유","2497","자동5","8.3","5등급","237"
"DS7 Crossback 2.0 BlueHDi","PSA Automobiles","경유","1997","자동8","12.8","3등급","149"
"BMW X4 xDrive20d","BMW","경유","1995","자동8","11.5","4등급","166"
"MINI Cooper SD Countryman ALL4","MINI","경유","1995","자동8","13.2","3등급","144"
"MINI Cooper D Countryman ALL4","MINI","경유","1995","자동8","13.4","3등급","141"
"BMW M550d xDrive WLTP","BMW","경유","2993","자동8","11.2","4등급","173"
"G4 렉스턴 2.2 7AT 2WD SCR 7인승					","쌍용","경유","2157","자동7","10.5","4등급","186"
"G4 렉스턴 2.2 7AT 4WD SCR 7인승				","쌍용","경유","2157","자동7","10.1","4등급","194"
"그랜드스타렉스(PE2)2.5디젤 4WD 리무진 (9P_N/HR)","현대","경유","2497","자동5","8.3","5등급","237"
"아반떼(AD PE) 1.6가솔린","현대","휘발유","1598","수동6","14","2등급","119"
"아반떼(AD PE) 1.6가솔린 (17'''타이어)","현대","휘발유","1598","무단변속","14.1","2등급","118"
"아반떼(AD PE) 1.6가솔린 (16'''타이어)","현대","휘발유","1598","무단변속","14.4","2등급","115"
"아반떼(AD PE) 1.6가솔린 (15'''타이어)","현대","휘발유","1598","무단변속","15.2","2등급","108"
"아반떼(AD PE) 1.6디젤_7DCT (17''타이어)","현대","경유","1582","자동7","17.2","1등급","108"
"아반떼(AD PE) 1.6디젤 7DCT","현대","경유","1582","자동7","17.8","1등급","104"
"K7 2.2디젤 (19""타이어)","기아","경유","2199","자동8","14.1","2등급","135"
"스포티지 2.0디젤 2WD 6MT (PE/19""타이어)","기아","경유","1995","수동6","14.3","2등급","132"
"스포티지 2.0디젤 2WD 6MT (PE/18""타이어)","기아","경유","1995","수동6","14.4","2등급","131"
"스포티지 2.0디젤 2WD 6MT (PE/17""타이어)","기아","경유","1995","수동6","15","2등급","125"
"BMW 740Ld xDrive WLTP","BMW","경유","2993","자동8","11.1","4등급","174"
"BMW 420d Coupe WLTP","BMW","경유","1995","자동8","13.7","3등급","139"
"BMW 420d xDrive Gran Coupe WLTP","BMW","경유","1995","자동8","11.9","3등급","162"
"BMW 420d Grand Coupe WLTP","BMW","경유","1995","자동8","12.4","3등급","153"
"볼보 XC90T6 AWD","볼보","휘발유","1969","자동8","9.3","5등급","187"
"BMW X1 xDrive20d","BMW","경유","1995","자동8","14.4","2등급","131"
"BMW X1 xDrive18d","BMW","경유","1995","자동8","12","3등급","159"
"스토닉 1.6디젤 7DCT 19MY (15"" 타이어) (15)","기아","경유","1582","자동7","17","1등급","109"
"스토닉 1.6디젤 7DCT 19MY (17"" 타이어) (15)","기아","경유","1582","자동7","16.7","1등급","111"
"스토닉 1.4 가솔린 6AT 19MY (17""타이어) (15)","기아","휘발유","1368","자동6","12.6","3등급","132"
"K7 2.2디젤 (18""타이어)","기아","경유","2199","자동8","14.5","2등급","131"
"K7 2.2디젤 (17""타이어)","기아","경유","2199","자동8","14.6","2등급","130"
"마세라티 르반떼 GTS","마세라티","휘발유","3799","자동8","5.7","5등급","295"
"볼보 V90CCD5 AWD","볼보","경유","1969","자동8","12.6","3등급","152"
"BMW X2 xDrive20d","BMW","경유","1995","자동8","14.2","2등급","133"
"MINI Cooper D Clubman","MINI","경유","1995","자동8","14.7","2등급","128"
"BMW 740d xDrive WLTP","BMW","경유","2993","자동8","11.6","3등급","166"
"모하비 3.0 디젤 2WD 7인","기아","경유","2959","자동8","10.1","4등급","193"
"모하비 3.0 디젤 4WD 7인","기아","경유","2959","자동8","9.6","4등급","205"
"BMW 520i","BMW","휘발유","1998","자동8","10.9","4등급","153"
"ACCORD 1.5T","혼다","휘발유","1498","무단변속","13.9","2등급","118"
"볼보 S90D5 AWD","볼보","경유","1969","자동8","12.7","3등급","151"
"볼보 XC40T4 AWD","볼보","휘발유","1969","자동8","10.3","4등급","168"
"스포티지 2.0디젤 4WD (PE/19""타이어)","기아","경유","1995","자동8","12.4","3등급","154"
"스포티지 2.0디젤 4WD (PE/18""타이어)","기아","경유","1995","자동8","12.7","3등급","151"
"스포티지 2.0디젤 4WD (PE/17""타이어)","기아","경유","1995","자동8","12.9","3등급","148"
"스포티지 1.6디젤 4WD (PE/19""타이어)","기아","경유","1598","자동7","13.8","2등급","137"
"스포티지 1.6디젤 4WD (PE/18""타이어)","기아","경유","1598","자동7","14.1","2등급","134"
"스포티지 1.6디젤 4WD (PE/17""타이어)","기아","경유","1598","자동7","14.6","2등급","129"
"스포티지 2.0디젤 2WD 8AT (PE/19""타이어)","기아","경유","1995","자동8","13.8","2등급","137"
"스포티지 2.0디젤 2WD 8AT (PE/18""타이어)","기아","경유","1995","자동8","14.1","2등급","134"
"스포티지 2.0디젤 2WD 8AT (PE/17""타이어)","기아","경유","1995","자동8","14.4","2등급","131"
"스포티지 1.6디젤 2WD (PE/19""타이어)","기아","경유","1598","자동7","15.3","2등급","122"
"스포티지 1.6디젤 2WD (PE/18""타이어)","기아","경유","1598","자동7","15.8","2등급","118"
"스포티지 1.6디젤 2WD (PE/17""타이어)","기아","경유","1598","자동7","16.3","1등급","114"
"투싼 개조차 2.0디젤 2WD 8AT (19""타이어)","현대","경유","1995","자동8","13.8","2등급","137"
"투싼 개조차 2.0디젤 2WD 8AT (18""타이어)","현대","경유","1995","자동8","14.1","2등급","134"
"BMW 530d WLTP","BMW","경유","2993","자동8","12.6","3등급","151"
"S450 4Matic Coupe","벤츠","휘발유","2996","자동9","8.6","5등급","205"
"투싼 개조차 2.0디젤 AWD (19""타이어)","현대","경유","1995","자동8","12.4","3등급","154"
"투싼 개조차 2.0디젤 AWD (18""타이어)","현대","경유","1995","자동8","12.7","3등급","151"
"투싼 개조차 2.0디젤 AWD (17""타이어)","현대","경유","1995","자동8","13.1","3등급","145"
"투싼 개조차 1.6디젤 AWD (19""타이어)","현대","경유","1598","자동7","13.8","2등급","137"
"투싼 개조차 1.6디젤 AWD (18""타이어)","현대","경유","1598","자동7","14.1","2등급","134"
"투싼 개조차 1.6디젤 AWD (17""타이어)","현대","경유","1598","자동7","14.4","2등급","130"
"투싼 개조차 2.0디젤 2WD 6MT (19""타이어)","현대","경유","1995","수동6","14.4","2등급","131"
"투싼 개조차 2.0디젤 2WD 6MT (18""타이어)","현대","경유","1995","수동6","14.7","2등급","128"
"투싼 개조차 2.0디젤 2WD 6MT (17""타이어)","현대","경유","1995","수동6","15.1","2등급","124"
"투싼 개조차 2.0디젤 2WD 8AT (17""타이어)","현대","경유","1995","자동8","14.4","2등급","131"
"투싼 개조차 1.6디젤 2WD (19""타이어)","현대","경유","1598","자동7","15.3","2등급","122"
"투싼 개조차 1.6디젤 2WD (17""타이어)","현대","경유","1598","자동7","16.3","1등급","115"
"투싼 개조차 1.6디젤 2WD (18""타이어)","현대","경유","1598","자동7","15.8","2등급","118"
"BMW 320d Touring WLTP","BMW","경유","1995","자동8","12.8","3등급","149"
"HR-V 2WD","혼다","휘발유","1799","무단변속","11.7","3등급","141"
"ACCORD HYBRID","혼다","휘발유","1993","무단변속","18.9","1등급","82"
"스포티지 2.0MPI (PE/18"",19""타이어)","기아","휘발유","1999","자동6","10.5","4등급","161"
"스포티지 2.0MPI (PE/17""타이어)","기아","휘발유","1999","자동6","10.8","4등급","156"
"스토닉 1.0 T-GDI 7DCT (17""타이어)","기아","휘발유","998","자동7","13.5","3등급","123"
"스토닉 1.0 T-GDI 7DCT (15""타이어)","기아","휘발유","998","자동7","13.7","3등급","121"
"A5 Sportback 45 TFSI quattro","아우디","휘발유","1984","자동7","10.1","4등급","169"
"K5(JF) 2.0GDI 플러그인하이브리드 개조차","기아","전기+휘발유","1999","자동6","4.8/17","PHEV","26"
"니로 전기차 (경제형, 39.2kWh)","기아","전기","0","없음","5.5","고속","0"
"BMW 730d xDrive WLTP","BMW","경유","2993","자동8","11.6","3등급","166"
"짚 랭글러 루비콘","크라이슬러","휘발유","1995","자동8","8.2","5등급","210"
"투싼 개조차 1.6T-GDI 2WD (19""타이어)","현대","휘발유","1591","자동7","11.3","4등급","148"
"투싼 개조차 1.6T-GDI 2WD (18""타이어)","현대","휘발유","1591","자동7","11.6","3등급","144"
"투싼 개조차 1.6T-GDI 2WD (17""타이어)","현대","휘발유","1591","자동7","11.9","3등급","141"
"투싼 개조차 1.6T-GDI AWD (17""타이어)","현대","휘발유","1591","자동7","10.9","4등급","154"
"투싼 개조차 1.6T-GDI AWD (18""타이어)","현대","휘발유","1591","자동7","10.7","4등급","157"
"투싼 개조차 1.6T-GDI AWD (19""타이어)","현대","휘발유","1591","자동7","10.4","4등급","162"
"니로 전기차 (기본형, 64kWh)","기아","전기","0","없음","5.3","고속","0"
"디스커버리 스포츠 TD4 150PS","랜드로버","경유","1999","자동9","11.3","4등급","172"
"카니발 2.2디젤 하이리무진 11인(18"" 타이어)","기아","경유","2199","자동8","10.3","4등급","189"
"카니발 2.2디젤 하이리무진 7인(19"" 타이어)","기아","경유","2199","자동8","10.3","4등급","189"
"카니발 2.2디젤 아웃도어 9인(19"" 타이어)","기아","경유","2199","자동8","10.3","4등급","189"
"카니발 2.2디젤 하이리무진 9인(18"" 타이어)","기아","경유","2199","자동8","10.3","4등급","189"
"카니발 2.2디젤 하이리무진 9인(19"" 타이어)","기아","경유","2199","자동8","10.3","4등급","189"
"짚 레니게이드","크라이슬러","경유","1956","자동9","11.8","3등급","163"
"BMW 118d WLTP","BMW","경유","1995","자동8","13.9","2등급","136"
"MINI Cooper SD","MINI","경유","1995","자동8","16.1","1등급","116"
"MINI Cooper D Five Door","MINI","경유","1496","자동7","16.5","1등급","113"
"카니발 3.3GDI 하이리무진 7인","기아","휘발유","3342","자동8","7.9","5등급","218"
"MINI Cooper D","MINI","경유","1496","자동7","16.9","1등급","109"
"BMW M3 CS","BMW","휘발유","2979","자동7","9.1","5등급","190"
"스파크 밴 1.0","한국지엠","휘발유","999","수동5","15","경형","109"
"스파크 밴 1.0","한국지엠","휘발유","999","무단변속","15","경형","109"
"MINI Cooper SD Five Door","MINI","경유","1995","자동8","15.8","2등급","119"
"짚 체로키 2.2","크라이슬러","경유","2184","자동9","12.6","3등급","152"
"ACCORD 1.5T","혼다","휘발유","1498","무단변속","13.9","2등급","118"
"레인지로버 5.0SC SVA Dynamic","랜드로버","휘발유","5000","자동8","6.5","5등급","263"
"레인지로버 5.0SC SWB","랜드로버","휘발유","5000","자동8","5.6","5등급","309"
"SM6 2.0(17"" Tire)","르노삼성","휘발유","1997","자동7","12.2","3등급","139"
"그랜드스타렉스(PE2)2.5디젤 리무진 (9P_N/HR)","현대","경유","2497","자동5","8.9","5등급","222"
"스팅어 3.3T-GDI AWD_19인치타이어_19MY","기아","휘발유","3342","자동8","8.4","5등급","202"
"스팅어 3.3T-GDI 2WD_19인치타이어_19MY","기아","휘발유","3342","자동8","8.8","5등급","192"
"스팅어 2.0T-GDI AWD_19인치타이어_19MY","기아","휘발유","1998","자동8","9.4","4등급","179"
"스팅어 2.0T-GDI AWD_18인치타이어_19MY","기아","휘발유","1998","자동8","9.6","4등급","175"
"스팅어 2.0T-GDI 2WD_19인치타이어_19MY","기아","휘발유","1998","자동8","10.1","4등급","165"
"카니발 3.3GDI 하이리무진 9인","기아","휘발유","3342","자동8","7.6","5등급","228"
"A5 Coupe 45 TFSI quattro","아우디","휘발유","1984","자동7","10.3","4등급","166"
"A5 Cabriolet 45 TFSI quattro","아우디","휘발유","1984","자동7","9.7","4등급","177"
"그랜드스타렉스(PE2)2.5디젤 리무진 (6P_N/HR)","현대","경유","2497","자동5","8.9","5등급","222"
"그랜드스타렉스(PE2) 2.5디젤 하이루프(12인)","현대","경유","2497","자동5","9.2","5등급","213"
"쏘렌토(19MY) 2.2디젤 AWD ISG 5인 18인치","기아","경유","2199","자동8","12.4","3등급","154"
"쏘렌토(19MY) 2.2디젤 AWD ISG 7인 18인치","기아","경유","2199","자동8","12.2","3등급","157"
"쏘렌토(19MY) 2.0디젤 AWD ISG 5인 18인치","기아","경유","1995","자동8","12.4","3등급","155"
"쏘렌토(19MY) 2.0디젤 AWD ISG 7인 18인치","기아","경유","1995","자동8","12.2","3등급","158"
"쏘렌토(19MY) 2.2디젤 AWD ISG 5인 19인치","기아","경유","2199","자동8","12.2","3등급","157"
"쏘렌토(19MY) 2.0디젤 AWD ISG 5인 19인치","기아","경유","1995","자동8","12","3등급","160"
"쏘렌토(19MY) 2.0디젤 AWD ISG 7인 19인치","기아","경유","1995","자동8","11.7","3등급","165"
"쏘렌토(19MY) 2.2디젤 AWD ISG 7인 19인치","기아","경유","2199","자동8","12","3등급","160"
"Mercedes-AMG C43 4Matic Coupe","벤츠","휘발유","2996","자동9","9.4","4등급","187"
"Mercedes-AMG GT R","벤츠","휘발유","3982","자동7","7.1","5등급","251"
"K5 2.0GDI 하이브리드 개조차_17인치타이어","기아","휘발유","1999","자동6","17.2","1등급","94"
"K5 2.0GDI 하이브리드 개조차_16인치타이어","기아","휘발유","1999","자동6","18","1등급","89"
"짚 그랜드 체로키","크라이슬러","경유","2987","자동8","9.7","4등급","201"
"스파크 1.0","한국지엠","휘발유","999","수동5","15","경형","109"
"GLC350 e 4Matic","벤츠","전기+휘발유","1991","자동7","2.3/9.7","PHEV","92"
"쏘나타(LF)개조차 2.0LPI AT_택시","현대","LPG","1999","자동6","9.4","4등급","139"
"K5 개조차 2.0LPI AT_택시","기아","LPG","1999","자동6","9.4","4등급","139"
"렉서스 LS500 AWD","토요타","휘발유","3445","자동10","8","5등급","219"
"쏘렌토(19MY) 2.0디젤 2WD ISG 7인 (18"" 타이어)","기아","경유","1995","자동8","13.2","3등급","144"
"쏘렌토(19MY) 2.2디젤 2WD ISG 5인 (18"" 타이어)","기아","경유","2199","자동8","13.6","3등급","140"
"Mustang 2.3 Convertible","포드","휘발유","2261","자동10","9.4","4등급","179"
"벨로스터 N 2.0T-GDI (PP)","현대","휘발유","1998","수동6","10.5","4등급","162"
"벨로스터 N 2.0T-GDI (STD)","현대","휘발유","1998","수동6","10.7","4등급","159"
"Mustang GT 5.0 Convertible","포드","휘발유","5035","자동10","7.5","5등급","227"
"쏘렌토(19MY) 2.0디젤 2WD ISG 5인 (19"" 타이어)","기아","경유","1995","자동8","13.1","3등급","146"
"쏘렌토(19MY) 2.2디젤 2WD ISG 5인(19"" 타이어)","기아","경유","2199","자동8","13.2","3등급","144"
"Mustang GT 5.0 Coupe","포드","휘발유","5035","자동10","7.5","5등급","227"
"Mustang 2.3 Coupe","포드","휘발유","2261","자동10","9.4","4등급","179"
"쏘렌토(19MY) 2.0디젤 2WD ISG 5인 (18"" 타이어)","기아","경유","1995","자동8","13.8","2등급","138"
"쏘렌토(19MY) 2.0디젤 2WD ISG 7인 (19"" 타이어)","기아","경유","1995","자동8","13.1","3등급","146"
"쏘렌토(19MY) 2.2디젤 2WD ISG 7인(19"" 타이어)","기아","경유","2199","자동8","13.2","3등급","144"
"INFINITI QX50 2.0","닛산","휘발유","1997","무단변속","10.3","4등급","167"
"ACCORD HYBRID","혼다","휘발유","1993","무단변속","18.9","1등급","82"
"쏘렌토(19MY) 2.2디젤 2WD ISG 7인(18"" 타이어)","기아","경유","2199","자동8","13.4","3등급","142"
"볼보 XC90D5 AWD","볼보","경유","1969","자동8","10.9","4등급","176"
"MINI Countryman John Cooper Works ALL4","MINI","휘발유","1998","자동8","10.2","4등급","164"
"그랜드스타렉스(PE2) 2.4LPI 어린이버스 (15인)","현대","LPG","2359","자동4","5.8","5등급","228"
"그랜드스타렉스(PE2) 2.4LPI 어린이보호차 (12인)","현대","LPG","2359","자동4","5.8","5등급","228"
"INFINITI QX50 2.0 AWD","닛산","휘발유","1997","무단변속","9.8","4등급","176"
"스파크 1.0","한국지엠","휘발유","999","무단변속","15","경형","109"
"K5 2.0CVVL 개조차_18인치 타이어 (15)","기아","휘발유","1999","자동6","11.6","3등급","144"
"K5 2.0CVVL 개조차_17인치 타이어 (15)","기아","휘발유","1999","자동6","12.1","3등급","137"
"K9(RJ) 3.8GDI 2WD 19인치 타이어","기아","휘발유","3778","자동8","8.8","5등급","196"
"K9(RJ) 3.8GDI 2WD 18인치 타이어","기아","휘발유","3778","자동8","9","5등급","192"
"K9(RJ) 3.3T-GDI 2WD 19인치 타이어","기아","휘발유","3342","자동8","8.7","5등급","199"
"K9(RJ) 3.3GDI 2WD 19인치 타이어","기아","휘발유","3342","자동8","8.7","5등급","197"
"K9(RJ) 3.3GDI 2WD 18인치 타이어","기아","휘발유","3342","자동8","9.1","5등급","188"
"재규어 E-PACE P250","재규어","휘발유","1997","자동9","9","5등급","189"
"레인지로버 스포츠 5.0SC SVR","랜드로버","휘발유","5000","자동8","6.1","5등급","285"
"레인지로버 5.0SC LWB","랜드로버","휘발유","5000","자동8","5.6","5등급","309"
"볼보 V90CCT5 AWD","볼보","휘발유","1969","자동8","10.9","4등급","159"
"K9(RJ) 3.3GDI AWD 19인치 타이어","기아","휘발유","3342","자동8","8.4","5등급","206"
"K9(RJ) 3.3GDI AWD 18인치 타이어","기아","휘발유","3342","자동8","8.5","5등급","203"
"K9(RJ) 3.3T-GDI AWD 19인치 타이어","기아","휘발유","3342","자동8","8.1","5등급","213"
"카니발 2.2디젤 2WD 7인승 (19"" 타이어)","기아","경유","2199","자동8","11.3","4등급","171"
"카니발 2.2디젤 2WD 11인승 (18"" 타이어)","기아","경유","2199","자동8","11.3","4등급","172"
"카니발 2.2디젤 2WD 11인승 (17"" 타이어)","기아","경유","2199","자동8","11.4","4등급","169"
"페라리 Portofino","페라리","휘발유","3855","자동7","8.1","5등급","215"
"카니발 2.2디젤 2WD 9인승 (19"" 타이어)","기아","경유","2199","자동8","11.3","4등급","171"
"K9(RJ) 5.0GDI AWD 19인치 타이어","기아","휘발유","5038","자동8","7.5","5등급","231"
"카니발 2.2디젤 2WD 9인승 (18'' 타이어)","기아","경유","2199","자동8","11.4","4등급","170"
"K9(RJ) 3.8GDI AWD 19인치 타이어","기아","휘발유","3778","자동8","8.3","5등급","207"
"K9(RJ) 3.8GDI AWD 18인치 타이어","기아","휘발유","3778","자동8","8.4","5등급","204"
"트랙스 1.6 디젤","한국지엠","경유","1598","자동6","14.1","2등급","135"
"카니발 3.3GDI 7인승 (19'' 타이어)","기아","휘발유","3342","자동8","8.2","5등급","210"
"코나 전기자동차 (도심형)","현대","전기","0","없음","5.8","고속","0"
"코나 전기자동차 (기본형)","현대","전기","0","없음","5.6","고속","0"
"BMW i3 94Ah","BMW","전기","0","없음","5.4","고속","0"
"카니발 3.3GDI 9인승 (19'' 타이어)","기아","휘발유","3342","자동8","8.2","5등급","210"
"아이오닉 전기차 (18MY)","현대","전기","0","없음","6.3","고속","0"
"A4 40 TFSI","아우디","휘발유","1984","자동7","12.3","3등급","139"
"볼보 XC90D5 AWD","볼보","경유","1969","자동8","10.9","4등급","176"
"Lincoln MKZ Hybrid","포드","휘발유","1999","무단변속","16.3","1등급","97"
"718 카이맨 GTS","포르쉐","휘발유","2497","자동7","8.9","5등급","193"
"싼타페 2.2 디젤 AWD 5인 (19'' 타이어)","현대","경유","2199","자동8","12","3등급","160"
"싼타페 2.2 디젤 AWD 5인 (18'' 타이어)","현대","경유","2199","자동8","12.3","3등급","156"
"싼타페 2.2 디젤 AWD 7인 (19'' 타이어)","현대","경유","2199","자동8","12","3등급","160"
"싼타페 2.2 디젤 AWD 7인 (18'' 타이어)","현대","경유","2199","자동8","12.3","3등급","156"
"싼타페 2.2 디젤 2WD 5인 (19'' 타이어)","현대","경유","2199","자동8","13.3","3등급","144"
"싼타페 2.2 디젤 2WD 5인 (18'' 타이어)","현대","경유","2199","자동8","13.6","3등급","140"
"싼타페 2.2 디젤 2WD 7인 (19'' 타이어)","현대","경유","2199","자동8","12.8","3등급","149"
"싼타페 2.2 디젤 2WD 7인 (18'' 타이어)","현대","경유","2199","자동8","13","3등급","146"
"싼타페 2.0T-GDI 2WD 5인","현대","휘발유","1998","자동8","9.5","4등급","180"
"렉서스 RC350","토요타","휘발유","3456","자동8","9","5등급","194"
"싼타페 2.0T-GDI 2WD 7인","현대","휘발유","1998","자동8","9.5","4등급","180"
"싼타페 2.0T-GDI 4WD 5인","현대","휘발유","1998","자동8","9","5등급","190"
"싼타페 2.0 디젤 AWD 5인 (19'' 타이어)","현대","경유","1995","자동8","12","3등급","160"
"싼타페 2.0 디젤 AWD 5인 (18'' 타이어)","현대","경유","1995","자동8","12.3","3등급","156"
"싼타페 2.0 디젤 AWD 7인 (19'' 타이어)","현대","경유","1995","자동8","12","3등급","160"
"싼타페 2.0 디젤 AWD 7인 (18'' 타이어)","현대","경유","1995","자동8","12.3","3등급","156"
"싼타페 2.0 디젤 2WD 5인 (18'' 타이어)","현대","경유","1995","자동8","13.8","2등급","138"
"싼타페 2.0 디젤 2WD 5인 (19'' 타이어)","현대","경유","1995","자동8","13.5","3등급","141"
"싼타페 2.0 디젤 2WD 7인 (19'' 타이어)","현대","경유","1995","자동8","13.1","3등급","146"
"싼타페 2.0 디젤 2WD 7인 (18'' 타이어)","현대","경유","1995","자동8","13.8","2등급","138"
"싼타페 2.0T-GDI 4WD 7인","현대","휘발유","1998","자동8","9","5등급","190"
"E220 d Cabriolet","벤츠","경유","1950","자동9","14.2","2등급","134"
"718 박스터 GTS","포르쉐","휘발유","2497","자동7","8.9","5등급","193"
"K3 1.6 가솔린 CVT (17인치 타이어)","기아","휘발유","1598","무단변속","14.1","2등급","117"
"K3 1.6 가솔린 CVT (15인치 타이어)","기아","휘발유","1598","무단변속","15.2","2등급","108"
"K3 1.6 가솔린 CVT (16인치 타이어)","기아","휘발유","1598","무단변속","14.4","2등급","114"
"BMW M5","BMW","휘발유","4395","자동8","8.1","5등급","218"
"CHEVROLET EQUINOX FWD","GM","경유","1598","자동6","13.3","3등급","143"
"CHEVROLET EQUINOX AWD","GM","경유","1598","자동6","12.9","3등급","148"
"ACCORD 2.0T","혼다","휘발유","1996","자동10","10.8","4등급","158"
"재규어 F-TYPE P300 Convertible","재규어","휘발유","1997","자동8","9.8","4등급","172"
"재규어 F-TYPE P300 Coupe","재규어","휘발유","1997","자동8","9.8","4등급","172"
"Danigo(다니고)","(주)대창모터스","전기","0","없음","5.3","저속","0"
"넥쏘 수소전기차(19인치타이어)","현대","수소","0","없음","93.7","FCEV","0"
"넥쏘 수소전기차(17인치타이어)","현대","수소","0","없음","96.2","FCEV","0"
"Mercedces-AMG GT","벤츠","휘발유","3982","자동7","8","5등급","222"
"A3 40 TFSI","아우디","휘발유","1984","자동7","11.5","4등급","146"
"K5 1.6T-GDI 개조차_17인치 타이어 (15)","기아","휘발유","1591","자동7","12.8","3등급","130"
"K5 2.0CVVL 개조차_16인치 타이어 (15)","기아","휘발유","1999","자동6","12.3","3등급","136"
"K5 1.6T-GDI 개조차_18인치 타이어 (15)","기아","휘발유","1591","자동7","12.3","3등급","134"
"K5(JF) 1.6T-GDI 개조차_16인치 타이어 (15)","기아","휘발유","1591","자동7","13","3등급","127"
"INFINITI Q60","닛산","휘발유","2997","자동7","9.6","4등급","180"
"그랜드스타렉스 2.5디젤 4WD 5AT_9인 (PE2)","현대","경유","2497","자동5","8.9","5등급","220"
"그랜드스타렉스 2.5디젤 2WD 5AT (PE2)","현대","경유","2497","자동5","9.7","4등급","203"
"그랜드스타렉스 2.5디젤 2WD 6MT (PE2)","현대","경유","2497","수동6","10.9","4등급","177"
"그랜드스타렉스 2.5디젤 2WD 5AT_9인 (PE2)","현대","경유","2497","자동5","9.4","4등급","210"
"그랜드스타렉스 2.5디젤 4WD 5AT (PE2)","현대","경유","2497","자동5","8.9","5등급","222"
"레이 1.0가솔린 밴형 (PE, 14인치 타이어)","기아","휘발유","998","자동4","13","경형","127"
"BMW M4 CS","BMW","휘발유","2979","자동7","9.7","4등급","180"
"캐딜락 ATS COUPE","GM","휘발유","1998","자동8","11","4등급","157"
"캐딜락 ATS RWD","GM","휘발유","1998","자동8","11","4등급","157"
"Mercedces-AMG GT S","벤츠","휘발유","3982","자동7","7.7","5등급","229"
"캐딜락 CTS AWD","GM","휘발유","1998","자동8","9.5","4등급","185"
"G80 2.2디젤 2WD (18""타이어) (15)","현대","경유","2199","자동8","13.8","2등급","138"
"G80 2.2디젤 2WD (19""타이어) (15)","현대","경유","2199","자동8","13.1","3등급","146"
"레이 1.0가솔린 (PE, 15인치 타이어)","기아","휘발유","998","자동4","12.7","경형","130"
"G80 2.2디젤 AWD (19""타이어) (15)","현대","경유","2199","자동8","12.1","3등급","159"
"레이 1.0가솔린 (PE, 14인치 타이어)","기아","휘발유","998","자동4","13","경형","127"
"레이 1.0LPI (PE)","기아","LPG","998","자동4","10.5","경형","123"
"토요타 Prius C","토요타","휘발유","1497","무단변속","18.6","1등급","84"
"렉서스 LS500 2WD","토요타","휘발유","3445","자동10","8.8","5등급","198"
"BMW X6 M","BMW","휘발유","4395","자동8","6.7","5등급","262"
"렉서스 LS500h 2WD","토요타","휘발유","3456","무단변속","11.5","4등급","147"
"스토닉 1.4 가솔린 6AT (17""타이어) (15)","기아","휘발유","1368","자동6","12.6","3등급","132"
"스토닉 1.4 가솔린 6AT (15""타이어) (15)","기아","휘발유","1368","자동6","12.8","3등급","130"
"K7 2.4GDI 18MY (19인치타이어) (15)","기아","휘발유","2359","자동6","10.7","4등급","156"
"K7 2.4GDI 18MY (18인치타이어) (15)","기아","휘발유","2359","자동6","11.1","4등급","152"
"K7 2.4GDI 18MY (17인치타이어) (15)","기아","휘발유","2359","자동6","11.2","4등급","150"
"Rolls Royce Phantom","롤스로이스","휘발유","6749","자동8","5.8","5등급","310"
"Rolls Royce Phantom","롤스로이스","휘발유","6749","자동8","5.8","5등급","310"
"Rolls Royce Phantom EWB","롤스로이스","휘발유","6749","자동8","5.8","5등급","310"
"렉서스 LS500h AWD","토요타","휘발유","3456","무단변속","10.6","4등급","161"
"K7 3.0GDI (19""타이어) (15)","기아","휘발유","2999","자동8","9.8","4등급","170"
"K7 3.0GDI (18""타이어) (15)","기아","휘발유","2999","자동8","10","4등급","168"
"Passat 2.0 TSI","폭스바겐","휘발유","1984","자동6","12.1","3등급","142"
"BMW X5 M","BMW","휘발유","4395","자동8","6.7","5등급","262"
"Rolls Royce Phantom EWB","롤스로이스","휘발유","6749","자동8","5.8","5등급","310"
"벨로스터 1.6T-GDI 6MT (SUMMER TIRE)","현대","휘발유","1591","수동6","12.4","3등급","134"
"Rolls Royce Dawn Black Badge","롤스로이스","휘발유","6592","자동8","5.5","5등급","325"
"벨로스터 1.6T-GDI 6MT (ALL SEASON TIRE)","현대","휘발유","1591","수동6","12.6","3등급","132"
"벨로스터 1.4T-GDI 7DCT","현대","휘발유","1353","자동7","13.1","3등급","127"
"벨로스터 1.6T-GDI 7DCT (ALL SEASON TIRE)","현대","휘발유","1591","자동7","12.6","3등급","132"
"벨로스터 1.6T-GDI 7DCT (SUMMMER TIRE)","현대","휘발유","1591","자동7","12.4","3등급","134"
"Model S P100D","테슬라코리아 유한회사","전기","0","없음","3.8","고속","0"
"Mercedces-AMG C43 Cabriolet","벤츠","휘발유","2996","자동9","8.8","5등급","199"
"BMW 540i xDrive","BMW","휘발유","2998","자동8","10.2","4등급","170"
"Tiguan Allspace 2.0 TDI","폭스바겐","경유","1968","자동7","13.7","3등급","138"
"GLS350 d 4Matic","벤츠","경유","2987","자동9","9.6","4등급","204"
"BMW 640i xDrive","BMW","휘발유","2998","자동8","9.2","5등급","190"
"토요타 Camry","토요타","휘발유","2487","자동8","12.3","3등급","134"
"SM3 Z.E.","르노삼성","전기","0","없음","4.5","고속","0"
"캐딜락 Escalade","GM","휘발유","6162","자동10","6.8","5등급","260"
"캐딜락 Escalade","GM","휘발유","6162","자동10","6.8","5등급","260"
"BMW 330e iPerformance","BMW","전기+휘발유","1998","자동8","3.3/12","PHEV","63"
"BMW 750Li xDrive","BMW","휘발유","4395","자동8","8.3","5등급","216"
"911 카레라 GTS","포르쉐","휘발유","2981","자동7","9.2","5등급","188"
"911 카레라 GTS 카브리올레","포르쉐","휘발유","2981","자동7","9.2","5등급","188"
"E220 d Cabriolet","벤츠","경유","1950","자동9","14.3","2등급","132"
"G70 2.2디젤 AWD_18인치타이어 (15)","현대","경유","2199","자동8","13.5","3등급","141"
"G70 2.2디젤 AWD_17인치타이어 (15)","현대","경유","2199","자동8","13.6","3등급","140"
"페라리 812 Superfast","페라리","휘발유","6496","자동7","5.6","5등급","315"
"재규어 XF 25t AWD","재규어","휘발유","1997","자동8","10.2","4등급","165"
"BMW M550d xDrive","BMW","경유","2993","자동8","11.6","3등급","167"
"MINI Cooper five-door","MINI","휘발유","1499","자동6","12.3","3등급","137"
"레인지로버 벨라 P380","랜드로버","휘발유","2995","자동8","7.8","5등급","218"
"G70 2.2디젤 2WD_18인치타이어 (15)","현대","경유","2199","자동8","14.5","2등급","130"
"Passat GT 2.0 TDI","폭스바겐","경유","1968","자동6","15.1","2등급","125"
"Passat GT 2.0 TDI 4Motion","폭스바겐","경유","1968","자동6","13.6","3등급","140"
"Mercedes-Maybach S560 4Matic","벤츠","휘발유","3982","자동9","8.1","5등급","219"
"S560 4Matic L","벤츠","휘발유","3982","자동9","8.4","5등급","212"
"S560 4Matic L","벤츠","휘발유","3982","자동9","8.4","5등급","212"
"BMW X3 xDrive20d","BMW","경유","1995","자동8","12.1","3등급","162"
"BMW X3 xDrive30d","BMW","경유","2993","자동8","11.3","4등급","175"
"G70 2.2디젤 2WD_17인치타이어 (15)","현대","경유","2199","자동8","15.2","2등급","124"
"캐딜락 XT5","GM","휘발유","3649","자동8","8.7","5등급","203"
"BMW 630d","BMW","경유","2993","자동8","11.4","4등급","170"
"BMW M4 Coupe Competition Package","BMW","휘발유","2979","자동7","9.3","5등급","184"
"캐딜락 CT6 2.0T","GM","휘발유","1998","자동8","10.2","4등급","171"
"911 타르가 4 GTS","포르쉐","휘발유","2981","자동7","8.8","5등급","195"
"911 카레라 4 GTS","포르쉐","휘발유","2981","자동7","8.8","5등급","195"
"G70 3.3T-GDI 2WD (19인치 타이어) (15)","현대","휘발유","3342","자동8","9","5등급","188"
"G70 3.3T-GDI AWD (19인치 타이어) (15)","현대","휘발유","3342","자동8","8.6","5등급","197"
"BMW M3 Competition Package","BMW","휘발유","2979","자동7","9.3","5등급","184"
"BMW 630d xDrive","BMW","경유","2993","자동8","11.4","4등급","170"
"S350 d","벤츠","경유","2925","자동9","13","3등급","148"
"BMW 740e iPerformance","BMW","전기+휘발유","1998","자동8","3/11.1","PHEV","54"
"쏘렌토(PE) 2.0T-GDI 2WD 5인 (18인치 타이어)(15)","기아","휘발유","1998","자동8","9.6","4등급","175"
"Mercedes-Maybach S560 4Matic","벤츠","휘발유","3982","자동9","8.1","5등급","219"
"911 카레라 4 GTS 카브리올레","포르쉐","휘발유","2981","자동7","8.8","5등급","195"
"S350 d 4Matic","벤츠","경유","2925","자동9","12.4","3등급","156"
"BMW M4 Convertible","BMW","휘발유","2979","자동7","8.7","5등급","199"
"BMW M4 Coupe","BMW","휘발유","2979","자동7","9.2","5등급","187"
"BMW M4 Convertible Competition Package","BMW","휘발유","2979","자동7","8.9","5등급","196"
"G70 2.0T-GDI AWD (19인치 타이어) (15)","현대","휘발유","1998","자동8","9.5","4등급","177"
"G70 2.0T-GDI AWD (18인치 타이어) (15)","현대","휘발유","1998","자동8","10","4등급","168"
"G70 2.0T-GDI 2WD (19인치 타이어) (15)","현대","휘발유","1998","자동8","10.4","4등급","161"
"G70 2.0T-GDI 2WD (18인치 타이어) (15)","현대","휘발유","1998","자동8","10.7","4등급","156"
"쏘렌토(PE) 2.0T-GDI 2WD 5인 (19인치 타이어) (15)","기아","휘발유","1998","자동8","9.4","4등급","180"
"쏘렌토(PE) 2.0T-GDI 2WD 7인 (18인치 타이어)(15)","기아","휘발유","1998","자동8","9.6","4등급","175"
"쏘렌토(PE) 2.0T-GDI 4WD 5인 (15)","기아","휘발유","1998","자동8","8.7","5등급","194"
"쏘렌토(PE) 2.0T-GDI 4WD 7인 (15)","기아","휘발유","1998","자동8","8.7","5등급","194"
"쏘렌토(PE) 2.0T-GDI 2WD 7인 (19인치 타이어) (15)","기아","휘발유","1998","자동8","9.4","4등급","180"
"E300 (AMG Line)","벤츠","휘발유","1991","자동9","11","4등급","158"
"토요타 Camry Hybrid","토요타","휘발유","2487","무단변속","16.7","1등급","95"
"E300 4Matic (AMG Line)","벤츠","휘발유","1991","자동9","9.6","4등급","181"
"렉서스 LC500h","토요타","휘발유","3456","무단변속","10.9","4등급","155"
"코나 1.6T-GDI 4WD (18""타이어) (15)","현대","휘발유","1591","자동7","11","4등급","151"
"코나 1.6T-GDI 4WD (17""타이어) (15)","현대","휘발유","1591","자동7","11.1","4등급","150"
"코나 1.6T-GDI 4WD (16""타이어) (15)","현대","휘발유","1591","자동7","11.3","4등급","147"
"코나 1.6T-GDI 2WD (18""타이어) (15)","현대","휘발유","1591","자동7","12.3","3등급","134"
"코나 1.6T-GDI 2WD (17""타이어) (15)","현대","휘발유","1591","자동7","12.6","3등급","131"
"코나 1.6T-GDI 2WD (16""타이어) (15)","현대","휘발유","1591","자동7","12.8","3등급","128"
"재규어 F-TYPE (3.0SC CONV S)","재규어","휘발유","2995","자동8","8.6","5등급","198"
"B200 d","벤츠","경유","2143","자동7","14.8","2등급","127"
"BMW X6 xDrive30d","BMW","경유","2993","자동8","10.5","4등급","185"
"BMW 750Li xDrive","BMW","휘발유","4395","자동8","8.3","5등급","216"
"트랙스 1.4","한국지엠","휘발유","1362","수동6","12.3","3등급","136"
"Model S 100D","테슬라코리아 유한회사","전기","0","없음","4","고속","0"
"Model S 75D","테슬라코리아 유한회사","전기","0","없음","4.3","고속","0"
"MINI Cooper SD five-door","MINI","경유","1995","자동6","15.4","2등급","121"
"BMW M4 Coupe","BMW","휘발유","2979","자동7","9.2","5등급","187"
"BMW M3","BMW","휘발유","2979","자동7","9.2","5등급","187"
"E220 d Coupe","벤츠","경유","1950","자동9","14.6","2등급","130"
"그랜드 스타렉스 2.5디젤 3밴 (15)","현대","경유","2497","수동6","11","4등급","175"
"그랜드 스타렉스 2.5디젤 3밴 (15)","현대","경유","2497","자동5","9.3","5등급","211"
"그랜드 스타렉스 2.5디젤 5밴 (15)","현대","경유","2497","수동6","11","4등급","175"
"그랜드 스타렉스 2.5디젤 5밴 (15)","현대","경유","2497","자동5","9.3","5등급","211"
"BMW 420i Coupe","BMW","휘발유","1998","자동8","11.1","4등급","154"
"쏘나타 2.0LPI AT (15)","현대","LPG","1999","자동6","9.1","5등급","143"
"BMW 430i Coupe","BMW","휘발유","1998","자동8","11.2","4등급","154"
"BMW 430i Convertible","BMW","휘발유","1998","자동8","11.1","4등급","156"
"MINI Cooper S Convertible","BMW","휘발유","1998","자동6","11.6","3등급","147"
"엑센트 카파 1.4가솔린 CVT (5DR) (15)","현대","휘발유","1368","무단변속","13.1","3등급","125"
"엑센트 카파 1.4가솔린 CVT (4DR) (15)","현대","휘발유","1368","무단변속","13.4","3등급","122"
"엑센트 카파 1.4가솔린 (4DR) (15)","현대","휘발유","1368","수동6","14.1","2등급","115"
"벨로스터 1.6T-GDI_7DCT (15)","현대","휘발유","1591","자동7","11.8","3등급","140"
"렉서스 NX300h","토요타","휘발유","2494","무단변속","12","3등급","140"
"ODYSSEY","혼다","휘발유","3471","자동10","9.2","5등급","188"
"MINI Cooper Convertible","BMW","휘발유","1499","자동6","11.9","3등급","144"
"MINI Cooper Countryman","BMW","휘발유","1499","자동6","11.4","4등급","151"
"스팅어 2.0T-GDI AWD_19인치 타이어 (15)","기아","휘발유","1998","자동8","9.4","4등급","179"
"스팅어 2.0T-GDI AWD_18인치 타이어 (15)","기아","휘발유","1998","자동8","9.6","4등급","175"
"스팅어 2.0T-GDI 2WD_19인치 타이어 (15)","기아","휘발유","1998","자동8","10.1","4등급","165"
"스팅어 2.0T-GDI 2WD_18인치 타이어 (15)","기아","휘발유","1998","자동8","10.4","4등급","161"
"라보5MT","한국지엠","LPG","796","수동5","8.6","경형","148"
"라보롱카고","한국지엠","LPG","796","수동5","8.6","경형","148"
"다마스밴","한국지엠","LPG","796","수동5","8.8","경형","146"
"다마스 5인승","한국지엠","LPG","796","수동5","8.8","경형","146"
"BMW 320d Gran Turismo","BMW","경유","1995","자동8","14.2","2등급","133"
"BMW 320d Gran Turismo xDrive","BMW","경유","1995","자동8","13.5","3등급","141"
"쏘나타(LF)개조차 2.0LPI MT (15)","현대","LPG","1999","수동6","9.5","4등급","136"
"토요타 86 AT","토요타","휘발유","1998","자동6","11","4등급","151"
"토요타 86 MT","토요타","휘발유","1998","수동6","11","4등급","151"
"MINI Cooper D Countryman","BMW","경유","1995","자동8","13.6","3등급","140"
"모닝(JA) 1.0LPI_16인치 (15)","기아","LPG","998","수동5","12","경형","106"
"모닝(JA) 1.0LPI_14인치 (15)","기아","LPG","998","수동5","12.6","경형","101"
"모닝(JA) 1.0LPI_16인치 (15)","기아","LPG","998","자동4","11","경형","117"
"모닝(JA) 1.0LPI_14인치 (15)","기아","LPG","998","자동4","11.8","경형","109"
"BMW X5 xDrive 40e iPerformance","BMW","전기+휘발유","1997","자동8","2.3/9.4","PHEV","89.8"
"BMW 420d Gran Coupe","BMW","경유","1995","자동8","14.4","2등급","136"
"BMW 420d xDrive Gran Coupe","BMW","경유","1995","자동8","12.4","3등급","146"
"Mercedes-AMG GLC43 4Matic Coupe","벤츠","휘발유","2996","자동9","8.1","5등급","219"
"그랜저 2.4 하이브리드 (15)","현대","휘발유","2359","자동6","16.2","1등급","97"
"BMW 420d Coupe","BMW","경유","1995","자동8","14.4","2등급","136"
"MINI Clubman John Cooper Works ALL4","MINI","휘발유","1998","자동8","10.9","4등급","158"
"MINI Cooper SD","MINI","경유","1995","자동6","15.5","2등급","125"
"MINI Cooper S five-door","MINI","휘발유","1998","자동6","12.4","3등급","138"
"트랙스 1.4","한국지엠","휘발유","1362","자동6","11.8","3등급","143"
"BMW 118d","BMW","경유","1995","자동8","15.3","2등급","128"
"BMW X6 M50d","BMW","경유","2993","자동8","9.5","4등급","212"
"BMW 420i Gran Coupe","BMW","휘발유","1997","자동8","11.1","4등급","155"
"BMW X6 xDrive40d","BMW","경유","2993","자동8","10.4","4등급","193"
"BMW X5 M50d","BMW","경유","2993","자동8","9.5","4등급","212"
"니로(DE) 1.6GDI 플러그인 하이브리드_6DCT (15)","기아","전기+휘발유","1580","자동6","5.1/18.6","PHEV","26"
"Rolls-Royce Ghost SWB","롤스로이스","휘발유","6592","자동8","5.8","5등급","311"
"Rolls-Royce Wraith Coupe Black Badge","롤스로이스","휘발유","6592","자동8","6","5등급","298"
"Rolls-Royce Ghost SWB Black Badge","롤스로이스","휘발유","6592","자동8","5.7","5등급","317"
"BMW 530d","BMW","경유","2993","자동8","13.5","3등급","147"
"BMW 530i xDrive","BMW","휘발유","1998","자동8","10.4","4등급","165"
"MINI Cooper S Countryman ALL4","BMW","휘발유","1998","자동8","10.8","4등급","158"
"BMW 320d Touring","BMW","경유","1995","자동8","14","2등급","136"
"G80 3.8GDI AWD (19""타이어) (15)","현대","휘발유","3778","자동8","8.2","5등급","210"
"G80 3.8GDI 2WD (19""타이어) (15)","현대","휘발유","3778","자동8","8.7","5등급","196"
"E220 d 4Matic","벤츠","경유","1950","자동9","13.8","2등급","138"
"토요타 Prius Prime","토요타","전기+휘발유","1798","무단변속","6.4/21.4","PHEV","23"
"BMW 530i","BMW","휘발유","1998","자동8","11.2","4등급","153"
"BMW 520d xDrvie","BMW","경유","1995","자동8","13.9","2등급","136"
"그랜저 3.3GDI 8AT (19""타이어) (15)","현대","휘발유","3342","자동8","9.7","4등급","173"
"Rolls-Royce Dawn","롤스로이스","휘발유","6592","자동8","5.7","5등급","313"
"BMW M760Li xDrive","BMW","휘발유","6592","자동8","6.6","5등급","274"
"Rolls-Royce Wraith Coupe","롤스로이스","휘발유","6592","자동8","6","5등급","301"
"Rolls-Royce Ghost EWB","롤스로이스","휘발유","6592","자동8","5.8","5등급","311"
"렉서스 CT200h","토요타","휘발유","1798","무단변속","17","1등급","93"
"CHEVROLET BOLT EV","한국지엠","전기","0","없음","5.5","고속","0"
"모닝(JA) 1.0가솔린_밴형 (16인치 타이어) (15)","기아","휘발유","998","자동4","14.7","경형","111"
"모닝(JA) 1.0가솔린_밴형 (15)","기아","휘발유","998","수동5","16","경형","101"
"모닝(JA) 1.0가솔린_밴형 (15)","기아","휘발유","998","자동4","15.4","경형","106"
"모닝(JA) 1.0가솔린_밴형 (16인치 타이어) (15)","기아","휘발유","998","수동5","15.3","경형","106"
"모닝(JA) 1.0가솔린 (16인치 타이어) (15)","기아","휘발유","998","수동5","15.3","경형","106"
"모닝(JA) 1.0가솔린 (16인치 타이어) (15)","기아","휘발유","998","자동4","14.7","경형","111"
"캐딜락 ESCALADE","GM","휘발유","6162","자동8","6.9","5등급","259"
"아이오닉 1.6GDI 플러그인하이브리드_6DCT (15)","현대","전기+휘발유","1580","자동6","5.5/20.5","PHEV","17"
"Mercedes-AMG GLC43 4Matic","벤츠","휘발유","2996","자동9","8.1","5등급","217"
"포터 2.5디젤 4WD 덤프(유로6) (15)","현대","경유","2497","수동6","8.5","5등급","231"
"포터 2.5디젤 2WD 덤프(유로6) (15)","현대","경유","2497","수동6","9","5등급","216"
"캐딜락 ESCALADE","GM","휘발유","6162","자동8","6.9","5등급","259"
"토요타 SIENNA(4WD)","토요타","휘발유","3456","자동8","8.2","5등급","208"
"봉고 덤프 4WD 표준캡(유로6) (15)","기아","경유","2497","수동6","8.5","5등급","230"
"봉고 덤프 4WD 슈퍼캡(유로6) (15)","기아","경유","2497","수동6","8.5","5등급","230"
"모닝(JA) 1.0가솔린 (15)","기아","휘발유","998","수동5","16","경형","101"
"모닝(JA) 1.0가솔린 (15)","기아","휘발유","998","자동4","15.4","경형","106"
"봉고 덤프 2WD 슈퍼캡(유로6) (15)","기아","경유","2497","수동6","9","5등급","216"
"재규어 F-TYPE (3.0SC COUPE S)","재규어","휘발유","2995","자동8","8.6","5등급","198"
"G350 d","벤츠","경유","2987","자동7","7.7","5등급","258"
"Mercedes-AMG E43 4Matic","벤츠","휘발유","2996","자동9","8.9","5등급","197"
"토요타 SIENNA(2WD)","토요타","휘발유","3456","자동8","8.6","5등급","199"
"K7 2.4하이브리드 (17""타이어) (15)","기아","휘발유","2359","자동6","16.2","1등급","97"
"그랜저 3.0GDI 8AT (19""타이어) (15)","현대","휘발유","2999","자동8","9.9","4등급","171"
"그랜저 3.0GDI 8AT (18""타이어) (15)","현대","휘발유","2999","자동8","10.1","4등급","168"
"그랜저 2.4GDI (19""타이어) (15)","현대","휘발유","2359","자동6","10.8","4등급","155"
"그랜저 2.4GDI (18""타이어) (15)","현대","휘발유","2359","자동6","11","4등급","153"
"그랜저 2.4GDI (17""타이어) (15)","현대","휘발유","2359","자동6","11.2","4등급","150"
"그랜저 3.0LPI (18""타이어) (15)","현대","LPG","2999","자동6","7.4","5등급","180"
"Lincoln MKZ Hybrid","포드","휘발유","1999","무단변속","15.8","2등급","103"
"Mercedes-AMG C43 4Matic","벤츠","휘발유","2996","자동9","9.1","5등급","194"
"Lincoln MKZ 2.0 (18"" Tire)","포드","휘발유","1999","자동6","9.9","4등급","174"
"MINI Cooper SD five-door","MINI","경유","1995","자동6","12.6","3등급","152"
"BMW 730d xDrive","BMW","경유","2993","자동8","11.9","3등급","163"
"마세라티 콰트로포르테 GTS","마세라티","휘발유","3799","자동8","6.6","5등급","255"
"마세라티 콰트로포르테 S Q4","마세라티","휘발유","2979","자동8","7.4","5등급","228"
"마세라티 콰트로포르테 350","마세라티","휘발유","2979","자동8","7.4","5등급","227"
"MINI Cooper S","MINI","휘발유","1998","자동6","12.6","3등급","134"
"마세라티 기블리 S Q4","마세라티","휘발유","2979","자동8","7.4","5등급","227"
"BMW 740d xDrive ","BMW","경유","2993","자동8","11.2","4등급","174"
"G80 3.3T-GDI 2WD (19""타이어)","현대","휘발유","3342","자동8","8.5","5등급","200"
"G80 3.3T-GDI AWD (19""타이어)","현대","휘발유","3342","자동8","8","5등급","213"
"마세라티 기블리","마세라티","휘발유","2979","자동8","7.9","5등급","212"
"봉고 1t 초장축 킹캡 2.4LPI (15)","기아","LPG","2359","수동5","6.5","5등급","202"
"봉고 1t 4WD 표준캡(유로6) (15)","기아","경유","2497","수동6","8.8","5등급","222"
"봉고 1t 장축 더블캡(유로6) (15)","기아","경유","2497","자동5","8.6","5등급","227"
"봉고 1t 초장축 표준캡(유로6) (15)","기아","경유","2497","자동5","8.9","5등급","220"
"봉고 1t 장축 슈퍼캡(유로6) (15)","기아","경유","2497","자동5","8.9","5등급","220"
"봉고 1t 장축 표준캡(유로6) (15)","기아","경유","2497","자동5","8.9","5등급","220"
"봉고 1t 장축 더블캡(유로6) (15)","기아","경유","2497","수동6","9.4","4등급","207"
"봉고 1t 초장축 표준캡(유로6) (15)","기아","경유","2497","수동6","9.6","4등급","202"
"봉고 1t 장축 슈퍼캡(유로6) (15)","기아","경유","2497","수동6","9.6","4등급","202"
"포터 2.5디젤 4WD 표준캡(유로6) (15)","현대","경유","2497","수동6","8.8","5등급","222"
"포터 2.5디젤 장축 더블캡(유로6) (15)","현대","경유","2497","자동5","8.6","5등급","227"
"포터 2.5디젤 초장축 표준캡(유로6) (15)","현대","경유","2497","자동5","8.9","5등급","220"
"포터 2.5디젤 장축 슈퍼캡(유로6) (15)","현대","경유","2497","자동5","8.9","5등급","220"
"포터 2.5디젤 장축 표준캡(유로6) (15)","현대","경유","2497","자동5","8.9","5등급","220"
"포터 2.5디젤 장축 더블캡(유로6) (15)","현대","경유","2497","수동6","9.4","4등급","207"
"포터 2.5디젤 초장축 표준캡(유로6) (15)","현대","경유","2497","수동6","9.6","4등급","202"
"포터 2.5디젤 장축 슈퍼캡(유로6) (15)","현대","경유","2497","수동6","9.6","4등급","202"
"아슬란 3.3GDI 8AT (19""타이어) (15)","현대","휘발유","3342","자동8","9.6","4등급","177"
"아슬란 3.3GDI 8AT (18""타이어) (15)","현대","휘발유","3342","자동8","9.7","4등급","175"
"아슬란 3.0GDI 8AT (19""타이어) (15)","현대","휘발유","2999","자동8","9.8","4등급","173"
"아슬란 3.0GDI 8AT (18""타이어) (15)","현대","휘발유","2999","자동8","9.9","4등급","171"
"봉고 1t 4WD 더블캡(유로6) (15)","기아","경유","2497","수동6","8.8","5등급","223"
"봉고 1t 4WD 슈퍼캡(유로6) (15)","기아","경유","2497","수동6","8.8","5등급","222"
"봉고 1t 초장축 더블캡(유로6) (15)","기아","경유","2497","자동5","8.6","5등급","227"
"봉고 1t 초장축 슈퍼캡(유로6) (15)","기아","경유","2497","자동5","8.9","5등급","220"
"봉고 1t 초장축 더블캡(유로6) (15)","기아","경유","2497","수동6","9.4","4등급","207"
"봉고 1t 초장축 슈퍼캡(유로6) (15)","기아","경유","2497","수동6","9.6","4등급","202"
"봉고 1t 장축 표준캡(유로6) (15)","기아","경유","2497","수동6","9.6","4등급","201"
"포터 2.5디젤 4WD 더블캡(유로6) (15)","현대","경유","2497","수동6","8.8","5등급","223"
"포터 2.5디젤 4WD 슈퍼캡(유로6) (15)","현대","경유","2497","수동6","8.8","5등급","222"
"포터 2.5디젤 초장축 더블캡(유로6) (15)","현대","경유","2497","자동5","8.6","5등급","227"
"포터 2.5디젤 초장축 슈퍼캡(유로6) (15)","현대","경유","2497","자동5","8.9","5등급","220"
"포터 2.5디젤 초장축 더블캡(유로6) (15)","현대","경유","2497","수동6","9.4","4등급","207"
"포터 2.5디젤 초장축 슈퍼캡(유로6) (15)","현대","경유","2497","수동6","9.6","4등급","202"
"카이엔 디젤","포르쉐","경유","2967","자동8","10.7","4등급","181"
"Lincoln MKZ 2.0 (19"" tire)","포드","휘발유","1999","자동6","10","4등급","171"
"Lincoln MKZ 2.0 AWD","포드","휘발유","1999","자동6","9.6","4등급","179"
"마세라티 르반떼","마세라티","휘발유","2979","자동8","6.4","5등급","263"
"마세라티 르반떼 S","마세라티","휘발유","2979","자동8","6.4","5등급","264"
"GLS350 d 4Matic","벤츠","경유","2987","자동9","9.5","4등급","207"
"718 카이맨","포르쉐","휘발유","1988","자동7","9.4","4등급","179"
"718 카이맨 S","포르쉐","휘발유","2497","자동7","9","5등급","189"
"BMW i8","BMW","전기+휘발유","1499","자동6","3.7/14.2","PHEV","42"
"K5(JF) 2.0LPI 6AT_17MY (15)","기아","LPG","1999","자동6","9.4","4등급","138"
"K5(JF) 2.0LPI 6AT(ISG)_17MY (15)","기아","LPG","1999","자동6","9.6","4등급","136"
"Mercedes-AMG SLC43","벤츠","휘발유","2996","자동9","9.5","4등급","184"
"718 박스터","포르쉐","휘발유","1988","자동7","9.4","4등급","179"
"718 박스터 S","포르쉐","휘발유","2497","자동7","9","5등급","189"
"BMW 740Li xDrive","BMW","휘발유","2998","자동8","9.7","4등급","179"
"카마로","GM","휘발유","6162","자동8","7.8","5등급","227"
"Rolls Royce Dawn","롤스로이스","휘발유","6592","자동8","5.9","5등급","303"
"캐딜락 XT5","GM","휘발유","3649","자동8","8.9","5등급","198"
"911 터보","포르쉐","휘발유","3800","자동7","7.9","5등급","219"
"911 터보 카브리올레","포르쉐","휘발유","3800","자동7","7.9","5등급","219"
"911 터보 S","포르쉐","휘발유","3800","자동7","7.9","5등급","219"
"BMW 740d xDrive","BMW","경유","2993","자동8","12.1","3등급","160"
"캐딜락 CT6","GM","휘발유","3649","자동8","8.2","5등급","215"
"BMW 740Ld xDrive","BMW","경유","2993","자동8","12.1","3등급","160"
"재규어 XJ 3.0SC","재규어","휘발유","2995","자동8","8.1","5등급","210"
"Mercedes-AMG SL63","벤츠","휘발유","5461","자동7","7.6","5등급","235"
"E300 4Matic","벤츠","휘발유","1991","자동9","10.3","4등급","169"
"E300","벤츠","휘발유","1991","자동9","10.8","4등급","161"
"E220 d","벤츠","경유","1950","자동9","15.1","2등급","124"
"911 터보 S 카브리올레","포르쉐","휘발유","3800","자동7","7.9","5등급","219"
"MINI Cooper S Convertible","MINI","휘발유","1998","자동6","12.1","3등급","141"
"MINI Cooper Convertible","MINI","휘발유","1499","자동6","12.4","3등급","136"
"말리부 2.0 TURBO","한국지엠","휘발유","1998","자동6","10.8","4등급","160"
"니로 1.6GDI 하이브리드_18''타이어 (15)","기아","휘발유","1580","자동6","17.1","1등급","92"
"니로 1.6GDI 하이브리드_16''타이어 (15)","기아","휘발유","1580","자동6","19.5","1등급","79"
"911 카레라 S","포르쉐","휘발유","2981","자동7","9.3","5등급","182"
"911 카레라 S 카브리올레","포르쉐","휘발유","2981","자동7","9.3","5등급","182"
"911 카레라","포르쉐","휘발유","2981","자동7","9.4","4등급","184"
"911 카레라 카브리올레","포르쉐","휘발유","2981","자동7","9.4","4등급","184"
"911 카레라 4","포르쉐","휘발유","2981","자동7","9.3","5등급","186"
"911 카레라 4 카브리올레","포르쉐","휘발유","2981","자동7","9.3","5등급","186"
"911 타르가 4","포르쉐","휘발유","2981","자동7","9.3","5등급","186"
"911 카레라 4S","포르쉐","휘발유","2981","자동7","9.1","5등급","190"
"911 카레라 4S 카브리올레","포르쉐","휘발유","2981","자동7","9.1","5등급","190"
"911 타르가 4S","포르쉐","휘발유","2981","자동7","9.1","5등급","190"
"렉서스 RX450h","토요타","휘발유","3456","무단변속","12.8","3등급","129"
"렉서스 RX350","토요타","휘발유","3456","자동8","8.9","5등급","193"
"캐딜락 CTS-V","GM","휘발유","6162","자동8","6.7","5등급","266"
"i8 플러그인하이브리드","BMW","전기+휘발유","1499","자동6","3.7/13.7","PHEV","47"
"Mercedes-AMG S65 Coupe","벤츠","휘발유","5980","자동7","6.4","5등급","278"
"캐딜락 ATS COUPE","GM","휘발유","1998","자동8","10.6","4등급","165"
"파워프라자 라보 ev PEACE","한국지엠","전기","0","없음","3.5","고속","0"
"SM6 2.0 LPLi(18"" Tire)","르노삼성","LPG","1998","무단변속","9","5등급","146"
"SM6 2.0 LPLi(17"" Tire)","르노삼성","LPG","1998","무단변속","9.3","5등급","141"
"SM6 2.0(18"" Tire)","르노삼성","휘발유","1997","자동7","12","3등급","141"
"K7(YG) 3.3GDI (19인치타이어) (15)","기아","휘발유","3342","자동8","9.7","4등급","176"
"K7(YG) 3.3GDI (18인치타이어) (15)","기아","휘발유","3342","자동8","10","4등급","170"
"캐딜락 CTS","GM","휘발유","1998","자동8","10.5","4등급","168"
"캐딜락 CTS AWD","GM","휘발유","1998","자동8","9.4","4등급","189"
"캐딜락 ATS","GM","휘발유","1998","자동8","10.6","4등급","165"
"캐딜락ATS AWD","GM","휘발유","1998","자동8","10.3","4등급","172"
"MINI Cooper","MINI","휘발유","1499","자동6","12.5","3등급","135"
"MINI Cooper five-door","MINI","휘발유","1499","자동6","12.5","3등급","135"
"렉서스 RC200t","토요타","휘발유","1998","자동8","9.9","4등급","175"
"아이오닉 1.6GDI 하이브리드 6DCT_17''타이어","현대","휘발유","1580","자동6","20.2","1등급","78"
"아이오닉 1.6GDI 하이브리드 6DCT_15''타이어","현대","휘발유","1580","자동6","22.4","1등급","69"
"렉서스 RC350","토요타","휘발유","3456","자동8","8.9","5등급","200"
"MINI Cooper Clubman","MINI","휘발유","1499","자동6","11.6","3등급","147"
"MINI Cooper S Clubman","MINI","휘발유","1998","자동8","11.7","3등급","146"
"렉서스 NX200t","토요타","휘발유","1998","자동6","9.3","5등급","186"
"렉서스 RC F","토요타","휘발유","4969","자동8","7.9","5등급","222"
"캐딜락 ATS-V","GM","휘발유","3564","자동8","8.1","5등급","221"
"BMW 750Li xDrive","BMW","휘발유","4395","자동8","8.4","5등급","209"
"툰랜드(TUNLAND)","포톤","경유","2776","수동5","9","5등급","217"
"BMW 730d xDrive","BMW","경유","2993","자동8","12.2","3등급","157"
"렉서스 IS200t","토요타","휘발유","1998","자동8","10.2","4등급","170"
"GLC220 d 4Matic","벤츠","경유","2143","자동9","12.9","3등급","148"
"BMW 750Li xDrive","BMW","휘발유","4395","자동8","8.4","5등급","209"
"K5(JF) 2.0LPI 6AT(ISG)(15)","기아","LPG","1999","자동6","9.4","4등급","139"
"K5(JF) 2.0LPI 6MT(15)","기아","LPG","1999","수동6","9.6","4등급","134"
"마칸 S 디젤","포르쉐","경유","2967","자동7","11.3","4등급","171"
"마칸 GTS","포르쉐","휘발유","2997","자동7","7.1","5등급","248"
"아반떼(AD) 1.6LPI (15''/16'' 타이어) (15)","현대","LPG","1591","자동6","10.6","4등급","122"
"짚 레니게이드 2.4","크라이슬러","휘발유","2360","자동9","10","4등급","171"
"EV SAVER(파워테크닉스 세이버 KNCSZ76ADK803665)","파워테크닉스","전기","0","없음","1.6","고속","0"
"카이엔 디젤","포르쉐","경유","2967","자동8","10.8","4등급","187"
"아슬란 3.0GDI","현대","휘발유","2999","자동6","9.5","4등급","188"
"아슬란 3.3GDI","현대","휘발유","3342","자동6","9.5","4등급","188"
"Change","AD모터스","전기","0","없음","4.3","저속","0"
"인피니티 FX35","닛산","휘발유","3498","자동7","7.9","5등급","297"
