모델명,제조(수입사),차종,유형,복합_연비,1회충전주행거리,도심_연비,고속도로_연비,등급
D2P,(주)스마트솔루션즈,화물차,화물,5.2,101,5.5,4.9,초소형
마이브 M1,주식회사 마이브,승용차,기타형,5.5,57,6,5,초소형
포트로(HMT-101),(주)디피코,화물차,기타형,3.8,47,4.7,3.1,초소형
CEVO-C SE,주식회사 쎄보모빌리티,승용차,일반형,6.3,69,6.7,5.8,초소형
포트로 탑(HMT-250T),(주)디피코,화물차,기타형,4.2,69,5.1,3.4,초소형
포트로 픽업(HMT-250P),(주)디피코,화물차,기타형,4.2,69,5.1,3.4,초소형
D2C(D2C13),(주)스마트솔루션즈,화물차,화물,5.4,79,6,4.8,초소형
포텐스,(주)진우에스엠씨,화물차,일반형,4.5,57,5.4,3.8,초소형
CEVO-C SE 1인승 밴형,주식회사 쎄보모빌리티,승용차,일반형,6.3,69,6.7,5.8,초소형
MASADA QQ 2밴,주식회사 이브이케이엠씨,화물차,밴형,6.3,100,6.4,6.1,초소형
베프(VEV),주식회사 마이브,화물차,일반형,6,67,5.9,6.2,초소형
모닝(JA PE)_1.0가솔린_14인치타이어,기아 주식회사,승용차,일반형,15.7,,14.4,17.6,경형
모닝(JA PE)_1.0가솔린_14인치타이어_밴형,기아 주식회사,승용차,일반형,15.7,,14.4,17.6,경형
모닝(JA PE)_1.0가솔린_16인치타이어,기아 주식회사,승용차,일반형,14.7,,13.5,16.3,경형
캐스퍼 1.0T-GDI 4AT 15인치,현대자동차㈜,승용차,일반형,12.8,,11.3,15.2,경형
캐스퍼 1.0T-GDI 4AT 17인치,현대자동차㈜,승용차,일반형,12.3,,11,14.2,경형
캐스퍼 1.0 가솔린 15인치타이어,현대자동차㈜,승용차,일반형,14.3,,13.4,15.5,경형
캐스퍼 1.0 가솔린 17인치타이어,현대자동차㈜,승용차,일반형,13.8,,13,14.8,경형
캐스퍼 1.0 가솔린 15인치타이어_밴형,현대자동차㈜,승용차,일반형,14.3,,13.4,15.5,경형
캐스퍼 1.0T-GDI 4AT 15인치_밴형,현대자동차㈜,승용차,일반형,12.8,,11.3,15.2,경형
레이 1.0 가솔린 1인승 밴형 14인치 타이어,기아 주식회사,승용차,승용겸화물형,13,,12.2,14,경형
모닝(JA PE2)_1.0가솔린_14인치타이어,기아 주식회사,승용차,일반형,15.1,,13.8,16.9,경형
모닝(JA PE2)_1.0가솔린_16인치타이어,기아 주식회사,승용차,일반형,14.7,,13.5,16.3,경형
모닝(JA PE2)_1.0가솔린_14인치타이어_밴형,기아 주식회사,승용차,승용겸화물형,15.1,,13.8,16.9,경형
"모닝 25MY 1.0가솔린 14"" 밴",기아 주식회사,승용차,승용겸화물형,14.7,,13.5,16.3,경형
"모닝 25MY 1.0가솔린 14""",기아 주식회사,승용차,일반형,14.7,,13.5,16.3,경형
"모닝 25MY 1.0가솔린 16""",기아 주식회사,승용차,일반형,14.7,,13.5,16.3,경형
캐스퍼(AX1 PE) 밴 1.0가솔린 15인치,현대자동차㈜,승용차,승용겸화물형,14.3,,13.4,15.5,경형
캐스퍼(AX1 PE) 1.0가솔린 15인치,현대자동차㈜,승용차,일반형,14.3,,13.4,15.5,경형
캐스퍼(AX1 PE) 1.0가솔린 17인치,현대자동차㈜,승용차,일반형,13.8,,13,14.8,경형
캐스퍼(AX1 PE) 밴 1.0T-GDI 15인치,현대자동차㈜,승용차,승용겸화물형,12.8,,11.3,15.2,경형
캐스퍼(AX1 PE) 1.0T-GDI 15인치,현대자동차㈜,승용차,일반형,12.8,,11.3,15.2,경형
캐스퍼(AX1 PE) 1.0T-GDI 17인치,현대자동차㈜,승용차,일반형,12.3,,11,14.2,경형
레이(TAM PE2) 1.0MPI 5인 14인치 25MY,기아 주식회사,승용차,일반형,12.9,,12.2,13.8,경형
레이(TAM PE2)1.0MPI 15인치 25MY,기아 주식회사,승용차,일반형,12.6,,11.9,13.5,경형
레이(TAM PE2) 1.0MPI 1인 14인치 밴 25MY,기아 주식회사,승용차,승용겸화물형,12.9,,12.2,13.8,경형
레이(TAM PE2) 1.0MPI 2인 14인치 밴 25MY,기아 주식회사,승용차,승용겸화물형,12.9,,12.2,13.8,경형
BMW 550e xDrive,BMW코리아㈜,승용차,일반형,14.3,88,13.5,15.4,PHEV
Revuelto,폭스바겐그룹코리아 주식회사,승용차,일반형,7.7,11,6.4,10.3,PHEV
Mercedes-AMG E 53 Hybrid 4MATIC +,메르세데스-벤츠코리아(주),승용차,일반형,12,94,10.9,13.7,PHEV
레인지로버 벨라 P400e,(주)재규어랜드로버코리아,승용차,다목적형,12.7,64,12,13.6,PHEV
Mercedes-AMG S 63 E PERFORMANCE,메르세데스-벤츠코리아(주),승용차,일반형,11.4,40,10.3,13.2,PHEV
파나메라 터보 S E-하이브리드,포르쉐코리아 주식회사,승용차,일반형,11.2,86,10.4,12.5,PHEV
파나메라 터보 S E-하이브리드 (5인승),포르쉐코리아 주식회사,승용차,일반형,11.2,86,10.4,12.5,PHEV
BMW 530e,BMW코리아㈜,승용차,일반형,15.9,102,15.4,16.4,PHEV
Mercedes-Benz E 350 e 4MATIC,메르세데스-벤츠코리아(주),승용차,일반형,15.6,111,14.2,17.7,PHEV
BMW 530e xDrive,BMW코리아㈜,승용차,일반형,14.9,95,14.4,15.6,PHEV
카이엔 터보 E-하이브리드,포르쉐코리아 주식회사,승용차,다목적형,11.2,80,10.6,11.9,PHEV
카이엔 터보 E-하이브리드 Coupe,포르쉐코리아 주식회사,승용차,다목적형,11.2,80,10.6,11.9,PHEV
파나메라 터보 E-하이브리드,포르쉐코리아 주식회사,승용차,일반형,11,82,10.1,12.5,PHEV
카이엔 터보 E-하이브리드 Coupe (5인승),포르쉐코리아 주식회사,승용차,다목적형,11.2,80,10.6,11.9,PHEV
파나메라 터보 E-하이브리드 (5인승),포르쉐코리아 주식회사,승용차,일반형,11,82,10.1,12.5,PHEV
BMW M5,BMW코리아㈜,승용차,일반형,12,87,11.6,12.7,PHEV
BMW 550e xDrive,BMW코리아㈜,승용차,일반형,14.3,89,13.5,15.4,PHEV
볼보 XC90T8 AWD,㈜볼보자동차코리아,승용차,다목적형,15.6,80,15.5,15.7,PHEV
볼보 XC60T8 AWD,㈜볼보자동차코리아,승용차,다목적형,16.8,87,16.6,17.1,PHEV
볼보 S90T8 AWD,㈜볼보자동차코리아,승용차,일반형,18.2,93,18,18.5,PHEV
URUS SE,폭스바겐그룹코리아 주식회사,승용차,다목적형,10.8,75,10.2,11.6,PHEV
더 뉴 레인지로버 P550e SWB,(주)재규어랜드로버코리아,승용차,다목적형,12.2,114,11.5,13.1,PHEV
파나메라 4 E-하이브리드,포르쉐코리아 주식회사,승용차,일반형,12.3,90,11.5,13.5,PHEV
더 뉴 레인지로버 스포츠 P550e,(주)재규어랜드로버코리아,승용차,다목적형,12.2,114,11.5,13.1,PHEV
파나메라 4 E-하이브리드 (5인승),포르쉐코리아 주식회사,승용차,일반형,12.3,90,11.5,13.5,PHEV
짚 랭글러 사하라 4xe,스텔란티스코리아 주식회사,승용차,다목적형,12,49,12.2,11.8,PHEV
Mercedes-AMG S 63 E,메르세데스-벤츠코리아(주),승용차,일반형,11.1,36,10.1,12.7,PHEV
카이엔 터보 E-하이브리드,포르쉐코리아 주식회사,승용차,다목적형,11.1,80,10.6,11.9,PHEV
카이엔 터보 E-하이브리드 Coupe,포르쉐코리아 주식회사,승용차,다목적형,11.1,80,10.6,11.9,PHEV
카이엔 S E-하이브리드 COUPE,포르쉐코리아 주식회사,승용차,다목적형,11.6,80,11.1,12.3,PHEV
카이엔 S E-하이브리드 COUPE (5인승),포르쉐코리아 주식회사,승용차,다목적형,11.6,80,11.1,12.3,PHEV
카이엔 터보 E-하이브리드 Coupe (5인승),포르쉐코리아 주식회사,승용차,다목적형,11.1,80,10.6,11.9,PHEV
카이엔 S E-하이브리드,포르쉐코리아 주식회사,승용차,다목적형,11.6,80,11.1,12.3,PHEV
카이엔 E-하이브리드 COUPE,포르쉐코리아 주식회사,승용차,다목적형,11.7,83,11.3,12.3,PHEV
카이엔 E-하이브리드 COUPE (5인승),포르쉐코리아 주식회사,승용차,다목적형,11.7,83,11.3,12.3,PHEV
카이엔 E-하이브리드,포르쉐코리아 주식회사,승용차,다목적형,11.7,83,11.3,12.3,PHEV
A7 55 TFSI e quattro,폭스바겐그룹코리아 주식회사,승용차,일반형,15.4,66.902,14.5,16.8,PHEV
페라리 SF90 XX Stradale,(주) 에프엠케이,승용차,일반형,10.4,21,10.1,10.8,PHEV
볼보 S90T8 AWD,㈜볼보자동차코리아,승용차,일반형,18.2,93,18,18.5,PHEV
페라리 SF90 XX Spider,(주) 에프엠케이,승용차,일반형,10.4,21,10.1,10.8,PHEV
BMW 530e,BMW코리아㈜,승용차,일반형,15.9,104,15.5,16.4,PHEV
레인지로버 벨라 P400e,(주)재규어랜드로버코리아,승용차,다목적형,12.7,64,12,13.6,PHEV
볼보 XC90T8 AWD,㈜볼보자동차코리아,승용차,다목적형,15.5,80,15.5,15.6,PHEV
BMW XM 50e,BMW코리아㈜,승용차,다목적형,11.1,97,10.7,11.6,PHEV
Mercedes-Benz S 580 e 4MATIC,메르세데스-벤츠코리아(주),승용차,일반형,12.8,93,11.4,14.9,PHEV
Mercedes-Benz GLE 400 e 4MATIC Coupe,메르세데스-벤츠코리아(주),승용차,다목적형,11.8,95,11.5,12.3,PHEV
BMW XM Label,BMW코리아㈜,승용차,다목적형,10,88,9.7,10.4,PHEV
볼보 XC60T8 AWD,㈜볼보자동차코리아,승용차,다목적형,16.8,87,16.6,17.1,PHEV
BMW X5 xDrive50e,BMW코리아㈜,승용차,다목적형,13.1,110,12.4,14.1,PHEV
토요타 Prius PHEV,한국토요타자동차㈜,승용차,일반형,27.5,91,29,25.7,PHEV
렉서스 RX450h+,한국토요타자동차㈜,승용차,다목적형,19.4,79,20.6,18.1,PHEV
BMW 750e xDrive,BMW코리아㈜,승용차,일반형,15,86,14,16.3,PHEV
BMW XM,BMW코리아㈜,승용차,다목적형,10,88,9.7,10.4,PHEV
토요타 RAV4 PHEV,한국토요타자동차㈜,승용차,다목적형,21.7,89,23.1,20.2,PHEV
Mercedes-Benz S580 e 4MATIC,메르세데스-벤츠코리아(주),승용차,일반형,13.8,102,12.5,15.8,PHEV
짚 그랜드 체로키 4xe,스텔란티스코리아 주식회사,승용차,다목적형,12,48,11.4,12.9,PHEV
A7 55 TFSI e quattro,폭스바겐그룹코리아 주식회사,승용차,일반형,15.7,67.192,14.6,17.2,PHEV
짚 그랜드 체로키 4xe,스텔란티스코리아 주식회사,승용차,다목적형,12,48,11.4,12.9,PHEV
페라리 296 GTS,(주) 에프엠케이,승용차,일반형,11,15,9.9,12.7,PHEV
BMW 330e,BMW코리아㈜,승용차,일반형,15.7,59,14.5,17.4,PHEV
BMW 320e,BMW코리아㈜,승용차,일반형,15.7,59,14.5,17.5,PHEV
파나메라 터보 S E-하이브리드 (5인승),포르쉐코리아 주식회사,승용차,일반형,10.5,48,9.6,11.7,PHEV
파나메라 터보 S E-하이브리드,포르쉐코리아 주식회사,승용차,일반형,10.5,48,9.6,11.7,PHEV
렉서스 NX450h+,한국토요타자동차㈜,승용차,다목적형,19.9,80,21,18.7,PHEV
페라리 296 GTB,(주) 에프엠케이,승용차,일반형,11.7,17,10.6,13.5,PHEV
Mercedes-Benz GLC300 e 4MATIC Coupe,메르세데스-벤츠코리아(주),승용차,다목적형,13.3,42,12.9,13.7,PHEV
"Mercedes-Benz E300 e 4MATIC	",메르세데스-벤츠코리아(주),승용차,일반형,14.4,47,13.6,15.5,PHEV
BMW 320e,BMW코리아㈜,승용차,일반형,15.8,56,14.7,17.4,PHEV
"Mercedes-Benz GLE350 e 4MATIC	",메르세데스-벤츠코리아(주),승용차,다목적형,12.5,95,12.2,13,PHEV
Mercedes-Benz GLE350 e 4MATIC Coupe,메르세데스-벤츠코리아(주),승용차,다목적형,12.3,95,11.9,12.8,PHEV
"Mercedes-Benz GLC300 e 4MATIC	",메르세데스-벤츠코리아(주),승용차,다목적형,12.8,40,12.6,13,PHEV
BMW X3 xDrive30e,BMW코리아㈜,승용차,다목적형,13.4,49,12.3,14.9,PHEV
페라리 SF90 Spider,(주) 에프엠케이,승용차,일반형,10.9,22,10.3,11.8,PHEV
페라리 SF90 Spider Assetto Fiorano,(주) 에프엠케이,승용차,일반형,10.9,22,10.3,11.8,PHEV
Mercedes-Benz GLE350 e 4MATIC ,메르세데스-벤츠코리아(주),승용차,다목적형,12.6,95,12.4,12.8,PHEV
"Mercedes-Benz GLE350 e 4MATIC Coupe	",메르세데스-벤츠코리아(주),승용차,다목적형,12.6,95,12.4,12.8,PHEV
Mercedes-Benz C300 e 4MATIC,메르세데스-벤츠코리아(주),승용차,일반형,14.8,43,14,15.9,PHEV
짚 랭글러 사하라 4xe,스텔란티스코리아 주식회사,승용차,다목적형,12.7,46,12.7,12.7,PHEV
파나메라 4 E-하이브리드,포르쉐코리아 주식회사,승용차,일반형,12,57,11.1,13.5,PHEV
파나메라 4 E-하이브리드 (5인승),포르쉐코리아 주식회사,승용차,일반형,12,57,11.1,13.5,PHEV
Mercedes-Benz E 300 e 4MATIC FL,메르세데스-벤츠코리아(주),승용차,일반형,13.8,43,12.7,15.3,PHEV
Mercedes-Benz GLC300 e 4MATIC,메르세데스-벤츠코리아(주),승용차,다목적형,12.6,36,12.3,13,PHEV
Mercedes-Benz GLC300 e 4MATIC Coupe,메르세데스-벤츠코리아(주),승용차,다목적형,12.6,36,12.3,13,PHEV
페라리 SF90 Stradale,(주) 에프엠케이,승용차,일반형,11.1,22,10.5,12,PHEV
페라리 SF90 Stradale Assetto Fiorano,(주) 에프엠케이,승용차,일반형,11.1,22,10.5,12,PHEV
Explorer 3.0 PHEV,포드세일즈서비스코리아(유),승용차,다목적형,12.7,43,12,13.7,PHEV
Lincoln Aviator 3.0 PHEV,포드세일즈서비스코리아(유),승용차,다목적형,12.7,43,12,13.7,PHEV
BMW 330e,BMW코리아㈜,승용차,일반형,16.7,58,15.3,18.8,PHEV
BMW X5 xDrive45e iPerformance,BMW코리아㈜,승용차,다목적형,11.4,77,11,12,PHEV
Mercedes-Benz E 300 e 4MATIC,메르세데스-벤츠코리아(주),승용차,일반형,13.8,43,15.3,15.3,PHEV
Mercedes-Benz S 560 e,메르세데스-벤츠코리아(주),승용차,일반형,13.7,45,12.8,15,PHEV
토요타 Prius Prime,한국토요타자동차㈜,승용차,일반형,30.6,57,33.2,28,PHEV
Mercedes-Benz S 560 e,메르세데스-벤츠코리아(주),승용차,일반형,13.7,45,12.8,15,PHEV
E300e,메르세데스-벤츠코리아(주),승용차,일반형,13.9,42,13.1,15.1,PHEV
아이오닉 1.6GDI 플러그인하이브리드 개조차_6DCT,현대자동차㈜,승용차,일반형,28.3,66,29.1,27.5,PHEV
넥쏘 19인치 24MY,현대자동차㈜,승용차,다목적형,93.7,,98.9,88,FCEV
넥쏘 17인치 24MY,현대자동차㈜,승용차,다목적형,96.2,,99.5,92.6,FCEV
BMW X6 M Competition,BMW코리아㈜,승용차,다목적형,6.8,,6,8.2,5등급
Huracan EVO Spyder RWD,폭스바겐그룹코리아 주식회사,승용차,일반형,5.8,,5.1,7,5등급
BMW X5 xDrive40i,BMW코리아㈜,승용차,다목적형,8,,7.3,9,5등급
BMW M8 Gran Coupe,BMW코리아㈜,승용차,일반형,7.3,,6.4,8.9,5등급
GV80 2.5T-GDI AWD 5인 19인치타이어 (빌트인캠),현대자동차㈜,승용차,다목적형,8.8,,7.9,10,5등급
GV80 2.5T-GDI AWD 5인 19인치타이어,현대자동차㈜,승용차,다목적형,9,,8,10.4,5등급
GV80 2.5T-GDI AWD 5인 20인치타이어,현대자동차㈜,승용차,다목적형,8.6,,7.8,9.8,5등급
GV80 2.5T-GDI AWD 7인 20인치타이어,현대자동차㈜,승용차,다목적형,8.5,,7.6,9.8,5등급
GV80 2.5T-GDI 2WD 5인 22인치타이어,현대자동차㈜,승용차,다목적형,9.1,,8.2,10.4,5등급
GV80 2.5T-GDI 2WD 5인 20인치타이어,현대자동차㈜,승용차,다목적형,9.1,,8.2,10.4,5등급
GV80 2.5T-GDI 2WD 7인 20인치타이어,현대자동차㈜,승용차,다목적형,9.1,,8.2,10.4,5등급
GV80 3.5T-GDI AWD 5인 20인치타이어 (빌트인캠),현대자동차㈜,승용차,다목적형,7.8,,6.9,9.1,5등급
GV80 3.5T-GDI AWD 5인 22인치타이어,현대자동차㈜,승용차,다목적형,7.8,,6.9,9.1,5등급
GV80 3.5T-GDI AWD 7인 20인치타이어,현대자동차㈜,승용차,다목적형,7.8,,6.9,9.1,5등급
GV80 3.5T-GDI 2WD 7인 20인치타이어,현대자동차㈜,승용차,다목적형,8.4,,7.4,9.9,5등급
GV80 3.5T-GDI 2WD 5인 20인치타이어 (빌트인캠),현대자동차㈜,승용차,다목적형,8.4,,7.4,9.9,5등급
GV80 3.5T-GDI AWD 5인 20인치타이어,현대자동차㈜,승용차,다목적형,8,,7.1,9.3,5등급
GV80 3.5T-GDI 2WD 7인 22인치타이어,현대자동차㈜,승용차,다목적형,8.2,,7.3,9.6,5등급
GV80 3.5T-GDI 2WD 5인 22인치타이어,현대자동차㈜,승용차,다목적형,8.4,,7.4,9.9,5등급
GV80 3.5T-GDI AWD 7인 22인치타이어,현대자동차㈜,승용차,다목적형,7.8,,6.9,9.1,5등급
GV80 3.5T-GDI 2WD 5인 20인치타이어,현대자동차㈜,승용차,다목적형,8.6,,7.7,10.1,5등급
GV80 2.5T-GDI AWD 7인 22인치타이어,현대자동차㈜,승용차,다목적형,8.5,,7.6,9.8,5등급
GV80 2.5T-GDI AWD 7인 19인치타이어 (빌트인캠),현대자동차㈜,승용차,다목적형,8.8,,7.9,10,5등급
GV80 2.5T-GDI AWD 7인 19인치타이어,현대자동차㈜,승용차,다목적형,9,,8,10.4,5등급
GV80 2.5T-GDI AWD 5인 22인치타이어,현대자동차㈜,승용차,다목적형,8.6,,7.8,9.8,5등급
GV80 2.5T-GDI 2WD 7인 22인치타이어,현대자동차㈜,승용차,다목적형,9.1,,8.2,10.4,5등급
GV80 2.5T-GDI 2WD 7인 19인치타이어,현대자동차㈜,승용차,다목적형,9.3,,8.4,10.7,5등급
BMW X6 M,BMW코리아㈜,승용차,다목적형,6.8,,6,8.2,5등급
페라리 812 GTS,(주) 에프엠케이,승용차,일반형,5.3,,4.7,6.3,5등급
Mercedes-AMG G 63,메르세데스-벤츠코리아(주),승용차,다목적형,5.9,,5.6,6.4,5등급
X5 M Competition,BMW코리아㈜,승용차,다목적형,6.7,,5.9,7.9,5등급
Mercedes-Benz S 450 4MATIC,메르세데스-벤츠코리아(주),승용차,일반형,8.5,,7.4,10.4,5등급
Mercedes-Benz S 450 4MATIC Coupe,메르세데스-벤츠코리아(주),승용차,일반형,8.3,,7.2,10.2,5등급
Mercedes-AMG C 63 S Coupe,메르세데스-벤츠코리아(주),승용차,일반형,8,,7,9.6,5등급
BMW M2 CS,BMW코리아㈜,승용차,일반형,8.7,,7.8,10.2,5등급
Mercedes-AMG C 43 4MATIC Coupe,메르세데스-벤츠코리아(주),승용차,일반형,8.7,,7.7,10.6,5등급
Mercedes-AMG S 63 4MATIC Coupe,메르세데스-벤츠코리아(주),승용차,일반형,7.4,,6.5,8.7,5등급
Mercedes-AMG C 43 4MATIC,메르세데스-벤츠코리아(주),승용차,일반형,8.7,,7.7,10.3,5등급
Mercedes-AMG GLC 43 4MATIC Coupe,메르세데스-벤츠코리아(주),승용차,다목적형,8.1,,7.3,9.4,5등급
Mercedes-Benz S 450 4MATIC(4인승),메르세데스-벤츠코리아(주),승용차,일반형,8.5,,7.4,10.4,5등급
Lincoln Corsair 2.0,포드세일즈서비스코리아(유),승용차,다목적형,9.2,,8,11.3,5등급
ODYSSEY,혼다코리아(주),승용차,일반형,9,,7.7,11.2,5등급
Lincoln Corsair 2.0 (19인치),포드세일즈서비스코리아(유),승용차,다목적형,9.2,,8,11.3,5등급
BMW X5 M,BMW코리아㈜,승용차,다목적형,6.7,,5.9,7.9,5등급
Mercedes-Benz E 450 4MATIC Cabriolet,메르세데스-벤츠코리아(주),승용차,일반형,8.9,,7.8,10.8,5등급
Mercedes-AMG CLS 53 4MATIC +,메르세데스-벤츠코리아(주),승용차,일반형,9.2,,8.4,10.5,5등급
Mercedes-Benz GLS 580 4MATIC,메르세데스-벤츠코리아(주),승용차,다목적형,7.3,,6.7,8.1,5등급
"SM6 2.0 LPLi New (19"" Tire)",르노코리아 주식회사,승용차,일반형,9.2,,8.2,10.7,5등급
Mercedes-Benz GLE 450 4MATIC,메르세데스-벤츠코리아(주),승용차,다목적형,8.7,,8.2,9.4,5등급
Mercedes-AMG GLC 43 4MATIC,메르세데스-벤츠코리아(주),승용차,다목적형,8.3,,7.5,9.6,5등급
Mercedes-Benz GLE 450 4MATIC,메르세데스-벤츠코리아(주),승용차,다목적형,8.7,,8.2,9.4,5등급
Mercedes-AMG GLC 63 S 4MATIC + Coupe,메르세데스-벤츠코리아(주),승용차,다목적형,7,,6.1,8.4,5등급
A8 L 60 TFSI quattro,폭스바겐그룹코리아 주식회사,승용차,일반형,7.7,,6.7,9.6,5등급
BMW X4 M40i,BMW코리아㈜,승용차,다목적형,8.7,,7.8,10.1,5등급
BMW X3 M40i,BMW코리아㈜,승용차,다목적형,8.7,,7.8,10.1,5등급
BMW X5 M50i,BMW코리아㈜,승용차,다목적형,6.6,,5.9,7.7,5등급
"Lincoln Nautilus 2.7 AWD (21"" wheel)",포드세일즈서비스코리아(유),승용차,다목적형,8.8,,7.6,11,5등급
BMW X6 M50i,BMW코리아㈜,승용차,다목적형,7,,6.2,8.1,5등급
911 카레라 S,포르쉐코리아 주식회사,승용차,일반형,8.3,,7.4,9.8,5등급
911 카레라 4S 카브리올레,포르쉐코리아 주식회사,승용차,일반형,8.1,,7.1,9.6,5등급
911 카레라,포르쉐코리아 주식회사,승용차,일반형,8.5,,7.6,10,5등급
911 카레라 4,포르쉐코리아 주식회사,승용차,일반형,8.2,,7.3,9.6,5등급
911 카레라 S 카브리올레,포르쉐코리아 주식회사,승용차,일반형,8.3,,7.4,9.8,5등급
911 카레라 4S,포르쉐코리아 주식회사,승용차,일반형,8.1,,7.1,9.6,5등급
911 카레라 4 카브리올레,포르쉐코리아 주식회사,승용차,일반형,8.2,,7.3,9.6,5등급
카니발 3.5GDI 7인 19인치타이어,기아 주식회사,승용차,기타형,8.9,,7.8,10.8,5등급
카니발 3.5GDI 7인 19인치타이어(빌트인캠),기아 주식회사,승용차,기타형,8.9,,7.8,10.8,5등급
카니발 3.5GDI 9인 18인치/19인치타이어,기아 주식회사,승용차,기타형,9.1,,8,11,5등급
카니발 3.5GDI 9인 18인치/19인치타이어 (빌트인캠),기아 주식회사,승용차,기타형,9.1,,8,10.9,5등급
페라리 Roma,(주) 에프엠케이,승용차,일반형,7.4,,6.5,9.1,5등급
카니발 3.5GDI 11인 18인치타이어,기아 주식회사,승합차,일반형,9.1,,8,11,5등급
카니발 3.5GDI 11인 18인치타이어(빌트인캠),기아 주식회사,승합차,일반형,9.1,,8,10.9,5등급
911 타르가 4S,포르쉐코리아 주식회사,승용차,일반형,8.1,,7.1,9.6,5등급
911 카레라 카브리올레,포르쉐코리아 주식회사,승용차,일반형,8.5,,7.6,10,5등급
911 타르가 4,포르쉐코리아 주식회사,승용차,일반형,8.2,,7.3,9.6,5등급
BMW X7 M50i,BMW코리아㈜,승용차,다목적형,6.5,,5.8,7.6,5등급
BMW M5 Competition Package,BMW코리아㈜,승용차,일반형,7.6,,6.6,9.2,5등급
CHEVROLET COLORADO AWD,한국지엠주식회사,화물차,일반형,8.1,,7.1,9.8,5등급
CHEVROLET COLORADO RWD,한국지엠주식회사,화물차,일반형,8.3,,7.3,10.1,5등급
BMW X7 M50i,BMW코리아㈜,승용차,다목적형,6.5,,5.8,7.6,5등급
스팅어(CK PE) 3.3T-GDI 2WD_19인치(썸머),기아 주식회사,승용차,일반형,8.8,,7.9,10.2,5등급
스팅어(CK PE) 3.3T-GDI 2WD_19인치(올시즌),기아 주식회사,승용차,일반형,9,,7.9,10.7,5등급
스팅어(CK PE) 3.3T-GDI AWD_19인치(썸머),기아 주식회사,승용차,일반형,8.4,,7.4,10,5등급
스팅어(CK PE) 3.3T-GDI AWD_19인치(올시즌),기아 주식회사,승용차,일반형,8.5,,7.5,10.2,5등급
BMW X5 xDrive40i,BMW코리아㈜,승용차,다목적형,8.1,,7.5,9.1,5등급
BMW 630i xDrive,BMW코리아㈜,승용차,일반형,9.3,,8.2,11,5등급
911 터보 S,포르쉐코리아 주식회사,승용차,일반형,6.8,,6.1,8.1,5등급
BMW M5,BMW코리아㈜,승용차,일반형,7.6,,6.6,9.2,5등급
짚 글래디에이터,스텔란티스코리아 주식회사,화물차,화물,6.5,,5.9,7.3,5등급
Mercedes-AMG E53 4MATIC + Coupe,메르세데스-벤츠코리아(주),승용차,일반형,9.2,,8.4,10.5,5등급
Mercedes-AMG CLA45 S 4MATIC,메르세데스-벤츠코리아(주),승용차,일반형,9,,7.8,10.9,5등급
G70(IK PE) 3.3T-GDI 2WD 19인치(썸머)_SP,현대자동차㈜,승용차,일반형,9.1,,8,10.8,5등급
G70(IK PE) 3.3T-GDI AWD 19인치(썸머),현대자동차㈜,승용차,일반형,8.5,,7.4,10.3,5등급
G70(IK PE)3.3T-GDI AWD 19인치(올시즌),현대자동차㈜,승용차,일반형,8.9,,7.7,10.8,5등급
G70(IK PE) 3.3T-GDI 2WD 19인치(썸머),현대자동차㈜,승용차,일반형,9.1,,8,10.8,5등급
G70(IK PE) 3.3T-GDI AWD 19인치(썸머)_SP,현대자동차㈜,승용차,일반형,8.5,,7.4,10.3,5등급
G70(IK PE) 3.3T-GDI AWD 19인치(올시즌)_SP,현대자동차㈜,승용차,일반형,8.9,,7.7,10.8,5등급
Mercedes-AMG E53 4MATIC +,메르세데스-벤츠코리아(주),승용차,일반형,9.2,,8.4,10.5,5등급
Rolls Royce Ghost EWB,BMW코리아㈜,승용차,일반형,5.8,,4.9,7.7,5등급
Rolls Royce Ghost,BMW코리아㈜,승용차,일반형,5.7,,4.8,7.3,5등급
G70(IK PE) 2.0T-GDI AWD 19인치(썸머)_SP,현대자동차㈜,승용차,일반형,9.3,,8.1,11.2,5등급
G70(IK PE) 2.0T-GDI AWD 19인치(썸머),현대자동차㈜,승용차,일반형,9.3,,8.1,11.2,5등급
Rolls Royce Ghost EWB,BMW코리아㈜,승용차,일반형,5.8,,4.9,7.7,5등급
Rolls Royce Ghost,BMW코리아㈜,승용차,일반형,5.7,,4.8,7.3,5등급
마세라티 르반떼 GTS,스텔란티스코리아 주식회사,승용차,다목적형,5.8,,5.1,7,5등급
마세라티 르반떼 트로페오,스텔란티스코리아 주식회사,승용차,다목적형,5.8,,5.1,7,5등급
Mercedes-AMG GT-C Roadster,메르세데스-벤츠코리아(주),승용차,일반형,7,,6.2,8.3,5등급
Mercedes-AMG GT,메르세데스-벤츠코리아(주),승용차,일반형,7,,6.2,8.3,5등급
A8 L 55 TFSI quattro,폭스바겐그룹코리아 주식회사,승용차,일반형,8.7,,7.5,10.9,5등급
짚 글래디에이터,스텔란티스코리아 주식회사,화물차,화물,6.5,,5.9,7.3,5등급
GV70 3.5T-GDI AWD 19인치(빌트인캠),현대자동차㈜,승용차,다목적형,8.5,,7.4,10.2,5등급
GV70 3.5T-GDI AWD 19인치,현대자동차㈜,승용차,다목적형,8.6,,7.5,10.3,5등급
GV70 2.5T-GDI AWD 21인치,현대자동차㈜,승용차,다목적형,9.2,,8.2,10.7,5등급
GV70 3.5T-GDI AWD 21인치,현대자동차㈜,승용차,다목적형,8.3,,7.3,9.9,5등급
GV70 2.5T-GDI AWD 21인치 (스포츠패키지),현대자동차㈜,승용차,다목적형,9.2,,8.2,10.7,5등급
GV70 3.5T-GDI AWD 21인치[썸머](스포츠패키지),현대자동차㈜,승용차,다목적형,8.2,,7.2,9.7,5등급
GV70 3.5T-GDI AWD 21인치 (스포츠패키지),현대자동차㈜,승용차,다목적형,8.3,,7.3,9.9,5등급
카니발 3.5GDI 하이리무진 7인승 19인치,기아 주식회사,승용차,기타형,8.4,,7.4,10,5등급
카니발 3.5GDI 하이리무진 4인승 (19인치/20인치),기아 주식회사,승용차,기타형,8.4,,7.4,10,5등급
파워프라자 봉고3ev PEACE 더블캡,(주)파워프라자,화물차,화물,2,85,2,2.1,5등급
Mercedes-AMG S63 4MATIC Coupe,메르세데스-벤츠코리아(주),승용차,일반형,7.3,,6.5,8.7,5등급
카니발 3.5GDI 하이리무진 9인승 19인치,기아 주식회사,승용차,기타형,8.7,,7.6,10.5,5등급
Mercedes-Benz E 450 4MATIC Coupe,메르세데스-벤츠코리아(주),승용차,일반형,9.1,,8,11.2,5등급
Mercedes-Benz E450 4MATIC Cabriolet ,메르세데스-벤츠코리아(주),승용차,일반형,9.1,,8,11.2,5등급
Mercedes-Benz E 450 4MATIC,메르세데스-벤츠코리아(주),승용차,일반형,9.1,,8,11.2,5등급
SQ5 TFSI,폭스바겐그룹코리아 주식회사,승용차,다목적형,8.6,,7.6,10.5,5등급
718 카이맨 GTS 4.0,포르쉐코리아 주식회사,승용차,일반형,8.4,,7.5,9.7,5등급
718 박스터 GTS 4.0,포르쉐코리아 주식회사,승용차,일반형,8.4,,7.5,9.7,5등급
RS 7,폭스바겐그룹코리아 주식회사,승용차,일반형,7.4,,6.2,9.5,5등급
Mercedes-AMG GT-R,메르세데스-벤츠코리아(주),승용차,일반형,7,,6.2,8.3,5등급
Mercedes-AMG A45 4MATIC,메르세데스-벤츠코리아(주),승용차,일반형,9,,7.8,10.9,5등급
RS 5 Sportback,폭스바겐그룹코리아 주식회사,승용차,일반형,8.6,,7.4,10.7,5등급
RS 6 Avant,폭스바겐그룹코리아 주식회사,승용차,일반형,7,,6.1,8.6,5등급
Mercedes-AMG C63 S Coupe,메르세데스-벤츠코리아(주),승용차,일반형,8.3,,7.2,10.1,5등급
Mercedes-AMG GT63 S 4MATIC+,메르세데스-벤츠코리아(주),승용차,일반형,7.2,,6.4,8.5,5등급
Mercedes-AMG GT63 S 4MATIC+ (5 seater),메르세데스-벤츠코리아(주),승용차,일반형,7.2,,6.4,8.5,5등급
BMW M4 Competition,BMW코리아㈜,승용차,일반형,8.3,,7.3,10.2,5등급
BMW M3 Competition,BMW코리아㈜,승용차,일반형,8.3,,7.3,10,5등급
모하비 3.0 디젤 4WD 6인 20인치타이어 (21),기아 주식회사,승용차,다목적형,9.2,,8.2,10.8,5등급
모하비 3.0 디젤 4WD 5인 20인치타이어 (21),기아 주식회사,승용차,다목적형,9.3,,8.3,10.8,5등급
모하비 3.0 디젤 4WD 7인 20인치타이어 (21),기아 주식회사,승용차,다목적형,9.2,,8.2,10.8,5등급
모하비 3.0 디젤 4WD 7인 18인치타이어 (21),기아 주식회사,승용차,다목적형,9.3,,8.2,11,5등급
Ranger Raptor,포드세일즈서비스코리아(유),화물차,화물,8.9,,8.4,9.5,5등급
Mercedes-Benz GLC300 4MATIC,메르세데스-벤츠코리아(주),승용차,다목적형,9.2,,8.5,10.3,5등급
Mercedes-AMG G63,메르세데스-벤츠코리아(주),승용차,다목적형,5.7,,5.4,6.3,5등급
Mercedes-Benz GLC300 4MATIC Coupe,메르세데스-벤츠코리아(주),승용차,다목적형,9.2,,8.5,10.3,5등급
Flying Spur V8,폭스바겐그룹코리아 주식회사,승용차,일반형,6.8,,5.9,8.3,5등급
Mercedes-AMG G63(Standard),메르세데스-벤츠코리아(주),승용차,다목적형,5.7,,5.4,6.3,5등급
RS Q8,폭스바겐그룹코리아 주식회사,승용차,다목적형,6.6,,5.8,8.2,5등급
플러스(PLUS),(주) 한신자동차,화물차,일반형,2.5,194,2.5,2.6,5등급
마세라티 기블리 트로페오,스텔란티스코리아 주식회사,승용차,일반형,6.5,,5.6,8.2,5등급
SQ5 Sportback TFSI,폭스바겐그룹코리아 주식회사,승용차,다목적형,8.9,,7.8,10.7,5등급
렉서스 LS500 AWD,한국토요타자동차㈜,승용차,일반형,7.9,,6.5,10.7,5등급
Explorer 3.0,포드세일즈서비스코리아(유),승용차,다목적형,8.3,,7.2,10.2,5등급
K8 3.5 LPI 18인치,기아 주식회사,승용차,일반형,7.7,,6.6,9.6,5등급
K8 3.5 LPI 17인치,기아 주식회사,승용차,일반형,8,,6.8,10,5등급
Mercedes-AMG C43 4MATIC Coupe,메르세데스-벤츠코리아(주),승용차,일반형,8.6,,7.6,10.3,5등급
캐딜락 Escalade,지엠아시아퍼시픽지역본부 주식회사,승용차,다목적형,6.5,,5.8,7.8,5등급
ODYSSEY,혼다코리아(주),승용차,일반형,9,,7.7,11.2,5등급
렉서스 LC500 Convertible,한국토요타자동차㈜,승용차,일반형,7.5,,6.1,10.5,5등급
페라리 Portofino M,(주) 에프엠케이,승용차,일반형,7.6,,6.5,9.8,5등급
K8 3.5 GDI AWD 19인치,기아 주식회사,승용차,일반형,9.3,,7.9,12,5등급
"Mercedes-Benz G400 d	",메르세데스-벤츠코리아(주),승용차,다목적형,8.4,,8.2,8.7,5등급
"Mercedes-AMG GLA45 4MATIC	",메르세데스-벤츠코리아(주),승용차,다목적형,8.6,,7.8,10,5등급
레인지로버 벨라 P250,(주)재규어랜드로버코리아,승용차,다목적형,8.6,,8,9.5,5등급
"Mercedes-AMG GLE53 4MATIC+	",메르세데스-벤츠코리아(주),승용차,다목적형,8.3,,7.7,9,5등급
"Mercedes-Benz GLE450 4MATIC (5 Seater)	",메르세데스-벤츠코리아(주),승용차,다목적형,8.3,,7.7,9,5등급
Mercedes-Benz GLE450 4MATIC,메르세데스-벤츠코리아(주),승용차,다목적형,8.3,,7.7,9,5등급
Mercedes-AMG GLE53 4MATIC+ Coupe,메르세데스-벤츠코리아(주),승용차,다목적형,8.3,,7.7,9,5등급
"Mercedes-AMG GT43 4MATIC+	",메르세데스-벤츠코리아(주),승용차,일반형,8.6,,7.9,9.5,5등급
Bentayga V8,폭스바겐그룹코리아 주식회사,승용차,다목적형,6.7,,6,7.8,5등급
Lincoln Navigator 3.5,포드세일즈서비스코리아(유),승용차,다목적형,7.2,,6.4,8.6,5등급
Expedition 3.5,포드세일즈서비스코리아(유),승용차,다목적형,7.4,,6.6,8.8,5등급
"Mercedes-Benz S580 4MATIC	",메르세데스-벤츠코리아(주),승용차,일반형,7.9,,6.8,9.9,5등급
Mercedes-Maybach GLS600,메르세데스-벤츠코리아(주),승용차,다목적형,6.6,,6,7.7,5등급
BMW M5 CS,BMW코리아㈜,승용차,일반형,7.7,,6.8,9.2,5등급
Mercedes-Benz GLS580 4MATIC,메르세데스-벤츠코리아(주),승용차,다목적형,6.6,,6,7.7,5등급
Mercedes-Maybach GLS600 (4 Seater),메르세데스-벤츠코리아(주),승용차,다목적형,6.6,,6,7.7,5등급
Bentayga V8,폭스바겐그룹코리아 주식회사,승용차,다목적형,6.7,,6,7.8,5등급
e-tron Sportback 55 quattro,폭스바겐그룹코리아 주식회사,승용차,다목적형,3.1,304,3.1,3.2,5등급
디스커버리 P360,(주)재규어랜드로버코리아,승용차,다목적형,7.5,,6.8,8.5,5등급
스타리아 3.5LPI 2WD 11인 18인치 (빌트인캠),현대자동차㈜,승합차,일반형,6.7,,6,7.8,5등급
스타리아 3.5LPI 2WD 9인 17인치 (빌트인캠),현대자동차㈜,승용차,기타형,6.7,,5.9,7.9,5등급
스타리아 3.5LPI 2WD 9인 17인치,현대자동차㈜,승용차,기타형,6.7,,6,8,5등급
스타리아 라운지 3.5LPI 2WD 7인 18인치,현대자동차㈜,승용차,기타형,6.7,,6,7.7,5등급
스타리아 라운지 3.5LPI 2WD 7인 18인치 (빌트인캠),현대자동차㈜,승용차,기타형,6.6,,5.9,7.7,5등급
스타리아 라운지 3.5LPI 2WD 9인 18인치 (빌트인캠),현대자동차㈜,승용차,기타형,6.5,,5.8,7.7,5등급
스타리아 3.5LPI 5밴 8AT,현대자동차㈜,화물차,밴형,7,,6.2,8.2,5등급
스타리아 3.5LPI 5밴 8AT (빌트인캠),현대자동차㈜,화물차,밴형,6.9,,6.1,8.2,5등급
"Mercedes-Maybach S580 4MATIC	",메르세데스-벤츠코리아(주),승용차,일반형,7.9,,6.8,9.9,5등급
스타리아 3.5LPI 3밴 8AT,현대자동차㈜,화물차,밴형,7,,6.2,8.2,5등급
스타리아 3.5LPI 3밴 8AT (빌트인캠),현대자동차㈜,화물차,밴형,6.9,,6.1,8.2,5등급
스타리아 3.5LPI 2WD 11인 17인치,현대자동차㈜,승합차,일반형,6.7,,6,7.8,5등급
스타리아 3.5LPI 2WD 11인 17인치 (빌트인캠),현대자동차㈜,승합차,일반형,6.7,,6,7.8,5등급
스타리아 3.5LPI 2WD 11인 18인치,현대자동차㈜,승합차,일반형,6.7,,6,7.8,5등급
스타리아 3.5LPI 2WD 9인 18인치,현대자동차㈜,승용차,기타형,6.7,,6,7.7,5등급
스타리아 3.5LPI 2WD 9인 18인치 (빌트인캠),현대자동차㈜,승용차,기타형,6.6,,5.9,7.7,5등급
스타리아 라운지 3.5LPI 2WD 9인 18인치,현대자동차㈜,승용차,기타형,6.5,,5.8,7.7,5등급
Mercedes-Maybach S580 4MATIC (4 Seater),메르세데스-벤츠코리아(주),승용차,일반형,7.9,,6.8,9.9,5등급
K9 PE 3.3GDI 2WD 18인치,기아 주식회사,승용차,일반형,9.1,,7.9,11.2,5등급
K9 PE 3.3GDI 2WD 19인치,기아 주식회사,승용차,일반형,8.7,,7.6,10.6,5등급
K9 PE 3.3GDI AWD 18인치,기아 주식회사,승용차,일반형,8.5,,7.5,10.1,5등급
K9 PE 3.3GDI AWD 19인치,기아 주식회사,승용차,일반형,8.4,,7.3,10.1,5등급
K9 PE 3.3T-GDI 2WD 19인치,기아 주식회사,승용차,일반형,8.7,,7.4,10.9,5등급
K9 PE 3.3T-GDI AWD 19인치,기아 주식회사,승용차,일반형,8.1,,7,10.1,5등급
Expedition 3.5 (8인승),포드세일즈서비스코리아(유),승용차,다목적형,7.4,,6.6,8.8,5등급
Lincoln Navigator 3.5 (8인승),포드세일즈서비스코리아(유),승용차,다목적형,7.2,,6.4,8.6,5등급
캐딜락 Escalade(8인승),지엠아시아퍼시픽지역본부 주식회사,승용차,다목적형,6.5,,5.8,7.8,5등급
K9 PE 3.8GDI 2WD 18인치(빌트인캠),기아 주식회사,승용차,일반형,8.8,,7.6,10.8,5등급
K9 PE 3.8GDI 2WD 19인치(빌트인캠),기아 주식회사,승용차,일반형,8.6,,7.5,10.5,5등급
K9 PE 3.8GDI AWD 18인치(빌트인캠),기아 주식회사,승용차,일반형,8.2,,7,10.3,5등급
K9 PE 3.8GDI AWD 19인치(빌트인캠),기아 주식회사,승용차,일반형,8.2,,7.2,10,5등급
K9 PE 3.8GDI 2WD 18인치,기아 주식회사,승용차,일반형,9,,7.8,11,5등급
K9 PE 3.8GDI 2WD 19인치,기아 주식회사,승용차,일반형,8.8,,7.6,10.7,5등급
K9 PE 3.8GDI AWD 18인치,기아 주식회사,승용차,일반형,8.4,,7.3,10.3,5등급
K9 PE 3.8GDI AWD 19인치,기아 주식회사,승용차,일반형,8.3,,7.3,10.1,5등급
K9 PE 3.3GDI 2WD 18인치(빌트인캠),기아 주식회사,승용차,일반형,9,,7.8,11,5등급
K9 PE 3.3GDI 2WD 19인치(빌트인캠),기아 주식회사,승용차,일반형,8.6,,7.5,10.4,5등급
K9 PE 3.3GDI AWD 18인치(빌트인캠),기아 주식회사,승용차,일반형,8.4,,7.4,10,5등급
K9 PE 3.3GDI AWD 19인치(빌트인캠),기아 주식회사,승용차,일반형,8.3,,7.1,10.3,5등급
K9 PE 3.3T-GDI 2WD 19인치(빌트인캠),기아 주식회사,승용차,일반형,8.6,,7.4,10.6,5등급
K9 PE 3.3T-GDI AWD 19인치(빌트인캠),기아 주식회사,승용차,일반형,8,,6.8,10,5등급
플러스2.0(카고),(주) 한신자동차,화물차,일반형,2.5,165,2.7,2.2,5등급
짚 그랜드 체로키 L,스텔란티스코리아 주식회사,승용차,다목적형,7.7,,6.7,9.4,5등급
짚 그랜드 체로키 L,스텔란티스코리아 주식회사,승용차,다목적형,7.7,,6.7,9.4,5등급
레인지로버 벨라 P400,(주)재규어랜드로버코리아,승용차,다목적형,8.9,,8,10.4,5등급
G80 3.5T-GDI AWD 20인치 (SP 다이내믹),현대자동차㈜,승용차,일반형,8.3,,7.2,10.2,5등급
G80 3.5T-GDI AWD 20인치 (SP),현대자동차㈜,승용차,일반형,8.3,,7.2,10.2,5등급
G80 3.5T-GDI AWD 20인치 (22MY),현대자동차㈜,승용차,일반형,8.3,,7.2,10.2,5등급
G80 3.5T-GDI 2WD 20인치 (SP 다이내믹),현대자동차㈜,승용차,일반형,8.8,,7.6,11.1,5등급
G80 3.5T-GDI 2WD 20인치 (SP),현대자동차㈜,승용차,일반형,8.9,,7.8,10.7,5등급
G80 3.5T-GDI 2WD 20인치 (22MY),현대자동차㈜,승용차,일반형,9,,7.8,11.2,5등급
Huracan STO,폭스바겐그룹코리아 주식회사,승용차,일반형,6.3,,5.6,7.4,5등급
마세라티 콰트로포르테 트로페오,스텔란티스코리아 주식회사,승용차,일반형,6,,5.5,6.8,5등급
디펜더 110 P400,(주)재규어랜드로버코리아,승용차,다목적형,6.9,,6.2,7.9,5등급
Q7 55 TFSI quattro,폭스바겐그룹코리아 주식회사,승용차,다목적형,8.4,,7.5,10,5등급
Mercedes-AMG GLE63 S 4MATIC + Coupe,메르세데스-벤츠코리아(주),승용차,다목적형,6.7,,6.1,7.6,5등급
카니발(22MY) 3.5GDI 하이리무진 7인승 19인치,기아 주식회사,승용차,기타형,8.4,,7.4,10,5등급
카니발(22MY) 3.5GDI 11인 18인치타이어(빌트인캠),기아 주식회사,승합차,일반형,9.1,,8,10.9,5등급
카니발(22MY) 3.5GDI 11인 18인치타이어,기아 주식회사,승합차,일반형,9.1,,8,11,5등급
카니발(22MY) 3.5GDI 9인 18인치/19인치,기아 주식회사,승용차,기타형,9.1,,8,11,5등급
카니발(22MY) 3.5GDI 7인 19인치타이어(빌트인캠),기아 주식회사,승용차,기타형,8.9,,7.8,10.8,5등급
카니발(22MY) 3.5GDI 7인 19인치타이어,기아 주식회사,승용차,기타형,8.9,,7.8,10.8,5등급
카니발(22MY) 3.5GDI 9인 18인치/19인치(빌트인캠),기아 주식회사,승용차,기타형,9.1,,8,10.9,5등급
BMW M4 Competition Convertible M xDrive,BMW코리아㈜,승용차,일반형,8.3,,7.2,10.2,5등급
BMW M4 Competition M xDrive,BMW코리아㈜,승용차,일반형,8.3,,7.3,10.1,5등급
BMW M3 Competition M xDrive,BMW코리아㈜,승용차,일반형,8.3,,7.3,10,5등급
Q8 55 TFSI quattro,폭스바겐그룹코리아 주식회사,승용차,다목적형,8.5,,7.5,10,5등급
타이칸 크로스 투리스모 터보,포르쉐코리아 주식회사,승용차,일반형,2.8,274,2.8,2.7,5등급
타이칸 크로스 투리스모 터보 (5인승),포르쉐코리아 주식회사,승용차,일반형,2.8,274,2.8,2.7,5등급
Rolls Royce Ghost Black Badge,BMW코리아㈜,승용차,일반형,5.6,,4.6,7.4,5등급
플러스2.0(카고),(주) 한신자동차,화물차,일반형,2.5,169,2.7,2.3,5등급
e-tron 55 quattro,폭스바겐그룹코리아 주식회사,승용차,다목적형,3,291,3,3,5등급
GV80(22MY) 2.5T-GDI AWD 5인 20인치타이어,현대자동차㈜,승용차,다목적형,8.6,,7.8,9.8,5등급
GV80(22MY) 2.5T-GDI AWD 5인 22인치타이어,현대자동차㈜,승용차,다목적형,8.6,,7.8,9.8,5등급
GV80(22MY) 2.5T-GDI AWD 5인 19인치타이어(빌트인캠),현대자동차㈜,승용차,다목적형,8.8,,7.9,10,5등급
GV80(22MY) 2.5T-GDI AWD 6인 19인치타이어(빌트인캠),현대자동차㈜,승용차,다목적형,8.8,,7.9,10,5등급
GV80(22MY) 2.5T-GDI AWD 7인 19인치타이어(빌트인캠),현대자동차㈜,승용차,다목적형,8.8,,7.9,10,5등급
GV80(22MY) 2.5T-GDI AWD 5인 19인치타이어,현대자동차㈜,승용차,다목적형,9,,8,10.4,5등급
GV80(22MY) 2.5T-GDI AWD 6인 19인치타이어,현대자동차㈜,승용차,다목적형,9,,8,10.4,5등급
GV80(22MY) 2.5T-GDI AWD 7인 19인치타이어,현대자동차㈜,승용차,다목적형,9,,8,10.4,5등급
GV80(22MY) 2.5T-GDI AWD 6인 20인치타이어,현대자동차㈜,승용차,다목적형,8.5,,7.6,9.8,5등급
GV80(22MY) 2.5T-GDI AWD 6인 22인치타이어,현대자동차㈜,승용차,다목적형,8.5,,7.6,9.8,5등급
GV80(22MY) 2.5T-GDI AWD 7인 20인치타이어,현대자동차㈜,승용차,다목적형,8.5,,7.6,9.8,5등급
GV80(22MY) 2.5T-GDI AWD 7인 22인치타이어,현대자동차㈜,승용차,다목적형,8.5,,7.6,9.8,5등급
GV80(22MY) 2.5T-GDI 2WD 6인 19인치타이어,현대자동차㈜,승용차,다목적형,9.3,,8.4,10.7,5등급
GV80(22MY) 2.5T-GDI 2WD 7인 19인치타이어,현대자동차㈜,승용차,다목적형,9.3,,8.4,10.7,5등급
GV80(22MY) 2.5T-GDI 2WD 5인 20인치타이어,현대자동차㈜,승용차,다목적형,9.1,,8.2,10.4,5등급
GV80(22MY) 2.5T-GDI 2WD 5인 22인치타이어,현대자동차㈜,승용차,다목적형,9.1,,8.2,10.4,5등급
GV80(22MY) 2.5T-GDI 2WD 6인 20인치타이어,현대자동차㈜,승용차,다목적형,9.1,,8.2,10.4,5등급
GV80(22MY) 2.5T-GDI 2WD 6인 22인치타이어,현대자동차㈜,승용차,다목적형,9.1,,8.2,10.4,5등급
GV80(22MY) 2.5T-GDI 2WD 7인 20인치타이어,현대자동차㈜,승용차,다목적형,9.1,,8.2,10.4,5등급
GV80(22MY) 2.5T-GDI 2WD 7인 22인치타이어,현대자동차㈜,승용차,다목적형,9.1,,8.2,10.4,5등급
GV80(22MY) 3.5T-GDI AWD 5인 20인치타이어(빌트인캠),현대자동차㈜,승용차,다목적형,7.8,,6.9,9.1,5등급
GV80(22MY) 3.5T-GDI 2WD 6인 20인치타이어,현대자동차㈜,승용차,다목적형,8.4,,7.4,9.9,5등급
GV80(22MY) 3.5T-GDI 2WD 7인 20인치타이어,현대자동차㈜,승용차,다목적형,8.4,,7.4,9.9,5등급
GV80(22MY) 3.5T-GDI 2WD 5인 22인치타이어,현대자동차㈜,승용차,다목적형,8.4,,7.4,9.9,5등급
GV80(22MY) 3.5T-GDI 2WD 6인 22인치타이어,현대자동차㈜,승용차,다목적형,8.2,,7.3,9.6,5등급
GV80(22MY) 3.5T-GDI 2WD 7인 22인치타이어,현대자동차㈜,승용차,다목적형,8.2,,7.3,9.6,5등급
BMW X3 M40i,BMW코리아㈜,승용차,다목적형,9.2,,8.1,10.9,5등급
GV80(22MY) 3.5T-GDI AWD 5인 22인치타이어,현대자동차㈜,승용차,다목적형,7.8,,6.9,9.1,5등급
GV80(22MY) 3.5T-GDI AWD 6인 20인치타이어,현대자동차㈜,승용차,다목적형,7.8,,6.9,9.1,5등급
GV80(22MY) 3.5T-GDI AWD 6인 22인치타이어,현대자동차㈜,승용차,다목적형,7.8,,6.9,9.1,5등급
GV80(22MY) 3.5T-GDI AWD 7인 20인치타이어,현대자동차㈜,승용차,다목적형,7.8,,6.9,9.1,5등급
GV80(22MY) 3.5T-GDI AWD 7인 22인치타이어,현대자동차㈜,승용차,다목적형,7.8,,6.9,9.1,5등급
GV80(22MY) 3.5T-GDI AWD 5인 20인치타이어,현대자동차㈜,승용차,다목적형,8,,7.1,9.3,5등급
GV80(22MY) 3.5T-GDI 2WD 5인 20인치타이어,현대자동차㈜,승용차,다목적형,8.6,,7.7,10.1,5등급
GV80(22MY) 3.5T-GDI 2WD 5인 20인치타이어(빌트인캠),현대자동차㈜,승용차,다목적형,8.4,,7.4,9.9,5등급
"Mercedes-Maybach S580 4MATIC	",메르세데스-벤츠코리아(주),승용차,일반형,7.3,,6.3,9.1,5등급
BMW X3 M Competition,BMW코리아㈜,승용차,다목적형,7.7,,6.9,8.9,5등급
BMW X4 M40i,BMW코리아㈜,승용차,다목적형,8.5,,7.6,10.1,5등급
Mercedes-Benz S580 4MATIC,메르세데스-벤츠코리아(주),승용차,일반형,7.5,,6.5,9.4,5등급
Mercedes-Benz GLC300 4MATIC,메르세데스-벤츠코리아(주),승용차,다목적형,8.5,,7.7,9.7,5등급
마세라티 MC20,스텔란티스코리아 주식회사,승용차,일반형,7,,5.9,9.1,5등급
Mercedes-Maybach S580 4MATIC (4Seater),메르세데스-벤츠코리아(주),승용차,일반형,7.3,,6.3,9.1,5등급
Rolls Royce Ghost Black Badge,BMW코리아㈜,승용차,일반형,5.6,,4.6,7.4,5등급
BMW X4 M Competition,BMW코리아㈜,승용차,다목적형,7.8,,6.8,9.3,5등급
911 카레라 4 GTS,포르쉐코리아 주식회사,승용차,일반형,7.9,,7,9.4,5등급
911 카레라 4 GTS 카브리올레,포르쉐코리아 주식회사,승용차,일반형,7.9,,7,9.4,5등급
"Mercedes-AMG GT43 4MATIC + 	",메르세데스-벤츠코리아(주),승용차,일반형,8.1,,7.5,9.1,5등급
Mercedes-Benz GLC300 4MATIC Coupe,메르세데스-벤츠코리아(주),승용차,다목적형,9.2,,8.4,10.5,5등급
스타리아 어린이통학차 3.5LPI 15인,현대자동차㈜,승합차,일반형,6.3,,5.7,7.2,5등급
스타리아 어린이통학차 3.5LPI 11인,현대자동차㈜,승합차,일반형,6.3,,5.7,7.2,5등급
e-tron S Sportback,폭스바겐그룹코리아 주식회사,승용차,다목적형,2.7,264,2.6,2.8,5등급
e-tron S,폭스바겐그룹코리아 주식회사,승용차,다목적형,2.7,268,2.7,2.8,5등급
페라리 812 Competizione,(주) 에프엠케이,승용차,일반형,5.6,,5,6.5,5등급
마세라티 기블리 GT,스텔란티스코리아 주식회사,승용차,일반형,8.9,,8,10.3,5등급
포터 일렉트릭 22MY,현대자동차㈜,화물차,일반형,3.1,211,3.6,2.7,5등급
Mercedes-AMG GLB35 4MATIC,메르세데스-벤츠코리아(주),승용차,다목적형,9,,8.1,10.4,5등급
스타리아 어린이통학차 2.2디젤 4WD 11인 (18인치),현대자동차㈜,승합차,일반형,9.3,,8.7,10.3,5등급
Mercedes-Benz EQC400 4MATIC,메르세데스-벤츠코리아(주),승용차,다목적형,3.1,285,3.2,3,5등급
짚 글래디에이터,스텔란티스코리아 주식회사,화물차,화물,6.5,,6.1,7.2,5등급
마세라티 콰트로포르테 모데나 Q4,스텔란티스코리아 주식회사,승용차,일반형,6.5,,5.7,8,5등급
마세라티 콰트로포르테 GT,스텔란티스코리아 주식회사,승용차,일반형,7.4,,6.4,9.1,5등급
마세라티 기블리 모데나 S Q4,스텔란티스코리아 주식회사,승용차,일반형,6.7,,5.8,8.2,5등급
마세라티 기블리 모데나,스텔란티스코리아 주식회사,승용차,일반형,7.1,,6.1,8.8,5등급
포터 2.5디젤 초장축 더블캡 MT(22),현대자동차㈜,화물차,일반형,9.3,,8.9,9.9,5등급
포터 2.5디젤 초장축 슈퍼캡 AT(22),현대자동차㈜,화물차,일반형,8.8,,8.5,9.3,5등급
포터 2.5디젤 초장축 더블캡 AT(22),현대자동차㈜,화물차,일반형,8.7,,8.2,9.4,5등급
포터 2.5디젤 4X4장축 슈퍼캡(22),현대자동차㈜,화물차,일반형,9,,8.6,9.6,5등급
포터 2.5디젤 4X4장축 더블캡(22),현대자동차㈜,화물차,일반형,8.6,,8.2,9.1,5등급
마세라티 르반떼 GT,스텔란티스코리아 주식회사,승용차,다목적형,7.9,,7.5,8.6,5등급
G90 3.5T-GDI 2WD 5인 20인치,현대자동차㈜,승용차,일반형,8.9,,7.7,10.8,5등급
G90 3.5T-GDI AWD 5인 19인치,현대자동차㈜,승용차,일반형,8.5,,7.4,10.3,5등급
G90 3.5T-GDI AWD 5인 20인치,현대자동차㈜,승용차,일반형,8.3,,7.2,10.1,5등급
CHEVROLET COLORADO AWD,한국지엠주식회사,화물차,일반형,7.9,,7,9.3,5등급
G90 3.5T-GDI 2WD 5인 19인치,현대자동차㈜,승용차,일반형,9.3,,8,11.5,5등급
G90 3.5T-GDI 2WD 5인 19인치(빌트인캠),현대자동차㈜,승용차,일반형,9.3,,8,11.5,5등급
G90 3.5T-GDI 2WD 4인 19인치,현대자동차㈜,승용차,일반형,9,,7.8,11.1,5등급
G90 3.5T-GDI 2WD 4인 20인치,현대자동차㈜,승용차,일반형,8.9,,7.7,10.8,5등급
G90 3.5T-GDI AWD 4인 19인치,현대자동차㈜,승용차,일반형,8.5,,7.4,10.3,5등급
G90 3.5T-GDI AWD 4인 20인치,현대자동차㈜,승용차,일반형,8.3,,7.2,10.1,5등급
포터 2.5디젤 초장축 표준캡 AT(22),현대자동차㈜,화물차,일반형,8.8,,8.5,9.3,5등급
포터 2.5디젤 4X4장축 표준캡(22),현대자동차㈜,화물차,일반형,9,,8.6,9.6,5등급
마세라티 르반떼 모데나 S,스텔란티스코리아 주식회사,승용차,다목적형,7,,6.1,8.3,5등급
마세라티 르반떼 모데나,스텔란티스코리아 주식회사,승용차,다목적형,7,,6.1,8.3,5등급
캐딜락 CT5-V Blackwing,지엠아시아퍼시픽지역본부 주식회사,승용차,일반형,6.1,,5.1,8.1,5등급
G90 e-S/C 3.5T-GDI 2WD 4인 20인치,현대자동차㈜,승용차,일반형,9.1,,7.8,11.2,5등급
G90 e-S/C 3.5T-GDI 2WD 4인 20인치(빌트인캠),현대자동차㈜,승용차,일반형,9.1,,7.8,11.2,5등급
Mercedes-Benz G400 d,메르세데스-벤츠코리아(주),승용차,다목적형,8.2,,8,8.4,5등급
스타리아 어린이통학차 2.2디젤 4WD 11인 (17인치),현대자동차㈜,승합차,일반형,9.3,,8.7,10.3,5등급
G90 e-S/C 3.5T-GDI 2WD 5인 20인치,현대자동차㈜,승용차,일반형,9.1,,7.8,11.2,5등급
G90 e-S/C 3.5T-GDI 2WD 5인 20인치(빌트인캠),현대자동차㈜,승용차,일반형,9.1,,7.8,11.2,5등급
봉고 1톤 초장축 슈퍼캡 AT(22),기아 주식회사,화물차,일반형,8.8,,8.4,9.3,5등급
봉고 1톤 초장축 더블캡 MT(22),기아 주식회사,화물차,일반형,9.3,,9.2,9.5,5등급
봉고 1톤 4X4장축 슈퍼캡(22),기아 주식회사,화물차,일반형,9,,8.4,9.8,5등급
봉고 1톤 4X4장축 더블캡(22),기아 주식회사,화물차,일반형,8.6,,8,9.5,5등급
봉고 1톤 초장축 표준캡 AT(22),기아 주식회사,화물차,일반형,8.8,,8.4,9.3,5등급
봉고 전기차 (22),기아 주식회사,화물차,일반형,3.1,211,3.6,2.7,5등급
모하비 3.0 디젤 4WD 5인 18인치타이어(22),기아 주식회사,승용차,다목적형,9.3,,8.2,11,5등급
모하비 3.0 디젤 4WD 7인 18인치타이어(22),기아 주식회사,승용차,다목적형,9.1,,8,10.9,5등급
모하비 3.0 디젤 4WD 5인 20인치타이어(22),기아 주식회사,승용차,다목적형,9.3,,8.2,10.9,5등급
모하비 3.0 디젤 4WD 7인 20인치타이어(22),기아 주식회사,승용차,다목적형,9.2,,8.1,10.9,5등급
"QM6 2.0 LPLi SULEV30 (19"" Tire)",르노코리아 주식회사,승용차,다목적형,8.6,,7.7,10,5등급
"QM6 2.0 LPLi SULEV30 (18"" Tire)",르노코리아 주식회사,승용차,다목적형,8.9,,8.1,10.1,5등급
봉고 1톤 4X4장축 표준캡(22),기아 주식회사,화물차,일반형,9,,8.4,9.8,5등급
봉고 1톤 초장축 더블캡 AT(22),기아 주식회사,화물차,일반형,8.7,,8.3,9.3,5등급
모하비 3.0 디젤 4WD 6인 20인치타이어(22),기아 주식회사,승용차,다목적형,9.2,,8.1,10.9,5등급
모하비 3.0 디젤 4WD 6인 18인치타이어(22),기아 주식회사,승용차,다목적형,9.3,,8.2,11,5등급
BMW X6 M50i (2022),BMW코리아㈜,승용차,다목적형,7.4,,6.6,8.7,5등급
BMW X5 M50i (2022),BMW코리아㈜,승용차,다목적형,7.3,,6.5,8.6,5등급
G90 e-S/C 3.5T-GDI AWD 4인 20인치,현대자동차㈜,승용차,일반형,8.4,,7.3,10.3,5등급
CHEVROLET TAHOE AWD,한국지엠주식회사,승용차,다목적형,6.4,,5.7,7.6,5등급
캐딜락 Escalade ESV(7인승),지엠아시아퍼시픽지역본부 주식회사,승용차,다목적형,6.5,,5.7,7.9,5등급
캐딜락 Escalade(7인승),지엠아시아퍼시픽지역본부 주식회사,승용차,다목적형,7,,6.1,8.4,5등급
G90 e-S/C 3.5T-GDI AWD 5인 20인치,현대자동차㈜,승용차,일반형,8.4,,7.3,10.3,5등급
캐딜락 Escalade(8인승),지엠아시아퍼시픽지역본부 주식회사,승용차,다목적형,7,,6.1,8.4,5등급
캐딜락 Escalade ESV(8인승),지엠아시아퍼시픽지역본부 주식회사,승용차,다목적형,6.5,,5.7,7.9,5등급
Mercedes-Maybach S680 4MATIC,메르세데스-벤츠코리아(주),승용차,일반형,5.9,,4.9,8,5등급
G90 e-S/C 3.5T-GDI(LONG WHEEL BASE) AWD 5인 20인치,현대자동차㈜,승용차,일반형,8.2,,7.1,10,5등급
G90 e-S/C 3.5T-GDI(LONG WHEEL BASE) AWD 4인 20인치,현대자동차㈜,승용차,일반형,8.2,,7.1,10,5등급
A8 L 55 TFSI quattro,폭스바겐그룹코리아 주식회사,승용차,일반형,8.3,,7,10.6,5등급
Mercedes-Maybach S680 4MATIC (4 Seater),메르세데스-벤츠코리아(주),승용차,일반형,5.9,,4.9,8,5등급
G90 e-S/C 3.5T-GDI 2WD 4인 21인치,현대자동차㈜,승용차,일반형,8.8,,7.6,10.8,5등급
G90 e-S/C 3.5T-GDI AWD 4인 21인치,현대자동차㈜,승용차,일반형,8.3,,7.2,10.1,5등급
G90 e-S/C 3.5T-GDI 2WD 5인 21인치,현대자동차㈜,승용차,일반형,8.8,,7.6,10.8,5등급
G90 e-S/C 3.5T-GDI AWD 5인 21인치,현대자동차㈜,승용차,일반형,8.3,,7.2,10.1,5등급
Bronco 2.7,포드세일즈서비스코리아(유),승용차,다목적형,8.2,,7.5,9.4,5등급
타이칸 GTS (5인승),포르쉐코리아 주식회사,승용차,일반형,3.2,317,3.2,3.1,5등급
타이칸 GTS,포르쉐코리아 주식회사,승용차,일반형,3.2,317,3.2,3.1,5등급
젤라,(주)에스에스라이트,화물차,일반형,2.6,194,2.9,2.3,5등급
BMW M850i xDrive Gran Coupe,BMW코리아㈜,승용차,일반형,7.7,,6.6,9.6,5등급
봉고 1톤 3방덤프 4X4장축 킹캡(MT)(22),기아 주식회사,화물차,덤프형,8.7,,8.2,9.5,5등급
BMW M850i xDrive Coupe,BMW코리아㈜,승용차,일반형,7.6,,6.6,9.2,5등급
포터2.5디젤 덤프4X4장축 슈퍼캡(MT)(22),현대자동차㈜,화물차,덤프형,8.8,,8.5,9.2,5등급
더 뉴 레인지로버 P530 SWB (5인승),(주)재규어랜드로버코리아,승용차,다목적형,6.8,,5.6,9,5등급
더 뉴 레인지로버 P530 LWB (7인승),(주)재규어랜드로버코리아,승용차,다목적형,6.8,,5.6,9,5등급
Explorer 2.3L,포드세일즈서비스코리아(유),승용차,다목적형,8.9,,8.1,10.2,5등급
더 뉴 레인지로버 P530 LWB (7인승),(주)재규어랜드로버코리아,승용차,다목적형,6.8,,5.6,9,5등급
팰리세이드(PE) 3.8GDI AWD 8인 20인치,현대자동차㈜,승용차,다목적형,8.5,,7.6,10,5등급
팰리세이드(PE) 3.8GDI AWD 8인 18인치,현대자동차㈜,승용차,다목적형,8.7,,7.7,10.3,5등급
팰리세이드(PE) 3.8GDI 2WD 8인 20인치,현대자동차㈜,승용차,다목적형,9,,8,10.7,5등급
팰리세이드(PE) 3.8GDI 2WD 8인 18인치,현대자동차㈜,승용차,다목적형,9.3,,8.3,10.9,5등급
더 뉴 레인지로버 P530 LWB (5인승),(주)재규어랜드로버코리아,승용차,다목적형,6.8,,5.6,9,5등급
팰리세이드(PE) 3.8GDI AWD 7인 18인치,현대자동차㈜,승용차,다목적형,8.7,,7.7,10.3,5등급
팰리세이드(PE) 3.8GDI AWD 7인 20인치,현대자동차㈜,승용차,다목적형,8.5,,7.6,10,5등급
팰리세이드(PE) 3.8GDI 2WD 7인 20인치,현대자동차㈜,승용차,다목적형,9,,8,10.7,5등급
팰리세이드(PE) 3.8GDI 2WD 7인 18인치,현대자동차㈜,승용차,다목적형,9.3,,8.3,10.9,5등급
봉고 1톤 일반덤프 4X4장축 킹캡(MT)(22),기아 주식회사,화물차,덤프형,8.7,,8.2,9.5,5등급
짚 그랜드 체로키,스텔란티스코리아 주식회사,승용차,다목적형,7.4,,6.6,8.8,5등급
짚 레니게이드 1.3 AWD,스텔란티스코리아 주식회사,승용차,다목적형,9.3,,8.4,10.8,5등급
Q8 55 TFSI quattro,폭스바겐그룹코리아 주식회사,승용차,다목적형,8.2,,7.4,9.4,5등급
Mustang GT 5.0 Convertible,포드세일즈서비스코리아(유),승용차,일반형,7.5,,6.2,10.1,5등급
Mustang GT 5.0 Coupe,포드세일즈서비스코리아(유),승용차,일반형,7.5,,6.2,10.1,5등급
Q7 55 TFSI quattro,폭스바겐그룹코리아 주식회사,승용차,다목적형,8.1,,7.2,9.5,5등급
G70 슈팅브레이크 2.0T-GDI AWD 19인치(썸머)_SP,현대자동차㈜,승용차,기타형,9.1,,8.3,10.5,5등급
Mustang GT 5.0 Convertible,포드세일즈서비스코리아(유),승용차,일반형,7.5,,6.2,10.1,5등급
G70 슈팅브레이크 2.0T-GDI AWD 19인치(썸머),현대자동차㈜,승용차,기타형,9.1,,8.3,10.5,5등급
Mercedes-Maybach GLS600 4MATIC,메르세데스-벤츠코리아(주),승용차,다목적형,6.2,,5.5,7.2,5등급
스포티지 2.0 LPI 19인치,기아 주식회사,승용차,다목적형,9,,8.1,10.2,5등급
스포티지 2.0 LPI 19인치(빌트인캠),기아 주식회사,승용차,다목적형,8.8,,8,9.9,5등급
스포티지 2.0 LPI 18인치,기아 주식회사,승용차,다목적형,9.1,,8.2,10.3,5등급
스포티지 2.0 LPI 18인치(빌트인캠),기아 주식회사,승용차,다목적형,8.9,,8.1,10,5등급
스포티지 2.0 LPI 17인치,기아 주식회사,승용차,다목적형,9.2,,8.2,10.6,5등급
Mercedes-AMG G63,메르세데스-벤츠코리아(주),승용차,다목적형,5.8,,5.4,6.5,5등급
Mercedes-Maybach GLS600 4MATIC (5 seater),메르세데스-벤츠코리아(주),승용차,다목적형,6.2,,5.5,7.2,5등급
S8 L TFSI,폭스바겐그룹코리아 주식회사,승용차,일반형,7.6,,6.4,9.8,5등급
A8 L 60 TFSI quattro,폭스바겐그룹코리아 주식회사,승용차,일반형,7.4,,6.1,9.9,5등급
Mercedes-Benz GLS580 4MATIC,메르세데스-벤츠코리아(주),승용차,다목적형,6,,5.7,6.4,5등급
"Mercedes-AMG GLE63 S 4MATIC+ Coupe						",메르세데스-벤츠코리아(주),승용차,다목적형,6.5,,5.8,7.5,5등급
A8 L 60 TFSI quattro,폭스바겐그룹코리아 주식회사,승용차,일반형,7.4,,6.1,9.9,5등급
RS 5 Sportback,폭스바겐그룹코리아 주식회사,승용차,일반형,8.3,,7.3,10,5등급
Expedition 3.5L,포드세일즈서비스코리아(유),승용차,다목적형,7.2,,6.4,8.5,5등급
Lincoln Navigator 3.5L,포드세일즈서비스코리아(유),승용차,다목적형,7.2,,6.4,8.4,5등급
Expedition 3.5L (8인승),포드세일즈서비스코리아(유),승용차,다목적형,7.2,,6.4,8.5,5등급
Lincoln Navigator 3.5L (8인승),포드세일즈서비스코리아(유),승용차,다목적형,7.2,,6.4,8.4,5등급
다니고C,(주)루트17,화물차,일반형,3.1,199,3.8,2.5,5등급
CHEVROLET TRAVERSE AWD,한국지엠주식회사,승용차,다목적형,8.3,,7.1,10.3,5등급
SQ7 TFSI,폭스바겐그룹코리아 주식회사,승용차,다목적형,6.7,,5.9,8,5등급
더 뉴 레인지로버 P530 LWB (4인승),(주)재규어랜드로버코리아,승용차,다목적형,6.8,,5.6,9,5등급
"QM6 2.0 LPLi (18"" Tire)",르노코리아 주식회사,승용차,기타형,8.9,,8.1,10.2,5등급
URUS S,폭스바겐그룹코리아 주식회사,승용차,다목적형,6.4,,5.7,7.6,5등급
URUS Performante,폭스바겐그룹코리아 주식회사,승용차,다목적형,6.5,,5.6,7.9,5등급
페라리 812 Competizione A,(주) 에프엠케이,승용차,일반형,5.7,,5.1,6.6,5등급
Huracan Tecnica,폭스바겐그룹코리아 주식회사,승용차,일반형,6.2,,5.4,7.4,5등급
RS 3,폭스바겐그룹코리아 주식회사,승용차,일반형,9.2,,8,11.2,5등급
URUS Performante,폭스바겐그룹코리아 주식회사,승용차,다목적형,6.5,,5.6,7.9,5등급
URUS S,폭스바겐그룹코리아 주식회사,승용차,다목적형,6.4,,5.7,7.6,5등급
911 타르가 4 GTS,포르쉐코리아 주식회사,승용차,일반형,7.7,,6.8,9.2,5등급
911 터보 S 카브리올레,포르쉐코리아 주식회사,승용차,일반형,6.7,,5.9,8,5등급
BMW X7 M60i xDrive,BMW코리아㈜,승용차,다목적형,6.9,,6.2,7.9,5등급
BMW X7 xDrive40i,BMW코리아㈜,승용차,다목적형,7.8,,7.3,8.6,5등급
마세라티 그레칼레 트로페오,스텔란티스코리아 주식회사,승용차,다목적형,8,,7,9.6,5등급
마세라티 MC20 Cielo,스텔란티스코리아 주식회사,승용차,일반형,7.1,,6,9.1,5등급
페라리 푸로산게,(주) 에프엠케이,승용차,일반형,5.1,,4.5,6.1,5등급
BMW X7 M60i xDrive,BMW코리아㈜,승용차,다목적형,6.9,,6.2,7.9,5등급
BMW X7 xDrive40i,BMW코리아㈜,승용차,다목적형,7.8,,7.3,8.6,5등급
Mercedes-AMG E53 4MATIC + Coupe,메르세데스-벤츠코리아(주),승용차,일반형,9.2,,8.3,10.7,5등급
Mercedes-AMG E53 4MATIC +,메르세데스-벤츠코리아(주),승용차,일반형,9.1,,8.2,10.7,5등급
Mercedes-Benz S500 4MATIC,메르세데스-벤츠코리아(주),승용차,일반형,9.1,,8,10.9,5등급
Mercedes-AMG GT43 4MATIC +,메르세데스-벤츠코리아(주),승용차,일반형,8.2,,7.5,9.1,5등급
Bentayga V8,폭스바겐그룹코리아 주식회사,승용차,다목적형,7.1,,6.3,8.4,5등급
RS Q8,폭스바겐그룹코리아 주식회사,승용차,다목적형,6.6,,5.9,7.9,5등급
Mercedes-AMG GLC63 S 4MATIC + Coupe,메르세데스-벤츠코리아(주),승용차,다목적형,6.9,,6,8.4,5등급
Mercedes-AMG GT63 S 4MATIC +,메르세데스-벤츠코리아(주),승용차,일반형,6.7,,5.9,8.2,5등급
Bentayga S,폭스바겐그룹코리아 주식회사,승용차,다목적형,7.1,,6.3,8.4,5등급
Bentayga S,폭스바겐그룹코리아 주식회사,승용차,다목적형,7.1,,6.3,8.4,5등급
Bentayga V8,폭스바겐그룹코리아 주식회사,승용차,다목적형,7.1,,6.3,8.4,5등급
Mercedes-Benz S580 4MATIC,메르세데스-벤츠코리아(주),승용차,일반형,7.8,,6.6,10,5등급
그랜저(GN7) 3.5 GDI AWD 20인치,현대자동차㈜,승용차,일반형,9,,7.7,11.2,5등급
그랜저(GN7) 3.5 GDI AWD 19인치,현대자동차㈜,승용차,일반형,9.2,,7.9,11.5,5등급
Mercedes-AMG CLS53 4MATIC +,메르세데스-벤츠코리아(주),승용차,일반형,9.1,,8.2,10.4,5등급
Mercedes-AMG CLA45 S 4MATIC +,메르세데스-벤츠코리아(주),승용차,일반형,9.1,,8.1,11,5등급
Mercedes-AMG A45 4MATIC +,메르세데스-벤츠코리아(주),승용차,일반형,8.8,,7.8,10.6,5등급
그랜저(GN7) 3.5 LPI 20인치,현대자동차㈜,승용차,일반형,7.3,,6.2,9.1,5등급
그랜저(GN7) 3.5 LPI 19인치,현대자동차㈜,승용차,일반형,7.4,,6.3,9.2,5등급
그랜저(GN7) 3.5 LPI 18인치,현대자동차㈜,승용차,일반형,7.8,,6.7,9.6,5등급
Mercedes-Maybach S580 4MATIC,메르세데스-벤츠코리아(주),승용차,일반형,8.1,,6.9,10.3,5등급
짚 글래디에이터,스텔란티스코리아 주식회사,화물차,화물,6.2,,5.7,7,5등급
Mercedes-AMG EQE53 4MATIC +,메르세데스-벤츠코리아(주),승용차,일반형,3.3,354,3.3,3.3,5등급
Mercedes-AMG EQS53 4MATIC +,메르세데스-벤츠코리아(주),승용차,일반형,3.1,397,3.1,3.2,5등급
Mercedes-AMG EQS53 4MATIC +,메르세데스-벤츠코리아(주),승용차,일반형,3.2,404,3.2,3.2,5등급
Mercedes-Benz GLE450 4MATIC,메르세데스-벤츠코리아(주),승용차,다목적형,8.6,,8,9.5,5등급
짚 랭글러 루비콘,스텔란티스코리아 주식회사,승용차,다목적형,7.4,,7,8.1,5등급
카이엔 터보 COUPE (5인승),포르쉐코리아 주식회사,승용차,다목적형,6.5,,5.7,7.7,5등급
Mercedes-AMG GLE53 4MATIC +,메르세데스-벤츠코리아(주),승용차,다목적형,7.9,,7.3,8.8,5등급
Rolls Royce Phantom EWB,BMW코리아㈜,승용차,일반형,5.8,,4.8,7.8,5등급
Rolls Royce Phantom EWB,BMW코리아㈜,승용차,일반형,5.8,,4.8,7.8,5등급
Rolls Royce Phantom,BMW코리아㈜,승용차,일반형,5.8,,4.8,7.8,5등급
Rolls Royce Phantom,BMW코리아㈜,승용차,일반형,5.8,,4.8,7.8,5등급
Mercedes-Maybach GLS600 4MATIC(5 Seater),메르세데스-벤츠코리아(주),승용차,다목적형,6.1,,5.3,7.4,5등급
Mercedes-Benz GLE450 4MATIC(5Seats),메르세데스-벤츠코리아(주),승용차,다목적형,8.6,,8,9.5,5등급
카이엔 터보,포르쉐코리아 주식회사,승용차,다목적형,6.5,,5.7,7.7,5등급
카이엔 터보 COUPE,포르쉐코리아 주식회사,승용차,다목적형,6.5,,5.7,7.7,5등급
Mercedes-Maybach GLS600 4MATIC,메르세데스-벤츠코리아(주),승용차,다목적형,6.1,,5.3,7.4,5등급
Mercedes-AMG GLE53 4MATIC +(5seats),메르세데스-벤츠코리아(주),승용차,다목적형,7.9,,7.3,8.8,5등급
Mercedes-AMG GLA45 4MATIC +,메르세데스-벤츠코리아(주),승용차,다목적형,8.4,,7.6,9.7,5등급
Mercedes-AMG GLE53 4MATIC + Coupe,메르세데스-벤츠코리아(주),승용차,다목적형,8.1,,7.5,9.2,5등급
GMC Sierra ,한국지엠주식회사,화물차,일반형,6.9,,6,8.4,5등급
Mercedes-Maybach S580 4MATIC(5Seats),메르세데스-벤츠코리아(주),승용차,일반형,8.1,,6.9,10.3,5등급
G90 e-S/C 3.5T-GDI AWD 4인 21인치(HDP),현대자동차㈜,승용차,일반형,8.2,,7.1,10,5등급
Mercedes-AMG GLE63 S 4MATIC + Coupe,메르세데스-벤츠코리아(주),승용차,다목적형,6.8,,6.1,8,5등급
G90 e-S/C 3.5T-GDI AWD 4인 20인치(HDP),현대자동차㈜,승용차,일반형,8.2,,7.1,10,5등급
G90 e-S/C 3.5T-GDI AWD 5인 21인치(HDP),현대자동차㈜,승용차,일반형,8.2,,7.1,10,5등급
G90 3.5T-GDI 2WD 5인 19인치(HDP),현대자동차㈜,승용차,일반형,9.2,,7.9,11.3,5등급
G90 3.5T-GDI 2WD 4인 20인치(HDP),현대자동차㈜,승용차,일반형,8.8,,7.7,10.6,5등급
G90 3.5T-GDI AWD 4인 20인치(HDP),현대자동차㈜,승용차,일반형,8,,7,9.7,5등급
G90 e-S/C 3.5T-GDI 2WD 4인 20인치(HDP),현대자동차㈜,승용차,일반형,8.8,,7.6,10.8,5등급
G90 e-S/C 3.5T-GDI 2WD 4인 21인치(HDP),현대자동차㈜,승용차,일반형,8.5,,7.3,10.4,5등급
G90 e-S/C 3.5T-GDI 2WD 5인 20인치(HDP),현대자동차㈜,승용차,일반형,8.8,,7.6,10.8,5등급
G90 e-S/C 3.5T-GDI 2WD 5인 21인치(HDP),현대자동차㈜,승용차,일반형,8.5,,7.3,10.4,5등급
G90 3.5T-GDI AWD 5인 20인치(HDP),현대자동차㈜,승용차,일반형,8,,7,9.7,5등급
G90 e-S/C 3.5T-GDI(LONGWHEELBASE)AWD4인20인치(HDP),현대자동차㈜,승용차,일반형,8.1,,7,9.9,5등급
Mercedes-Maybach S680 4MATIC,메르세데스-벤츠코리아(주),승용차,일반형,5.8,,4.7,7.9,5등급
Mercedes-Benz GLS580 4MATIC,메르세데스-벤츠코리아(주),승용차,다목적형,6.6,,6,7.5,5등급
G90 e-S/C 3.5T-GDI AWD 5인 20인치(HDP),현대자동차㈜,승용차,일반형,8.2,,7.1,10,5등급
G90 3.5T-GDI 2WD 4인 19인치(HDP),현대자동차㈜,승용차,일반형,8.8,,7.7,10.6,5등급
G90 3.5T-GDI 2WD 5인 20인치(HDP),현대자동차㈜,승용차,일반형,8.8,,7.7,10.6,5등급
G90 3.5T-GDI AWD 5인 19인치(HDP),현대자동차㈜,승용차,일반형,8,,7,9.7,5등급
G90 3.5T-GDI AWD 4인 19인치(HDP),현대자동차㈜,승용차,일반형,8,,7,9.7,5등급
G90 e-S/C 3.5T-GDI(LONGWHEELBASE)AWD5인20인치(HDP),현대자동차㈜,승용차,일반형,8.1,,7,9.9,5등급
Continental GT V8,폭스바겐그룹코리아 주식회사,승용차,일반형,8,,7,9.6,5등급
더 뉴 레인지로버 스포츠 P360,(주)재규어랜드로버코리아,승용차,다목적형,8,,6.9,10.1,5등급
Continental GT S,폭스바겐그룹코리아 주식회사,승용차,일반형,8,,7,9.6,5등급
BMW M3 Competition Touring M xDrive,BMW코리아㈜,승용차,일반형,8.1,,7,9.9,5등급
Q8 55 e-tron quattro,폭스바겐그룹코리아 주식회사,승용차,다목적형,3,368,3,3.1,5등급
Q8 50 e-tron quattro,폭스바겐그룹코리아 주식회사,승용차,다목적형,3,298,3,3,5등급
T4K,(주) GS글로벌,화물차,일반형,2.6,241,3,2.3,5등급
Q8 Sportback 55 e-tron quattro,폭스바겐그룹코리아 주식회사,승용차,다목적형,2.9,351,2.9,3,5등급
Mercedes-Benz GLS580 4MATIC(6 Seater),메르세데스-벤츠코리아(주),승용차,다목적형,6.6,,6,7.5,5등급
Mercedes-Maybach S680 4MATIC(5 Seats),메르세데스-벤츠코리아(주),승용차,일반형,5.8,,4.7,7.9,5등급
짚 그랜드 체로키,스텔란티스코리아 주식회사,승용차,다목적형,7.4,,6.6,8.8,5등급
짚 그랜드 체로키,스텔란티스코리아 주식회사,승용차,다목적형,7.4,,6.6,8.8,5등급
BMW M2,BMW코리아㈜,승용차,일반형,8.5,,7.4,10.1,5등급
SQ5 Sportback TFSI,폭스바겐그룹코리아 주식회사,승용차,다목적형,8.9,,8,10.3,5등급
SQ5 TFSI,폭스바겐그룹코리아 주식회사,승용차,다목적형,8.8,,7.9,10.1,5등급
디펜더 110 P300,(주)재규어랜드로버코리아,승용차,다목적형,8,,7.3,9.2,5등급
디펜더 110 P300,(주)재규어랜드로버코리아,승용차,다목적형,8,,7.3,9.2,5등급
디펜더 130 P400,(주)재규어랜드로버코리아,승용차,다목적형,7.2,,6.6,8.2,5등급
디스커버리 P300,(주)재규어랜드로버코리아,승용차,다목적형,8,,7.3,9.2,5등급
이엔1톤롱바디카고,(주) 이엔플러스,화물차,일반형,2.8,186,3.3,2.4,5등급
이엔플러스EV1톤롱바디트럭,(주) 이엔플러스,화물차,일반형,3,194,3.5,2.5,5등급
QM6,르노코리아 주식회사,화물차,밴형,8.7,,7.9,9.9,5등급
테라밴키즈,테라팩토리 주식회사,승합차,밴형,3.3,264,3.8,2.9,5등급
Flying Spur V8,폭스바겐그룹코리아 주식회사,승용차,일반형,7.1,,6.2,8.7,5등급
Flying Spur S,폭스바겐그룹코리아 주식회사,승용차,일반형,7.1,,6.2,8.7,5등급
Flying Spur V8,폭스바겐그룹코리아 주식회사,승용차,일반형,7.1,,6.2,8.7,5등급
Flying Spur S,폭스바겐그룹코리아 주식회사,승용차,일반형,7.1,,6.2,8.7,5등급
Ranger Raptor,포드세일즈서비스코리아(유),화물차,화물,9,,8.5,9.8,5등급
카이엔 COUPE (5인승),포르쉐코리아 주식회사,승용차,다목적형,7.5,,6.7,8.7,5등급
테라밴키즈11,테라팩토리 주식회사,승합차,밴형,3.3,264,3.8,2.9,5등급
테라밴,테라팩토리 주식회사,승합차,밴형,3.3,264,3.8,2.9,5등급
카이엔,포르쉐코리아 주식회사,승용차,다목적형,7.5,,6.7,8.7,5등급
카이엔 COUPE,포르쉐코리아 주식회사,승용차,다목적형,7.5,,6.7,8.7,5등급
Mercedes-AMG SL63 4MATIC +,메르세데스-벤츠코리아(주),승용차,일반형,6.3,,5.3,8.3,5등급
Mercedes-AMG G63,메르세데스-벤츠코리아(주),승용차,다목적형,5.6,,5,6.5,5등급
PILOT,혼다코리아(주),승용차,다목적형,8.4,,7.4,10,5등급
카이엔 터보 GT,포르쉐코리아 주식회사,승용차,다목적형,6.5,,5.6,8,5등급
RS 6 Avant performance,폭스바겐그룹코리아 주식회사,승용차,일반형,7.1,,6.1,9,5등급
G70(IK PE2) 3.3T-GDI AWD 19인치(썸머)_SP,현대자동차㈜,승용차,일반형,8.4,,7.5,10,5등급
G70(IK PE2) 3.3T-GDI AWD 19인치(올시즌)_SP,현대자동차㈜,승용차,일반형,8.8,,7.8,10.6,5등급
G70(IK PE2) 3.3T-GDI 2WD 19인치(썸머)_SP,현대자동차㈜,승용차,일반형,9.1,,8.1,10.7,5등급
RS 7 performance,폭스바겐그룹코리아 주식회사,승용차,일반형,7.3,,6.3,9.2,5등급
G70(IK PE2) 3.3T-GDI AWD 19인치(썸머),현대자동차㈜,승용차,일반형,8.4,,7.5,10,5등급
G70(IK PE2) 3.3T-GDI AWD 19인치(올시즌),현대자동차㈜,승용차,일반형,8.8,,7.8,10.6,5등급
G70(IK PE2) 3.3T-GDI 2WD 19인치(썸머),현대자동차㈜,승용차,일반형,9.1,,8.1,10.7,5등급
CHEVROLET COLORADO AWD (MY23),한국지엠주식회사,화물차,일반형,8.1,,7.5,9.1,5등급
Lincoln Corsair 2.0L,포드세일즈서비스코리아(유),승용차,다목적형,9,,7.8,11.1,5등급
CHEVROLET COLORADO RWD (MY23),한국지엠주식회사,화물차,일반형,8.9,,8,10.3,5등급
BMW X5 xDrive40i,BMW코리아㈜,승용차,다목적형,9.2,,8.7,10,5등급
BMW X6 M60i xDrive,BMW코리아㈜,승용차,다목적형,7.8,,7,9.1,5등급
BMW X5 xDrive40i,BMW코리아㈜,승용차,다목적형,9.2,,8.7,10,5등급
RS 3,폭스바겐그룹코리아 주식회사,승용차,일반형,9.2,,8,11.2,5등급
Mercedes-Benz GLE 450 4MATIC ,메르세데스-벤츠코리아(주),승용차,다목적형,8.5,,7.7,9.7,5등급
BMW X5 M Competition,BMW코리아㈜,승용차,다목적형,6.9,,6.1,8.2,5등급
BMW X5 M60i xDrive,BMW코리아㈜,승용차,다목적형,7.5,,6.7,8.7,5등급
Mercedes-Benz GLE 450 4MATIC(5seater),메르세데스-벤츠코리아(주),승용차,다목적형,8.5,,7.7,9.7,5등급
스포티지 2.0 LPI 19인치_24MY,기아 주식회사,승용차,다목적형,9,,8.1,10.2,5등급
스포티지 2.0 LPI 19인치 (빌트인캠) _24MY,기아 주식회사,승용차,다목적형,8.8,,8,9.9,5등급
스포티지 2.0 LPI 18인치_24MY,기아 주식회사,승용차,다목적형,9.1,,8.2,10.3,5등급
스포티지 2.0 LPI 18인치 (빌트인캠) _24MY,기아 주식회사,승용차,다목적형,8.9,,8.1,10,5등급
스포티지 2.0 LPI 17인치_24MY,기아 주식회사,승용차,다목적형,9.2,,8.2,10.6,5등급
짚 글래디에이터,스텔란티스코리아 주식회사,화물차,화물,6.2,,5.7,7,5등급
팰리세이드(PE) 3.8GDI 2WD 7인 20인치(24MY),현대자동차㈜,승용차,다목적형,9,,8,10.7,5등급
팰리세이드(PE) 3.8GDI 2WD 8인 20인치(24MY),현대자동차㈜,승용차,다목적형,9,,8,10.7,5등급
팰리세이드(PE) 3.8GDI AWD 7인 20인치(24MY),현대자동차㈜,승용차,다목적형,8.5,,7.6,10,5등급
팰리세이드(PE) 3.8GDI AWD 8인 20인치(24MY),현대자동차㈜,승용차,다목적형,8.5,,7.6,10,5등급
Mercedes-AMG GLE 53 4MATIC +(5seater),메르세데스-벤츠코리아(주),승용차,다목적형,8,,7.3,9.2,5등급
Mercedes-AMG GLE 53 4MATIC +,메르세데스-벤츠코리아(주),승용차,다목적형,8,,7.3,9.2,5등급
Mercedes-AMG GLE 53 4MATIC + Coupe,메르세데스-벤츠코리아(주),승용차,다목적형,8,,7.3,9.2,5등급
BMW X6 M Competition,BMW코리아㈜,승용차,다목적형,7,,6.2,8.4,5등급
GV70 2.5T-GDI AWD 21인치(24MY),현대자동차㈜,승용차,다목적형,9.2,,8.2,10.7,5등급
GV70 2.5T-GDI AWD 21인치 (스포츠패키지)(24MY),현대자동차㈜,승용차,다목적형,9.2,,8.2,10.7,5등급
GV70 3.5T-GDI AWD 21인치[썸머](스포츠패키지)(24MY),현대자동차㈜,승용차,다목적형,8.2,,7.2,9.7,5등급
GV70 3.5T-GDI AWD 21인치(24MY),현대자동차㈜,승용차,다목적형,8.3,,7.3,9.9,5등급
GV70 3.5T-GDI AWD 21인치 (스포츠패키지)(24MY),현대자동차㈜,승용차,다목적형,8.3,,7.3,9.9,5등급
GV70 3.5T-GDI AWD 19인치(빌트인캠)(24MY),현대자동차㈜,승용차,다목적형,8.5,,7.4,10.2,5등급
GV70 3.5T-GDI AWD 19인치(24MY),현대자동차㈜,승용차,다목적형,8.6,,7.5,10.3,5등급
SQ8 Sportback e-tron,폭스바겐그룹코리아 주식회사,승용차,다목적형,2.6,303,2.5,2.6,5등급
쏘렌토(PE) 2.5T-GDI 4WD 5인 20인치,기아 주식회사,승용차,다목적형,9.3,,8.3,10.8,5등급
쏘렌토(PE) 2.5T-GDI 4WD 6인 20인치,기아 주식회사,승용차,다목적형,9.3,,8.3,10.8,5등급
쏘렌토(PE) 2.5T-GDI 4WD 7인 20인치,기아 주식회사,승용차,다목적형,9.3,,8.3,10.8,5등급
"Mercedes-Benz S 500 4MATIC 	",메르세데스-벤츠코리아(주),승용차,일반형,9.1,,8,10.9,5등급
"Mercedes-Benz S 580 4MATIC	",메르세데스-벤츠코리아(주),승용차,일반형,8,,6.9,10,5등급
Mercedes-Maybach S 580,메르세데스-벤츠코리아(주),승용차,일반형,8,,6.8,10.1,5등급
Mercedes-Maybach S 580(5seater),메르세데스-벤츠코리아(주),승용차,일반형,8,,6.8,10.1,5등급
Mercedes-AMG CLA 45 S 4MATIC +,메르세데스-벤츠코리아(주),승용차,일반형,9.2,,8,11.2,5등급
Mercedes-AMG A 45 S 4MATIC +,메르세데스-벤츠코리아(주),승용차,일반형,8.9,,7.9,10.4,5등급
Mercedes-Maybach S 680 (5 seater),메르세데스-벤츠코리아(주),승용차,일반형,6,,4.9,8.2,5등급
레인지로버 벨라 P400,(주)재규어랜드로버코리아,승용차,다목적형,8.9,,8,10.4,5등급
Mercedes-Maybach S 680,메르세데스-벤츠코리아(주),승용차,일반형,6,,4.9,8.2,5등급
GMC Sierra ,한국지엠주식회사,화물차,일반형,6.6,,5.9,7.8,5등급
짚 랭글러 스포츠,스텔란티스코리아 주식회사,승용차,다목적형,8.2,,7.5,9.1,5등급
짚 랭글러 사하라,스텔란티스코리아 주식회사,승용차,다목적형,8,,7.4,9.1,5등급
짚 랭글러 루비콘,스텔란티스코리아 주식회사,승용차,다목적형,7.5,,7.1,8.1,5등급
짚 랭글러 루비콘,스텔란티스코리아 주식회사,승용차,다목적형,7.6,,7.2,8.1,5등급
RS 5 Sportback Competition,폭스바겐그룹코리아 주식회사,승용차,일반형,8.7,,7.4,11.1,5등급
BMW i7 M70 xDrive,BMW코리아㈜,승용차,일반형,3.3,391,3.2,3.4,5등급
Mercedes-AMG EQS 53 4MATIC +,메르세데스-벤츠코리아(주),승용차,일반형,3.2,406,3.2,3.3,5등급
"GV80 개조 2.5T 2WD 20""/22""",현대자동차㈜,승용차,다목적형,8.9,,7.9,10.5,5등급
"GV80 개조 2.5T AWD 20""/22""",현대자동차㈜,승용차,다목적형,8.3,,7.4,9.7,5등급
"GV80 개조 2.5T AWD 19"" 6/7인",현대자동차㈜,승용차,다목적형,8.5,,7.5,10,5등급
"GV80 개조 2.5T AWD 19"" 5인 빌트인캠 장착",현대자동차㈜,승용차,다목적형,8.7,,7.6,10.5,5등급
"GV80 개조 2.5T AWD 19"" 5인 빌트인캠 미장착",현대자동차㈜,승용차,다목적형,8.9,,7.8,10.6,5등급
"Mercedes-AMG SL 63 4MATIC + 	",메르세데스-벤츠코리아(주),승용차,일반형,6.5,,5.5,8.4,5등급
GV80 개조 3.5T AWD 쿠페,현대자동차㈜,승용차,다목적형,7.8,,6.8,9.3,5등급
"GV80 개조 3.5T AWD 22""",현대자동차㈜,승용차,다목적형,7.7,,6.8,9.2,5등급
"GV80 개조 3.5T AWD 20"" 5인 빌트인캠 미장착",현대자동차㈜,승용차,다목적형,7.9,,6.8,9.7,5등급
"GV80 개조 3.5T 2WD 22""",현대자동차㈜,승용차,다목적형,8.2,,7.3,9.7,5등급
"GV80 개조 3.5T 2WD 20"" 6/7인",현대자동차㈜,승용차,다목적형,8.2,,7.3,9.5,5등급
"GV80 개조 3.5T 2WD 20"" 5인 빌트인캠 장착",현대자동차㈜,승용차,다목적형,8.4,,7.4,9.9,5등급
"GV80 개조 3.5T 2WD 20"" 5인 빌트인캠 미장착",현대자동차㈜,승용차,다목적형,8.6,,7.7,10,5등급
GV80 개조 2.5T AWD 쿠페,현대자동차㈜,승용차,다목적형,8.2,,7.3,9.5,5등급
"GV80 개조 2.5T 2WD 19"" 빌트인캠 장착",현대자동차㈜,승용차,다목적형,9.1,,8,10.8,5등급
"GV80 개조 2.5T 2WD 19"" 빌트인캠 미장착",현대자동차㈜,승용차,다목적형,9.3,,8.2,11,5등급
"GV80 개조 3.5T AWD 20"" 5인 빌트인캠 장착",현대자동차㈜,승용차,다목적형,7.7,,6.8,9.2,5등급
"GV80 개조 3.5T AWD 20"" 6/7인",현대자동차㈜,승용차,다목적형,7.7,,6.8,9.2,5등급
Rolls Royce Spectre,BMW코리아㈜,승용차,일반형,3.2,383,3.1,3.4,5등급
Rolls Royce Black Badge Spectre,BMW코리아㈜,승용차,일반형,3.2,380,3,3.3,5등급
Mustang GT 5.0L Coupe,포드세일즈서비스코리아(유),승용차,일반형,7.2,,6.1,9.2,5등급
"Mercedes-Benz GLS 580 4MATIC	",메르세데스-벤츠코리아(주),승용차,다목적형,6,,5.5,6.8,5등급
"Mercedes-Benz GLS 580 4MATIC	",메르세데스-벤츠코리아(주),승용차,다목적형,6,,5.5,6.8,5등급
"Mercedes-Maybach GLS 600 	",메르세데스-벤츠코리아(주),승용차,다목적형,6.1,,5.4,7.3,5등급
"Mercedes-Maybach GLS 600 	",메르세데스-벤츠코리아(주),승용차,다목적형,6.1,,5.4,7.3,5등급
Atlas TSI,폭스바겐그룹코리아 주식회사,승용차,다목적형,8.6,,7.6,10.1,5등급
볼보 XC90B6 AWD,㈜볼보자동차코리아,승용차,다목적형,9.1,,8.1,10.9,5등급
Atlas TSI,폭스바겐그룹코리아 주식회사,승용차,다목적형,8.6,,7.6,10.1,5등급
한국쓰리축1톤롱바디EV트럭(포터),주식회사 한국쓰리축,화물차,일반형,2.8,185,3.2,2.4,5등급
한국쓰리축1톤롱바디EV트럭(봉고),주식회사 한국쓰리축,화물차,일반형,2.8,183,3.3,2.4,5등급
"카니발(KA4 PE) 3.5GDI 하이리무진 7인 19""",기아 주식회사,승용차,기타형,8.7,,7.6,10.4,5등급
"카니발(KA4 PE) 3.5GDI 하이리무진 9인 18/19""",기아 주식회사,승용차,기타형,8.7,,7.6,10.4,5등급
"카니발(KA4 PE) 3.5GDI 하이리무진 4인 19""",기아 주식회사,승용차,기타형,8.5,,7.4,10.2,5등급
"카니발(KA4 PE) 3.5GDI 9인 19""(C)",기아 주식회사,승용차,기타형,8.9,,7.7,10.9,5등급
"카니발(KA4 PE) 3.5GDI 9인 19""(nC)",기아 주식회사,승용차,기타형,9,,7.8,10.9,5등급
Lincoln Nautilus 2.0L,포드세일즈서비스코리아(유),승용차,다목적형,9,,7.9,10.9,5등급
레인지로버 벨라 P400,(주)재규어랜드로버코리아,승용차,다목적형,8.9,,8,10.4,5등급
"카니발(KA4 PE) 3.5GDI 9인 18""(nC)",기아 주식회사,승용차,기타형,9,,7.8,10.9,5등급
"카니발(KA4 PE) 3.5GDI 7인 19""(nC)",기아 주식회사,승용차,기타형,9,,7.8,10.9,5등급
"카니발(KA4 PE) 3.5GDI 7인 19""(C)",기아 주식회사,승용차,기타형,8.9,,7.7,10.9,5등급
Mustang GT 5.0L Convertible,포드세일즈서비스코리아(유),승용차,일반형,7.2,,6.1,9.2,5등급
Flying Spur V8,폭스바겐그룹코리아 주식회사,승용차,일반형,6.6,,5.5,8.7,5등급
"카니발(KA4 PE) 3.5GDI 9인 18""(C)",기아 주식회사,승용차,기타형,8.9,,7.7,10.9,5등급
마세라티 그란투리스모 트로페오,스텔란티스코리아 주식회사,승용차,일반형,8.4,,7.2,10.5,5등급
페라리 Roma Spider,(주) 에프엠케이,승용차,일반형,8,,7,9.6,5등급
Flying Spur S,폭스바겐그룹코리아 주식회사,승용차,일반형,6.6,,5.5,8.7,5등급
Flying Spur S,폭스바겐그룹코리아 주식회사,승용차,일반형,6.6,,5.5,8.7,5등급
Flying Spur V8,폭스바겐그룹코리아 주식회사,승용차,일반형,6.6,,5.5,8.7,5등급
마세라티 그란투리스모 모데나,스텔란티스코리아 주식회사,승용차,일반형,8.4,,7.2,10.6,5등급
봉고 1톤 2.5T-LPDi 4X4 장축 6MT 킹캡,기아 주식회사,화물차,일반형,6.3,,6.2,6.4,5등급
봉고 1톤 2.5T-LPDi 4X4 장축 6MT 더블캡,기아 주식회사,화물차,일반형,6.3,,6.2,6.4,5등급
포터 2.5T-LPDi 4X4 장축 6MT 더블캡,현대자동차㈜,화물차,일반형,6.3,,6.1,6.4,5등급
봉고 1톤 2.5T-LPDi 2WD 초장축 6MT 표준캡,기아 주식회사,화물차,일반형,7,,6.7,7.4,5등급
봉고 1톤 2.5T-LPDi 2WD 초장축 5AT 표준캡,기아 주식회사,화물차,일반형,6.5,,6.1,7.1,5등급
봉고 1톤 2.5T-LPDi 4X4 장축 6MT 표준캡,기아 주식회사,화물차,일반형,6.3,,6.2,6.4,5등급
봉고 1톤 2.5T-LPDi 2WD 초장축 6MT 킹캡,기아 주식회사,화물차,일반형,7,,6.7,7.4,5등급
봉고 1톤 2.5T-LPDi 2WD 초장축 6MT 더블캡,기아 주식회사,화물차,일반형,6.8,,6.5,7.2,5등급
봉고 1톤 2.5T-LPDi 2WD 초장축 5AT 킹캡,기아 주식회사,화물차,일반형,6.5,,6.1,7.1,5등급
봉고 1톤 2.5T-LPDi 2WD 초장축 5AT 더블캡,기아 주식회사,화물차,일반형,6.4,,6,6.9,5등급
포터 2.5T-LPDi 2WD 초장축 6MT 일반캡,현대자동차㈜,화물차,일반형,7,,6.7,7.4,5등급
포터 2.5T-LPDi 2WD 초장축 5AT 일반캡,현대자동차㈜,화물차,일반형,6.5,,6.1,7.1,5등급
포터 2.5T-LPDi 4X4 장축 6MT 일반캡,현대자동차㈜,화물차,일반형,6.3,,6.2,6.4,5등급
포터 2.5T-LPDi 2WD 초장축 6MT 슈퍼캡,현대자동차㈜,화물차,일반형,7,,6.7,7.4,5등급
포터 2.5T-LPDi 2WD 초장축 6MT 더블캡,현대자동차㈜,화물차,일반형,6.8,,6.5,7.2,5등급
포터 2.5T-LPDi 2WD 초장축 5AT 슈퍼캡,현대자동차㈜,화물차,일반형,6.5,,6.1,7.1,5등급
포터 2.5T-LPDi 2WD 초장축 5AT 더블캡,현대자동차㈜,화물차,일반형,6.4,,6,6.9,5등급
포터 2.5T-LPDi 4X4 장축 6MT 슈퍼캡,현대자동차㈜,화물차,일반형,6.3,,6.2,6.4,5등급
Continental GT V8,폭스바겐그룹코리아 주식회사,승용차,일반형,7.4,,6.4,9,5등급
파나메라 4 (5인승),포르쉐코리아 주식회사,승용차,일반형,8,,7.2,9.4,5등급
GV80 e-S/C 3.5T-GDI 20인치(nC),현대자동차㈜,승용차,다목적형,8.3,,7.4,9.8,5등급
GV80 e-S/C 3.5T-GDI 20인치(C),현대자동차㈜,승용차,다목적형,8.2,,7.3,9.6,5등급
GV80 e-S/C 3.5T-GDI 22인치,현대자동차㈜,승용차,다목적형,8.1,,7.3,9.3,5등급
Mercedes-AMG GT 43 4MATIC + ,메르세데스-벤츠코리아(주),승용차,일반형,8.8,,7.9,10.2,5등급
Continental GT S,폭스바겐그룹코리아 주식회사,승용차,일반형,7.4,,6.4,9,5등급
마세라티 그란카브리오 트로페오,스텔란티스코리아 주식회사,승용차,일반형,8.1,,6.9,10.4,5등급
파나메라 4,포르쉐코리아 주식회사,승용차,일반형,8,,7.2,9.4,5등급
Q8 55 TFSI quattro,폭스바겐그룹코리아 주식회사,승용차,다목적형,8.1,,7.3,9.2,5등급
더 뉴 레인지로버 P530 SWB,(주)재규어랜드로버코리아,승용차,다목적형,7.8,,6.7,9.6,5등급
더 뉴 레인지로버 P530 LWB,(주)재규어랜드로버코리아,승용차,다목적형,7.8,,6.7,9.6,5등급
더 뉴 레인지로버 P530 LWB,(주)재규어랜드로버코리아,승용차,다목적형,7.8,,6.7,9.6,5등급
더 뉴 레인지로버 P615 SV,(주)재규어랜드로버코리아,승용차,다목적형,7.8,,6.7,9.6,5등급
G80(PE) 3.5T-GDI AWD 20“(올시즌),현대자동차㈜,승용차,일반형,8.2,,7.1,10.2,5등급
G80(PE) 3.5T-GDI AWD 20“(썸머),현대자동차㈜,승용차,일반형,8.2,,7.1,10.2,5등급
"G80(PE) 3.5T-GDI AWD 19""",현대자동차㈜,승용차,일반형,8.3,,7.2,10.1,5등급
G80(PE) 3.5T-GDI RWD 20“(올시즌),현대자동차㈜,승용차,일반형,8.8,,7.6,11,5등급
G80(PE) 3.5T-GDI RWD 20“(썸머),현대자동차㈜,승용차,일반형,8.7,,7.4,11,5등급
"G80(PE) 3.5T-GDI RWD 19""",현대자동차㈜,승용차,일반형,9,,7.6,11.7,5등급
더 뉴 레인지로버 P615 SV,(주)재규어랜드로버코리아,승용차,다목적형,7.8,,6.7,9.6,5등급
짚 글래디에이터,스텔란티스코리아 주식회사,화물차,화물,6.4,,6,7.1,5등급
레인지로버 벨라 P250,(주)재규어랜드로버코리아,승용차,다목적형,8.9,,8,10.2,5등급
디펜더 130 P400,(주)재규어랜드로버코리아,승용차,다목적형,7.2,,6.6,8.2,5등급
Mercedes-AMG GLC 43 4MATIC,메르세데스-벤츠코리아(주),승용차,다목적형,8.5,,7.4,10.5,5등급
디펜더 90 P400,(주)재규어랜드로버코리아,승용차,다목적형,7.2,,6.7,7.9,5등급
봉고 1톤 3방덤프 4X4장축 킹캡 MT,기아 주식회사,화물차,덤프형,6.1,,5.9,6.2,5등급
봉고 1톤 일반덤프 4X4장축 킹캡 MT,기아 주식회사,화물차,덤프형,6.1,,5.9,6.2,5등급
Q7 55 TFSI quattro,폭스바겐그룹코리아 주식회사,승용차,다목적형,8.1,,7.2,9.4,5등급
포터 2.5T-LPDi 덤프 장축 슈퍼캡 MT,현대자동차㈜,화물차,덤프형,6,,6,6.1,5등급
포터일렉트릭 24MY,현대자동차㈜,화물차,일반형,3.1,211,3.6,2.7,5등급
짚 그랜드 체로키 L,스텔란티스코리아 주식회사,승용차,다목적형,7.7,,6.7,9.4,5등급
G90 e-S/C 3.5T-GDI AWD 4인 21인치_24MY,현대자동차㈜,승용차,일반형,8.3,,7.2,10.1,5등급
G90 e-S/C 3.5T-GDI(LWB) AWD 5인 20인치_24MY,현대자동차㈜,승용차,일반형,8.2,,7.1,10,5등급
G90 e-S/C 3.5T-GDI 2WD 5인 20인치(nC)_24MY,현대자동차㈜,승용차,일반형,9.1,,7.8,11.2,5등급
G90 e-S/C 3.5T-GDI 2WD 5인 20인치(C)_24MY,현대자동차㈜,승용차,일반형,9.1,,7.8,11.2,5등급
G90 e-S/C 3.5T-GDI 2WD 4인 20인치(nC)_24MY,현대자동차㈜,승용차,일반형,9.1,,7.8,11.2,5등급
G90 e-S/C 3.5T-GDI 2WD 4인 20인치(C)_24MY,현대자동차㈜,승용차,일반형,9.1,,7.8,11.2,5등급
G90 e-S/C 3.5T-GDI AWD 5인 21인치_24MY,현대자동차㈜,승용차,일반형,8.3,,7.2,10.1,5등급
G90 3.5T-GDI 2WD 5인 19인치 (nC)_24MY,현대자동차㈜,승용차,일반형,9.3,,8,11.5,5등급
G90 3.5T-GDI 2WD 5인 19인치(C)_24MY,현대자동차㈜,승용차,일반형,9.3,,8,11.5,5등급
G90 3.5T-GDI 2WD 4인 19인치_24MY,현대자동차㈜,승용차,일반형,9,,7.8,11.1,5등급
G90 3.5T-GDI 2WD 4/5인 블랙라인,현대자동차㈜,승용차,일반형,8.8,,7.6,10.8,5등급
G90 3.5T-GDI 2WD 5인 20인치_24MY,현대자동차㈜,승용차,일반형,8.9,,7.7,10.8,5등급
G90 3.5T-GDI 2WD 4인 20인치_24MY,현대자동차㈜,승용차,일반형,8.9,,7.7,10.8,5등급
G90 3.5T-GDI AWD 5인 19인치_24MY,현대자동차㈜,승용차,일반형,8.5,,7.4,10.3,5등급
G90 3.5T-GDI AWD 4인 19인치_24MY,현대자동차㈜,승용차,일반형,8.5,,7.4,10.3,5등급
G90 3.5T-GDI AWD 4/5인 블랙라인,현대자동차㈜,승용차,일반형,8,,7,9.8,5등급
Bentayga V8 EWB,폭스바겐그룹코리아 주식회사,승용차,다목적형,7,,6.1,8.3,5등급
봉고 전기차 (24MY),기아 주식회사,화물차,일반형,3.1,211,3.6,2.7,5등급
SQ7 TFSI,폭스바겐그룹코리아 주식회사,승용차,다목적형,6.7,,5.9,8,5등급
G90 e-SC 3.5T-GDI(LWB) AWD 4인 20인치_24MY,현대자동차㈜,승용차,일반형,8.2,,7.1,10,5등급
G90 3.5T-GDI AWD 5인 20인치_24MY,현대자동차㈜,승용차,일반형,8.3,,7.2,10.1,5등급
G90 3.5T-GDI AWD 4인 20인치_24MY,현대자동차㈜,승용차,일반형,8.3,,7.2,10.1,5등급
Bentayga S,폭스바겐그룹코리아 주식회사,승용차,다목적형,7,,6.1,8.3,5등급
Bentayga S,폭스바겐그룹코리아 주식회사,승용차,다목적형,7,,6.1,8.3,5등급
Bentayga V8,폭스바겐그룹코리아 주식회사,승용차,다목적형,7,,6.1,8.3,5등급
Bentayga V8,폭스바겐그룹코리아 주식회사,승용차,다목적형,7,,6.1,8.3,5등급
Bentayga V8 EWB,폭스바겐그룹코리아 주식회사,승용차,다목적형,7,,6.1,8.3,5등급
G90 e-S/C 3.5T-GDI 2WD 4/5인 블랙라인,현대자동차㈜,승용차,일반형,8.5,,7.3,10.4,5등급
G90 e-S/C 3.5T-GDI 2WD 5인 21인치_24MY,현대자동차㈜,승용차,일반형,8.8,,7.6,10.8,5등급
G90 e-S/C 3.5T-GDI 2WD 4인 21인치_24MY,현대자동차㈜,승용차,일반형,8.8,,7.6,10.8,5등급
G90 e-S/C 3.5T-GDI AWD 5인 20인치_24MY,현대자동차㈜,승용차,일반형,8.4,,7.3,10.3,5등급
G90 e-S/C 3.5T-GDI AWD 4인 20인치_24MY,현대자동차㈜,승용차,일반형,8.4,,7.3,10.3,5등급
G90 e-S/C 3.5T-GDI AWD 4/5인 블랙라인,현대자동차㈜,승용차,일반형,8.2,,7.1,10,5등급
PILOT,혼다코리아(주),승용차,다목적형,8.3,,7.4,9.8,5등급
Mercedes-AMG GLC 43 4MATIC Coupe,메르세데스-벤츠코리아(주),승용차,다목적형,8.3,,7.2,10.1,5등급
더 뉴 레인지로버 스포츠 P635 SV,(주)재규어랜드로버코리아,승용차,다목적형,7.1,,6.2,8.7,5등급
이네오스 그레나디어  스테이션왜건 가솔린,차봇모터스 주식회사,승용차,다목적형,5.5,,5.3,5.9,5등급
"GV70 FL 3.5T-GDI AWD 19""",현대자동차㈜,승용차,다목적형,8.5,,7.5,10.2,5등급
"GV70 FL 3.5T-GDI AWD 21"" 스포츠패키지(썸머)",현대자동차㈜,승용차,다목적형,8.3,,7.3,9.8,5등급
"GV70 FL 3.5T-GDI RWD 19""",현대자동차㈜,승용차,다목적형,8.9,,7.8,10.9,5등급
"GV70 FL 2.5T-GDI AWD 21"" 스포츠패키지",현대자동차㈜,승용차,다목적형,9,,7.9,10.8,5등급
"GV70 FL 3.5T-GDI RWD 21"" 스포츠패키지(썸머)",현대자동차㈜,승용차,다목적형,8.5,,7.5,10.1,5등급
"GV70 FL 3.5T-GDI AWD 21"" ",현대자동차㈜,승용차,다목적형,8.3,,7.3,9.8,5등급
"GV70 FL 3.5T-GDI AWD 21"" 스포츠패키지",현대자동차㈜,승용차,다목적형,8.3,,7.3,9.8,5등급
Q7 55 TFSI quattro,폭스바겐그룹코리아 주식회사,승용차,다목적형,8.1,,7.2,9.4,5등급
"GV70 FL 3.5T-GDI RWD 21""",현대자동차㈜,승용차,다목적형,8.5,,7.5,10.1,5등급
"GV70 FL 3.5T-GDI RWD 21"" 스포츠패키지",현대자동차㈜,승용차,다목적형,8.5,,7.5,10.1,5등급
"GV70 FL 2.5T-GDI AWD 21""",현대자동차㈜,승용차,다목적형,9,,7.9,10.8,5등급
한국상용1톤롱바디EV트럭,한국상용트럭 주식회사,화물차,일반형,2.7,177,3.2,2.3,5등급
BMW M4 Competition M xDrive Coupe,BMW코리아㈜,승용차,일반형,8.1,,7,10,5등급
BMW M4 Competition M xDrive Convertible,BMW코리아㈜,승용차,일반형,8.2,,7.1,10.1,5등급
한국상용0.9톤롱바디EV내장탑트럭,한국상용트럭 주식회사,화물차,일반형,2.1,137,2.6,1.7,5등급
Mercedes-AMG A 45 S 4MATIC +,메르세데스-벤츠코리아(주),승용차,일반형,9.1,,8.1,10.8,5등급
Mercedes-AMG CLA 45 S 4MATIC+,메르세데스-벤츠코리아(주),승용차,일반형,9.2,,8.2,10.9,5등급
STEGO-Z,이브이앤솔루션 주식회사,화물차,화물,3.2,144,3.5,2.9,5등급
Mercedes-AMG GLB 35 4MATIC,메르세데스-벤츠코리아(주),승용차,다목적형,9.2,,8.4,10.5,5등급
레인지로버 벨라 P400,(주)재규어랜드로버코리아,승용차,다목적형,8.2,,7.3,9.5,5등급
K8(GL3 PE) 3.5 LPI 18인치,기아 주식회사,승용차,일반형,7.8,,6.6,10,5등급
K8(GL3 PE) 3.5 LPI 17인치(nC),기아 주식회사,승용차,일반형,8,,6.8,10.2,5등급
K8(GL3 PE) 3.5 GDI AWD 19인치,기아 주식회사,승용차,일반형,9,,7.5,11.7,5등급
K8(GL3 PE) 3.5 GDI AWD 18인치,기아 주식회사,승용차,일반형,9.1,,7.6,12,5등급
Rolls-Royce Cullinan Black Badge,BMW코리아㈜,승용차,다목적형,5.4,,4.5,6.9,5등급
Rolls-Royce Cullinan,BMW코리아㈜,승용차,다목적형,5.5,,4.6,7.1,5등급
Mercedes-Maybach S 680,메르세데스-벤츠코리아(주),승용차,일반형,6.1,,5,8.3,5등급
K8(GL3 PE) 3.5 GDI AWD 20인치,기아 주식회사,승용차,일반형,9,,7.5,11.7,5등급
Mercedes-Maybach S 580,메르세데스-벤츠코리아(주),승용차,일반형,8.1,,7,10.1,5등급
Mercedes-AMG GLC 43 4MATIC Coupe,메르세데스-벤츠코리아(주),승용차,다목적형,8.7,,7.6,10.6,5등급
Mercedes-Maybach S 680,메르세데스-벤츠코리아(주),승용차,일반형,6.1,,5,8.3,5등급
카이엔 GTS Coupe (5인승),포르쉐코리아 주식회사,승용차,다목적형,7,,6.1,8.7,5등급
Mercedes-Benz G 580 with EQ Technology,메르세데스-벤츠코리아(주),승용차,다목적형,3,392,3.2,2.7,5등급
카이엔 GTS,포르쉐코리아 주식회사,승용차,다목적형,7,,6.1,8.7,5등급
카이엔 GTS Coupe,포르쉐코리아 주식회사,승용차,다목적형,7,,6.1,8.7,5등급
EMIRA V6,로터스카스코리아 주식회사,승용차,일반형,7.7,,6.5,9.9,5등급
BMW M3 Competition M xDrive Touring,BMW코리아㈜,승용차,일반형,7.9,,7,9.4,5등급
Explorer 2.3L AWD,포드세일즈서비스코리아(유),승용차,다목적형,8.7,,7.6,10.4,5등급
Mercedes-Maybach S 580,메르세데스-벤츠코리아(주),승용차,일반형,8.1,,7,10.1,5등급
BMW M4 CS,BMW코리아㈜,승용차,일반형,8,,7.1,9.7,5등급
Mercedes-Benz S 580 4MATIC,메르세데스-벤츠코리아(주),승용차,일반형,8,,6.9,10,5등급
Rolls-Royce Cullinan Black Badge,BMW코리아㈜,승용차,다목적형,5.4,,4.5,6.9,5등급
Rolls-Royce Cullinan,BMW코리아㈜,승용차,다목적형,5.5,,4.6,7.1,5등급
BMW M3 Competition M xDrive,BMW코리아㈜,승용차,일반형,8.2,,7.3,9.8,5등급
EMIRA V6,로터스카스코리아 주식회사,승용차,일반형,8.1,,7,10.1,5등급
Explorer 2.3L AWD (Platinum),포드세일즈서비스코리아(유),승용차,다목적형,8.7,,7.6,10.4,5등급
Mercedes-AMG GLC 43 4MATIC,메르세데스-벤츠코리아(주),승용차,다목적형,8.8,,7.7,10.8,5등급
Mercedes-AMG SL 63 4MATIC +,메르세데스-벤츠코리아(주),승용차,일반형,6.5,,5.5,8.2,5등급
쏘렌토(MQ4 PE) 2.5T-GDI 4WD 7인 20인치 25MY,기아 주식회사,승용차,다목적형,9.3,,8.3,10.8,5등급
쏘렌토(MQ4 PE) 2.5T-GDI 4WD 6인 20인치 25MY,기아 주식회사,승용차,다목적형,9.3,,8.3,10.8,5등급
쏘렌토(MQ4 PE) 2.5T-GDI 4WD 5인 20인치 25MY,기아 주식회사,승용차,다목적형,9.3,,8.3,10.8,5등급
BMW M2,BMW코리아㈜,승용차,일반형,8.5,,7.4,10.2,5등급
Bronco 2.3,포드세일즈서비스코리아(유),승용차,다목적형,8.4,,7.9,9.1,5등급
RS Q8 performance,폭스바겐그룹코리아 주식회사,승용차,다목적형,6.5,,5.8,7.7,5등급
Lincoln Aviator 3.0L AWD(Black Label),포드세일즈서비스코리아(유),승용차,다목적형,7.7,,6.9,9.1,5등급
디펜더 130 P400,(주)재규어랜드로버코리아,승용차,다목적형,7.2,,6.6,8.2,5등급
더 뉴 레인지로버 스포츠 P360,(주)재규어랜드로버코리아,승용차,다목적형,8.3,,7.4,9.9,5등급
ELETRE R,로터스카스코리아 주식회사,승용차,다목적형,3.1,397,3.1,3.1,5등급
ELETRE S,로터스카스코리아 주식회사,승용차,다목적형,3.3,421,3.3,3.2,5등급
ELETRE R,로터스카스코리아 주식회사,승용차,다목적형,3.1,397,3.1,3.1,5등급
더 뉴 레인지로버 스포츠 P400,(주)재규어랜드로버코리아,승용차,다목적형,8.3,,7.4,9.9,5등급
Mercedes-Maybach GLS600,메르세데스-벤츠코리아(주),승용차,다목적형,6.2,,5.5,7.5,5등급
Bentayga S,폭스바겐그룹코리아 주식회사,승용차,다목적형,7,,6.1,8.3,5등급
Bentayga S,폭스바겐그룹코리아 주식회사,승용차,다목적형,7,,6.1,8.3,5등급
Bentayga V8,폭스바겐그룹코리아 주식회사,승용차,다목적형,7,,6.1,8.3,5등급
Bentayga V8,폭스바겐그룹코리아 주식회사,승용차,다목적형,7,,6.1,8.3,5등급
Bentayga V8 EWB,폭스바겐그룹코리아 주식회사,승용차,다목적형,7,,6.1,8.3,5등급
Bentayga V8 EWB,폭스바겐그룹코리아 주식회사,승용차,다목적형,7,,6.1,8.3,5등급
Mercedes-Benz GLS 580 4MATIC,메르세데스-벤츠코리아(주),승용차,다목적형,6.5,,5.8,7.6,5등급
Mercedes-Benz GLE 450 4MATIC Coupe,메르세데스-벤츠코리아(주),승용차,다목적형,8.2,,7.5,9.4,5등급
Mercedes-AMG GLE 53 4MATIC + Coupe,메르세데스-벤츠코리아(주),승용차,다목적형,8.3,,7.5,9.5,5등급
Mercedes-AMG G 63,메르세데스-벤츠코리아(주),승용차,다목적형,5.8,,5.4,6.5,5등급
Mercedes-AMG GLE 53 4MATIC +,메르세데스-벤츠코리아(주),승용차,다목적형,7.8,,7.1,8.9,5등급
Mercedes-Benz GLE 450 4MATIC,메르세데스-벤츠코리아(주),승용차,다목적형,8.4,,7.6,9.5,5등급
Mercedes-Maybach GLS600,메르세데스-벤츠코리아(주),승용차,다목적형,6.2,,5.5,7.5,5등급
Mercedes-Benz GLS 580 4MATIC,메르세데스-벤츠코리아(주),승용차,다목적형,6.5,,5.8,7.6,5등급
Mercedes-AMG GLE 53 4MATIC +,메르세데스-벤츠코리아(주),승용차,다목적형,7.8,,7.1,8.9,5등급
Mercedes-Benz GLE 450 4MATIC,메르세데스-벤츠코리아(주),승용차,다목적형,8.4,,7.6,9.5,5등급
스포티지(NQ5) PE 2.0LPI 2WD 6AT 17인치 빌트인캠 무,기아 주식회사,승용차,다목적형,9.2,,8.2,10.6,5등급
스포티지(NQ5) PE 2.0LPI 2WD 6AT 17인치 빌트인캠 유,기아 주식회사,승용차,다목적형,8.8,,7.9,10.1,5등급
스포티지(NQ5) PE 2.0LPI 2WD 6AT 18인치,기아 주식회사,승용차,다목적형,8.7,,7.7,10.3,5등급
스포티지(NQ5) PE 2.0LPI 2WD 6AT 19인치,기아 주식회사,승용차,다목적형,8.6,,7.6,10.1,5등급
Mercedes-Benz GLS 450 4MATIC,메르세데스-벤츠코리아(주),승용차,다목적형,7.9,,7.2,8.9,5등급
Lincoln Aviator 3.0L AWD(Reserve),포드세일즈서비스코리아(유),승용차,다목적형,7.7,,6.9,9.1,5등급
파나메라 GTS (5인승),포르쉐코리아 주식회사,승용차,일반형,7.2,,6.2,9,5등급
ELETRE S,로터스카스코리아 주식회사,승용차,다목적형,3.3,421,3.3,3.2,5등급
ELETRE S,로터스카스코리아 주식회사,승용차,다목적형,3.3,421,3.3,3.2,5등급
파나메라 GTS,포르쉐코리아 주식회사,승용차,일반형,7.2,,6.2,9,5등급
Mercedes-Benz GLS 450 4MATIC,메르세데스-벤츠코리아(주),승용차,다목적형,7.9,,7.2,8.9,5등급
Mercedes-AMG SL 43,메르세데스-벤츠코리아(주),승용차,일반형,8.8,,7.4,11.3,5등급
ELETRE S,로터스카스코리아 주식회사,승용차,다목적형,3.3,421,3.3,3.2,5등급
GV80 개조 2.5T AWD 쿠페 (25MY),현대자동차㈜,승용차,다목적형,8.2,,7.3,9.5,5등급
"GV80 개조 2.5T AWD 20""/22"" (25MY)",현대자동차㈜,승용차,다목적형,8.3,,7.4,9.7,5등급
"GV80 개조 2.5T AWD 19"" 5인 빌트인캠 미장착 (25MY)",현대자동차㈜,승용차,다목적형,8.9,,7.8,10.6,5등급
GV80 e-S/C 3.5T-GDI 20인치(nC) (25MY),현대자동차㈜,승용차,다목적형,8.3,,7.4,9.8,5등급
GV80 e-S/C 3.5T-GDI 20인치(C) (25MY),현대자동차㈜,승용차,다목적형,8.2,,7.3,9.6,5등급
GV80 e-S/C 3.5T-GDI 22인치 (25MY),현대자동차㈜,승용차,다목적형,8.1,,7.3,9.3,5등급
GV80 개조 3.5T AWD 쿠페 (25MY),현대자동차㈜,승용차,다목적형,7.8,,6.8,9.3,5등급
"GV80 개조 3.5T AWD 20"" 5인 빌트인캠 장착 (25MY)",현대자동차㈜,승용차,다목적형,7.7,,6.8,9.2,5등급
"GV80 개조 3.5T AWD 20""  6/7인 (25MY)",현대자동차㈜,승용차,다목적형,7.7,,6.8,9.2,5등급
"GV80 개조 3.5T AWD 22"" (25MY)",현대자동차㈜,승용차,다목적형,7.7,,6.8,9.2,5등급
"GV80 개조 3.5T AWD 20"" 5인 빌트인캠 미장착 (25MY)",현대자동차㈜,승용차,다목적형,7.9,,6.8,9.7,5등급
"GV80 개조 2.5T AWD 19"" 6/7인 (25MY)",현대자동차㈜,승용차,다목적형,8.5,,7.5,10,5등급
"GV80 개조 2.5T AWD 19"" 5인 빌트인캠 장착 (25MY)",현대자동차㈜,승용차,다목적형,8.7,,7.6,10.5,5등급
ELETRE R,로터스카스코리아 주식회사,승용차,다목적형,2.9,375,2.9,2.8,5등급
ELETRE R,로터스카스코리아 주식회사,승용차,다목적형,2.9,375,2.9,2.8,5등급
ELETRE R,로터스카스코리아 주식회사,승용차,다목적형,2.9,375,2.9,2.8,5등급
ELETRE R,로터스카스코리아 주식회사,승용차,다목적형,2.9,375,2.9,2.8,5등급
ODYSSEY,혼다코리아(주),승용차,일반형,9,,7.7,11.2,5등급
S5 TFSI,폭스바겐그룹코리아 주식회사,승용차,일반형,9.2,,7.9,11.6,5등급
Atlas 2.0 TSI,폭스바겐그룹코리아 주식회사,승용차,다목적형,8.5,,7.6,10.1,5등급
Atlas 2.0 TSI,폭스바겐그룹코리아 주식회사,승용차,다목적형,8.5,,7.6,10.1,5등급
Maserati Grecale Folgore,스텔란티스코리아 주식회사,승용차,다목적형,3,333,3.1,2.9,5등급
911 카레라 4 GTS 카브리올레,포르쉐코리아 주식회사,승용차,일반형,7.6,,6.7,9.2,5등급
Rolls-Royce Phantom,BMW코리아㈜,승용차,일반형,5.4,,4.5,7,5등급
Rolls-Royce Phantom Extended,BMW코리아㈜,승용차,일반형,5.3,,4.4,7.1,5등급
Rolls-Royce Black Badge Ghost,BMW코리아㈜,승용차,일반형,5.6,,4.7,7.2,5등급
911 카레라 GTS 카브리올레,포르쉐코리아 주식회사,승용차,일반형,7.9,,6.9,9.6,5등급
911 카레라 4 GTS,포르쉐코리아 주식회사,승용차,일반형,7.6,,6.7,9.2,5등급
911 타르가 4 GTS,포르쉐코리아 주식회사,승용차,일반형,7.6,,6.7,9.2,5등급
Rolls-Royce  Ghost ,BMW코리아㈜,승용차,일반형,5.4,,4.5,7.2,5등급
Mercedes-AMG CLE 53 4MATIC + Cabriolet,메르세데스-벤츠코리아(주),승용차,일반형,9.1,,8,10.9,5등급
911 카레라 GTS ,포르쉐코리아 주식회사,승용차,일반형,7.9,,6.9,9.6,5등급
911 카레라 GTS ,포르쉐코리아 주식회사,승용차,일반형,7.9,,6.9,9.6,5등급
911 카레라 GTS 카브리올레,포르쉐코리아 주식회사,승용차,일반형,7.9,,6.9,9.6,5등급
Rolls-Royce  Ghost  Extended,BMW코리아㈜,승용차,일반형,5.5,,4.6,7.3,5등급
렉서스 LX700h,한국토요타자동차㈜,승용차,다목적형,8,,7.7,8.5,5등급
렉서스 LX700h,한국토요타자동차㈜,승용차,다목적형,8,,7.7,8.5,5등급
렉서스 LX700h,한국토요타자동차㈜,승용차,다목적형,8,,7.7,8.5,5등급
캐딜락 Escalade ESV,지엠아시아퍼시픽지역본부 주식회사,승용차,다목적형,5.9,,5.2,7.1,5등급
캐딜락 Escalade,지엠아시아퍼시픽지역본부 주식회사,승용차,다목적형,6.4,,5.6,7.7,5등급
포터(HR) 일렉트릭 (25MY),현대자동차㈜,화물차,일반형,3.1,217,3.6,2.7,5등급
디펜더 110 P635 OCTA,(주)재규어랜드로버코리아,승용차,다목적형,7,,6.3,8.1,5등급
팰리세이드(LX3) 2.5T-GDI AWD 8AT 9인 18인치,현대자동차㈜,승용차,다목적형,8.6,,7.6,10.3,5등급
팰리세이드(LX3) 2.5T-GDI AWD 8AT 7인 18인치,현대자동차㈜,승용차,다목적형,8.7,,7.7,10.4,5등급
팰리세이드(LX3) 2.5T-GDI 2WD 8AT 9인 20인치,현대자동차㈜,승용차,다목적형,9,,7.9,10.8,5등급
팰리세이드(LX3) 2.5T-GDI 2WD 8AT 9인 21인치,현대자동차㈜,승용차,다목적형,8.7,,7.6,10.6,5등급
팰리세이드(LX3) 2.5T-GDI AWD 8AT 7인 21인치,현대자동차㈜,승용차,다목적형,8.2,,7.2,9.8,5등급
팰리세이드(LX3) 2.5T-GDI 2WD 8AT 7인 20인치,현대자동차㈜,승용차,다목적형,9,,7.9,10.8,5등급
팰리세이드(LX3) 2.5T-GDI AWD 8AT 9인 21인치,현대자동차㈜,승용차,다목적형,8.2,,7.2,9.8,5등급
팰리세이드(LX3) 2.5T-GDI 2WD 8AT 7인 21인치,현대자동차㈜,승용차,다목적형,8.7,,7.6,10.6,5등급
팰리세이드(LX3) 2.5T-GDI AWD 8AT 9인 20인치,현대자동차㈜,승용차,다목적형,8.2,,7.2,9.8,5등급
봉고 (PU) 전기차 (25MY),기아 주식회사,화물차,일반형,3.1,217,3.6,2.7,5등급
팰리세이드(LX3) 2.5T-GDI AWD 8AT 7인 20인치,현대자동차㈜,승용차,다목적형,8.2,,7.2,9.8,5등급
DB12 Coupe,브리타니아오토 주식회사,승용차,일반형,7.2,,6.1,9.2,5등급
Mercedes-Benz C 200,메르세데스-벤츠코리아(주),승용차,일반형,11.5,,10.1,13.7,4등급
Master Bus Ph2 13p,르노코리아 주식회사,승합차,일반형,9.5,,9.3,9.8,4등급
벨로스터 N 2.0T-GDI_8DCT,현대자동차㈜,승용차,일반형,10.2,,8.9,12.3,4등급
티볼리 가솔린 1.5 AT AWD 저공해3종,케이지모빌리티 주식회사,승용차,기타형,10.8,,9.8,12.3,4등급
코란도 가솔린 1.5 AT 2WD 저공해3종 17인치,케이지모빌리티 주식회사,승용차,다목적형,11.5,,10.5,13,4등급
코란도 가솔린 1.5 AT 2WD 저공해3종 19인치,케이지모빌리티 주식회사,승용차,다목적형,11.3,,10.3,12.7,4등급
코란도 가솔린 1.5 AT 4WD 저공해3종,케이지모빌리티 주식회사,승용차,다목적형,10.5,,9.6,11.8,4등급
GV80 2.5T-GDI 2WD 5인 19인치타이어 (빌트인캠),현대자동차㈜,승용차,다목적형,9.5,,8.5,10.9,4등급
GV80 2.5T-GDI 2WD 5인승 19인치 타이어,현대자동차㈜,승용차,다목적형,9.7,,8.7,11.1,4등급
아반떼 1.6 LPI 15인치 타이어,현대자동차㈜,승용차,일반형,10.6,,9.4,12.5,4등급
아반떼 1.6 LPI 16인치 타이어,현대자동차㈜,승용차,일반형,10.5,,9.3,12.4,4등급
아반떼 1.6 LPI 17인치 타이어,현대자동차㈜,승용차,일반형,10.3,,9.2,12,4등급
"Mercedes-Benz C 200 Coupe	",메르세데스-벤츠코리아(주),승용차,일반형,11.1,,9.8,13.3,4등급
Mercedes-Benz GLE 300 d 4MATIC,메르세데스-벤츠코리아(주),승용차,다목적형,10.7,,10.1,11.5,4등급
벤츠 C 200 Cabriolet,메르세데스-벤츠코리아(주),승용차,일반형,10.4,,9.2,12.4,4등급
Mercedes-Benz GLE 400 d 4MATIC Coupe,메르세데스-벤츠코리아(주),승용차,다목적형,10.5,,9.8,11.5,4등급
캐딜락 CT4 2.0T,지엠아시아퍼시픽지역본부 주식회사,승용차,일반형,10.6,,9.3,12.9,4등급
쏘나타(DN8) 2.0LPI_18인치타이어_21MY,현대자동차㈜,승용차,일반형,9.9,,8.7,11.6,4등급
쏘나타(DN8) 2.0LPI_17인치타이어_21MY,현대자동차㈜,승용차,일반형,10.2,,9,12,4등급
쏘나타(DN8) 2.0LPI_16인치타이어_21MY,현대자동차㈜,승용차,일반형,10.2,,9,12,4등급
MINI John Cooper Works Clubman ALL4,BMW코리아㈜,승용차,일반형,10,,8.9,11.7,4등급
BMW M235i xDrive Gran Coupe,BMW코리아㈜,승용차,일반형,10.4,,9.2,12.3,4등급
BMW M340i xDrive Touring,BMW코리아㈜,승용차,일반형,9.9,,8.8,11.9,4등급
Mercedes-Benz GLS 400 d 4MATIC,메르세데스-벤츠코리아(주),승용차,다목적형,9.8,,9,11,4등급
Mercedes-Benz GLB 220,메르세데스-벤츠코리아(주),승용차,일반형,11.5,,10.3,13.2,4등급
"SM6 2.0 LPLi New (18"" Tire)",르노코리아 주식회사,승용차,일반형,9.4,,8.4,10.9,4등급
"SM6 2.0 LPLi New (16"" Tire)",르노코리아 주식회사,승용차,일반형,9.5,,8.5,11,4등급
벤츠 E 350 4MATIC,메르세데스-벤츠코리아(주),승용차,일반형,10.2,,9.2,11.6,4등급
Mercedes-Benz GLE 300 d 4MATIC,메르세데스-벤츠코리아(주),승용차,다목적형,10.7,,10.1,11.5,4등급
벨로스터 N 2.0T-GDI (PP)_21MY,현대자동차㈜,승용차,일반형,10.5,,9.5,11.9,4등급
벨로스터 N 2.0T-GDI (STD)_21MY,현대자동차㈜,승용차,일반형,10.7,,9.7,12.1,4등급
쏘나타(DN8) 2.5 T-GDI_19인치타이어(빌트인캠),현대자동차㈜,승용차,일반형,10.9,,9.4,13.5,4등급
쏘나타(DN8) 2.5 T-GDI_19인치타이어,현대자동차㈜,승용차,일반형,11.1,,9.6,13.6,4등급
캐딜락 CT5 2.0T,지엠아시아퍼시픽지역본부 주식회사,승용차,일반형,10.2,,8.7,12.7,4등급
BMW X6 xDrive40d,BMW코리아㈜,승용차,다목적형,10.5,,9.5,11.9,4등급
Mercedes-Benz GLC 300 4MATIC ,메르세데스-벤츠코리아(주),승용차,다목적형,9.7,,8.9,10.8,4등급
BMW X5 xDrive40d,BMW코리아㈜,승용차,다목적형,10.1,,9.4,11.3,4등급
말리부 2.0 TURBO,한국지엠주식회사,승용차,일반형,10.5,,9.1,13,4등급
캐딜락 XT4,지엠아시아퍼시픽지역본부 주식회사,승용차,다목적형,10,,8.8,11.8,4등급
S5 Coupe TFSI,폭스바겐그룹코리아 주식회사,승용차,일반형,9.5,,8.2,11.5,4등급
스팅어(CK PE) 2.5T-GDI AWD_19인치(썸머),기아 주식회사,승용차,일반형,9.9,,8.9,11.5,4등급
스팅어(CK PE) 2.5T-GDI AWD_19인치(올시즌),기아 주식회사,승용차,일반형,10,,9,11.5,4등급
스팅어(CK PE) 2.5T-GDI AWD_18인치타이어,기아 주식회사,승용차,일반형,10.2,,9.1,11.8,4등급
BMW X5 xDrive40d,BMW코리아㈜,승용차,다목적형,10.1,,9.4,11.3,4등급
스팅어(CK PE) 2.5T-GDI 2WD_19인치(썸머),기아 주식회사,승용차,일반형,10.6,,9.6,12.1,4등급
스팅어(CK PE) 2.5T-GDI 2WD_19인치(올시즌),기아 주식회사,승용차,일반형,10.8,,9.7,12.4,4등급
스팅어(CK PE) 2.5T-GDI 2WD_18인치타이어,기아 주식회사,승용차,일반형,11.2,,9.8,13.4,4등급
투싼 1.6T-GDI AWD 7DCT 19인치 (빌트인캠),현대자동차㈜,승용차,다목적형,11,,10.2,12,4등급
투싼 1.6T-GDI AWD 7DCT 18인치 (빌트인캠),현대자동차㈜,승용차,다목적형,11.3,,10.5,12.4,4등급
MINI John Cooper Works Countryman ALL4,BMW코리아㈜,승용차,일반형,10.4,,9.1,12.7,4등급
C35S2,(주)신원씨케이모터스,화물차,밴형,9.7,,9.6,9.9,4등급
BMW 420i Coupe,BMW코리아㈜,승용차,일반형,11.5,,10.3,13.5,4등급
쏘렌토(MQ4) 2.5T-GDI 2WD 5인 18인치타이어,기아 주식회사,승용차,다목적형,11,,9.8,12.9,4등급
쏘렌토(MQ4) 2.5T-GDI 2WD 5인 18인치(빌트인캠),기아 주식회사,승용차,다목적형,10.9,,9.8,12.7,4등급
BMW 430i Coupe,BMW코리아㈜,승용차,일반형,11.1,,10,13,4등급
C35S5,(주)신원씨케이모터스,화물차,밴형,9.7,,9.6,9.9,4등급
쏘렌토(MQ4) 2.5T-GDI 4WD 7인 20인치타이어,기아 주식회사,승용차,다목적형,9.7,,8.8,11.1,4등급
쏘렌토(MQ4) 2.5T-GDI 4WD 5인 20인치타이어,기아 주식회사,승용차,다목적형,9.7,,8.8,11.1,4등급
쏘렌토(MQ4) 2.5T-GDI 4WD 6인 20인치타이어,기아 주식회사,승용차,다목적형,9.7,,8.8,11.1,4등급
쏘렌토(MQ4) 2.5T-GDI 2WD 6인 18인치타이어,기아 주식회사,승용차,다목적형,10.6,,9.5,12.4,4등급
쏘렌토(MQ4) 2.5T-GDI 4WD 7인 18인치타이어,기아 주식회사,승용차,다목적형,10,,9,11.8,4등급
쏘렌토(MQ4) 2.5T-GDI 2WD 7인 20인치타이어,기아 주식회사,승용차,다목적형,10.3,,9.3,11.8,4등급
쏘렌토(MQ4) 2.5T-GDI 2WD 7인 18인치타이어,기아 주식회사,승용차,다목적형,10.6,,9.5,12.4,4등급
BMW 530i xDrive,BMW코리아㈜,승용차,일반형,11,,9.6,13.3,4등급
쏘렌토(MQ4) 2.5T-GDI 4WD 5인 18인치타이어,기아 주식회사,승용차,다목적형,10,,9,11.8,4등급
쏘렌토(MQ4) 2.5T-GDI 4WD 6인 18인치타이어,기아 주식회사,승용차,다목적형,10,,9,11.8,4등급
쏘렌토(MQ4) 2.5T-GDI 2WD 5인 20인치타이어,기아 주식회사,승용차,다목적형,10.3,,9.3,11.8,4등급
쏘렌토(MQ4) 2.5T-GDI 2WD 6인 20인치타이어,기아 주식회사,승용차,다목적형,10.3,,9.3,11.8,4등급
트랙스 1.4,한국지엠주식회사,승용차,기타형,11.4,,10.3,13,4등급
S4 TFSI,폭스바겐그룹코리아 주식회사,승용차,일반형,9.9,,8.6,12.3,4등급
싼타페(개조) 2.5T-GDI 2WD 5인 20인치타이어,현대자동차㈜,승용차,다목적형,10.1,,9.2,11.5,4등급
싼타페(개조) 2.5T-GDI AWD 7인 20인치타이어,현대자동차㈜,승용차,다목적형,9.5,,8.6,10.9,4등급
싼타페(개조) 2.5T-GDI AWD 7인 18인치타이어,현대자동차㈜,승용차,다목적형,9.9,,8.9,11.4,4등급
싼타페(개조) 2.5T-GDI 2WD 7인 20인치타이어,현대자동차㈜,승용차,다목적형,10.1,,9.2,11.5,4등급
싼타페(개조) 2.5T-GDI 2WD 7인 18인치(빌트인캠),현대자동차㈜,승용차,다목적형,10.4,,9.3,12.2,4등급
싼타페(개조) 2.5T-GDI 2WD 7인 18인치타이어,현대자동차㈜,승용차,다목적형,10.5,,9.4,12.2,4등급
싼타페(개조) 2.5T-GDI 2WD 5인 18인치(빌트인캠),현대자동차㈜,승용차,다목적형,10.8,,9.6,12.7,4등급
싼타페(개조) 2.5T-GDI 2WD 5인 18인치타이어,현대자동차㈜,승용차,다목적형,10.8,,9.6,12.8,4등급
싼타페(개조) 2.5T-GDI AWD 5인 20인치타이어,현대자동차㈜,승용차,다목적형,9.5,,8.6,10.9,4등급
싼타페(개조) 2.5T-GDI AWD 5인 18인치타이어,현대자동차㈜,승용차,다목적형,9.9,,8.9,11.4,4등급
Mercedes-Benz C200,메르세데스-벤츠코리아(주),승용차,일반형,10.8,,9.5,13,4등급
MINI Cooper S Countryman ALL4,BMW코리아㈜,승용차,다목적형,10.7,,9.5,12.8,4등급
투싼 1.6T-GDI AWD 7DCT 19인치,현대자동차㈜,승용차,다목적형,11,,10.2,12,4등급
G70(IK PE) 3.3T-GDI 2WD 19인치(올시즌)_SP,현대자동차㈜,승용차,일반형,9.4,,8.2,11.3,4등급
G70(IK PE) 3.3T-GDI 2WD 19인치(올시즌),현대자동차㈜,승용차,일반형,9.4,,8.2,11.3,4등급
BMW X7 xDrive40d,BMW코리아㈜,승용차,다목적형,10.5,,9.7,11.8,4등급
BMW X6 xDrive30d,BMW코리아㈜,승용차,다목적형,10.9,,10,12.1,4등급
BMW X5 xDrive30d,BMW코리아㈜,승용차,다목적형,10.7,,10,11.6,4등급
G70(IK PE) 2.0T-GDI 2WD 19인치(썸머)_SP,현대자동차㈜,승용차,일반형,10.4,,9,12.6,4등급
G70(IK PE) 2.0T-GDI AWD 19인치(올시즌)_SP,현대자동차㈜,승용차,일반형,9.5,,8.2,11.5,4등급
G70(IK PE) 2.0T-GDI 2WD 18인치(빌트인캠),현대자동차㈜,승용차,일반형,10.5,,9.2,12.4,4등급
G70(IK PE) 2.0T-GDI 2WD 18인치타이어,현대자동차㈜,승용차,일반형,10.7,,9.5,12.5,4등급
G70(IK PE) 2.0T-GDI AWD 18인치(빌트인캠),현대자동차㈜,승용차,일반형,9.7,,8.4,11.7,4등급
G70(IK PE) 2.0T-GDI AWD 18인치타이어,현대자동차㈜,승용차,일반형,9.9,,8.7,11.8,4등급
G70(IK PE) 2.0T-GDI 2WD 19인치(썸머),현대자동차㈜,승용차,일반형,10.4,,9,12.6,4등급
G70(IK PE) 2.0T-GDI AWD 19인치(올시즌),현대자동차㈜,승용차,일반형,9.5,,8.2,11.5,4등급
G70(IK PE) 2.0T-GDI 2WD 19인치(올시즌),현대자동차㈜,승용차,일반형,10.5,,9.3,12.3,4등급
BMW 640i xDrive,BMW코리아㈜,승용차,일반형,9.6,,8.5,11.4,4등급
BMW X7 xDrive40d,BMW코리아㈜,승용차,다목적형,10.5,,9.7,11.8,4등급
G70(IK PE) 2.0T-GDI 2WD 19인치(올시즌)_SP,현대자동차㈜,승용차,일반형,10.5,,9.3,12.3,4등급
Mercedes-Benz GLB250 4MATIC,메르세데스-벤츠코리아(주),승용차,다목적형,10.5,,9.5,12.1,4등급
Mercedes-Benz GLA250 4MATIC,메르세데스-벤츠코리아(주),승용차,다목적형,10.5,,9.5,12.1,4등급
"렉스턴 2.2 8AT 4WD SCR Step2 7인승 ISG			",케이지모빌리티 주식회사,승용차,다목적형,11.1,,9.9,12.9,4등급
"렉스턴 2.2 8AT 2WD SCR Step2 7인승				",케이지모빌리티 주식회사,승용차,다목적형,10.9,,9.5,13.1,4등급
"렉스턴 2.2 8AT 4WD SCR Step2 7인승			",케이지모빌리티 주식회사,승용차,다목적형,10.6,,9.3,12.7,4등급
GV70 2.5T-GDI AWD 19인치,현대자동차㈜,승용차,다목적형,9.7,,8.5,11.5,4등급
GV70 2.5T-GDI 2WD 21인치,현대자동차㈜,승용차,다목적형,9.8,,8.8,11.3,4등급
GV70 2.5T-GDI 2WD 19인치,현대자동차㈜,승용차,다목적형,10,,8.9,11.6,4등급
A6 45 TFSI quattro,폭스바겐그룹코리아 주식회사,승용차,일반형,10.8,,9.6,12.6,4등급
GV70 2.5T-GDI AWD 19인치 (스포츠패키지),현대자동차㈜,승용차,다목적형,9.7,,8.5,11.5,4등급
GV70 2.5T-GDI AWD 18인치(빌트인캠),현대자동차㈜,승용차,다목적형,9.7,,8.6,11.4,4등급
GV70 2.5T-GDI AWD 18인치,현대자동차㈜,승용차,다목적형,9.8,,8.7,11.5,4등급
GV70 2.5T-GDI 2WD 21인치 (스포츠패키지),현대자동차㈜,승용차,다목적형,9.8,,8.8,11.3,4등급
GV70 2.5T-GDI 2WD 19인치 (스포츠패키지),현대자동차㈜,승용차,다목적형,10,,8.9,11.6,4등급
GV70 2.5T-GDI 2WD 18인치(빌트인캠),현대자동차㈜,승용차,다목적형,10.6,,9.4,12.4,4등급
GV70 2.5T-GDI 2WD 18인치,현대자동차㈜,승용차,다목적형,10.7,,9.6,12.4,4등급
A6 45 TFSI,폭스바겐그룹코리아 주식회사,승용차,일반형,10.9,,9.7,12.9,4등급
"렉스턴 2.2 8AT 2WD SCR Step2 5인승				",케이지모빌리티 주식회사,승용차,다목적형,10.9,,9.5,13.1,4등급
"렉스턴 2.2 8AT 4WD SCR Step2 5인승			",케이지모빌리티 주식회사,승용차,다목적형,10.6,,9.3,12.7,4등급
"렉스턴 2.2 8AT 4WD SCR Step2 5인승 ISG			",케이지모빌리티 주식회사,승용차,다목적형,11.1,,9.9,12.9,4등급
Mercedes-Benz  A250 4MATIC,메르세데스-벤츠코리아(주),승용차,일반형,11.5,,10.3,13.5,4등급
Mercedes-Benz E250,메르세데스-벤츠코리아(주),승용차,일반형,10.1,,9.1,11.7,4등급
BMW X5 xDrive30d,BMW코리아㈜,승용차,다목적형,10.7,,10,11.6,4등급
BMW 420i Convertible,BMW코리아㈜,승용차,일반형,11.4,,10.1,13.7,4등급
Mercedes-AMG A35 4MATIC,메르세데스-벤츠코리아(주),승용차,일반형,10.3,,9.3,12,4등급
Mercedes-AMG A35 4MATIC (NEW),메르세데스-벤츠코리아(주),승용차,일반형,10.3,,9.3,12,4등급
Mercedes-Benz C200 Coupe,메르세데스-벤츠코리아(주),승용차,일반형,10.8,,9.5,13,4등급
BMW 430i Convertible,BMW코리아㈜,승용차,일반형,11.3,,10.1,13.2,4등급
BMW 330i xDrive,BMW코리아㈜,승용차,일반형,11.2,,9.6,13.8,4등급
BMW M440i xDrive,BMW코리아㈜,승용차,일반형,10.4,,9.1,12.7,4등급
팰리세이드 2.2 디젤 AWD 7인 18인치 (21),현대자동차㈜,승용차,다목적형,11.4,,10.4,12.8,4등급
팰리세이드 2.2 디젤 AWD 7인 20인치 (21),현대자동차㈜,승용차,다목적형,11.3,,10.4,12.5,4등급
팰리세이드 2.2 디젤 AWD 8인 18인치 (21),현대자동차㈜,승용차,다목적형,11.4,,10.4,12.8,4등급
팰리세이드 2.2 디젤 AWD 8인 20인치 (21),현대자동차㈜,승용차,다목적형,11.3,,10.4,12.5,4등급
모하비 3.0 디젤 4WD 6인 18인치타이어 (21),기아 주식회사,승용차,다목적형,9.4,,8.3,11,4등급
모하비 3.0 디젤 4WD 5인 18인치타이어 (21),기아 주식회사,승용차,다목적형,9.4,,8.3,11,4등급
Ranger Wildtrak,포드세일즈서비스코리아(유),화물차,화물,10,,9.2,11.2,4등급
Mercedes-Benz GLA220,메르세데스-벤츠코리아(주),승용차,다목적형,11.5,,10.3,13.2,4등급
"카니발 2.2디젤 하이리무진 9인승(18""/19""타이어)",기아 주식회사,승용차,기타형,11.5,,10.2,13.5,4등급
"카니발 2.2디젤 하이리무진 7인승(19""타이어)",기아 주식회사,승용차,기타형,11,,9.6,13.4,4등급
Mercedes-Benz GLB250 4MATIC (7seater),메르세데스-벤츠코리아(주),승용차,다목적형,10.5,,9.5,12.1,4등급
A8 50 TDI quattro,폭스바겐그룹코리아 주식회사,승용차,일반형,11.4,,10,13.7,4등급
S7 TDI,폭스바겐그룹코리아 주식회사,승용차,일반형,11.5,,10.2,13.6,4등급
S6 TDI,폭스바겐그룹코리아 주식회사,승용차,일반형,11.5,,10.2,13.6,4등급
Mercedes-Benz GLB 220,메르세데스-벤츠코리아(주),승용차,다목적형,10.8,,9.6,12.6,4등급
렉서스 LS500h AWD,한국토요타자동차㈜,승용차,일반형,9.6,,8.8,10.9,4등급
K8 3.5 GDI 19인치,기아 주식회사,승용차,일반형,10.3,,8.8,13,4등급
K8 3.5 GDI 18인치,기아 주식회사,승용차,일반형,10.6,,9,13.4,4등급
K8 3.5 GDI 18인치 (빌트인캠),기아 주식회사,승용차,일반형,10.5,,8.9,13.2,4등급
Mercedes-AMG GLB35 4MATIC,메르세데스-벤츠코리아(주),승용차,다목적형,9.5,,8.8,10.6,4등급
GR Supra,한국토요타자동차㈜,승용차,일반형,10.2,,9.1,12,4등급
렉스턴스포츠 2.2 디젤 2WD 6MT SCR,케이지모빌리티 주식회사,화물차,화물,11.3,,10.6,12.2,4등급
렉스턴스포츠 2.2 디젤 4WD 6MT SCR,케이지모빌리티 주식회사,화물차,화물,11,,10.1,12.1,4등급
렉스턴스포츠 2.2 디젤 2WD 6AT SCR,케이지모빌리티 주식회사,화물차,화물,10.4,,9.4,11.7,4등급
렉스턴스포츠 2.2 디젤 4WD 6AT SCR,케이지모빌리티 주식회사,화물차,화물,10.1,,9.1,11.4,4등급
렉스턴스포츠 칸 2.2 디젤 2WD 6MT SCR,케이지모빌리티 주식회사,화물차,화물,11.2,,10.6,12,4등급
렉스턴스포츠 칸 2.2 디젤 4WD 6MT SCR,케이지모빌리티 주식회사,화물차,화물,10.9,,10.1,11.9,4등급
렉스턴스포츠 칸 2.2 디젤 2WD 6AT SCR,케이지모빌리티 주식회사,화물차,화물,10.3,,9.3,11.7,4등급
렉스턴스포츠 칸 2.2 디젤 4WD 6AT SCR,케이지모빌리티 주식회사,화물차,화물,10,,9.1,11.3,4등급
A8 L 50 TDI quattro,폭스바겐그룹코리아 주식회사,승용차,일반형,11.2,,9.7,13.8,4등급
K8 2.5 GDI 19인치,기아 주식회사,승용차,일반형,11.4,,9.8,14,4등급
K8 3.5 GDI AWD 18인치 (빌트인캠),기아 주식회사,승용차,일반형,9.5,,8,12.2,4등급
K8 3.5 GDI AWD 18인치 ,기아 주식회사,승용차,일반형,9.7,,8.2,12.5,4등급
"Mercedes-Benz S400 d 4MATIC	",메르세데스-벤츠코리아(주),승용차,일반형,11.4,,9.9,14,4등급
스타리아 2.2디젤 2WD 11인 17인치 (빌트인캠),현대자동차㈜,승합차,일반형,10.8,,9.8,12.5,4등급
스타리아 2.2디젤 2WD 11인 18인치 (빌트인캠),현대자동차㈜,승합차,일반형,10.8,,9.7,12.4,4등급
스타리아 2.2디젤 2WD 9인 18인치 (빌트인캠),현대자동차㈜,승용차,기타형,11,,10.1,12.5,4등급
스타리아 2.2디젤 2WD 9인 17인치,현대자동차㈜,승용차,기타형,11.3,,10.3,12.9,4등급
스타리아 라운지 2.2디젤 2WD 9인 18인치,현대자동차㈜,승용차,기타형,10.8,,9.8,12.2,4등급
스타리아 라운지 2.2디젤 2WD 9인 18인치 (빌트인캠),현대자동차㈜,승용차,기타형,10.8,,9.8,12.2,4등급
스타리아 2.2디젤 4WD 11인 18인치 (빌트인캠),현대자동차㈜,승합차,일반형,10.3,,9.4,11.6,4등급
스타리아 라운지 2.2디젤 4WD 9인 18인치 (빌트인캠),현대자동차㈜,승용차,기타형,10.3,,9.2,12,4등급
스타리아 2.2디젤 2WD 11인 17인치,현대자동차㈜,승합차,일반형,10.8,,9.8,12.5,4등급
스타리아 2.2디젤 2WD 11인 18인치,현대자동차㈜,승합차,일반형,10.8,,9.7,12.4,4등급
스타리아 2.2디젤 2WD 9인 17인치 (빌트인캠),현대자동차㈜,승용차,기타형,11,,10.1,12.5,4등급
스타리아 2.2디젤 2WD 9인 18인치,현대자동차㈜,승용차,기타형,11,,10.1,12.5,4등급
스타리아 라운지 2.2디젤 2WD 7인 18인치,현대자동차㈜,승용차,기타형,10.8,,9.8,12.2,4등급
스타리아 라운지 2.2디젤 2WD 7인 18인치 (빌트인캠),현대자동차㈜,승용차,기타형,10.8,,9.8,12.2,4등급
스타리아 2.2디젤 4WD 11인 17인치,현대자동차㈜,승합차,일반형,10.3,,9.4,11.6,4등급
스타리아 2.2디젤 4WD 11인 17인치 (빌트인캠),현대자동차㈜,승합차,일반형,10.3,,9.4,11.6,4등급
스타리아 2.2디젤 4WD 11인 18인치,현대자동차㈜,승합차,일반형,10.3,,9.4,11.6,4등급
스타리아 2.2디젤 4WD 9인 17인치,현대자동차㈜,승용차,기타형,10.3,,9.2,12,4등급
스타리아 2.2디젤 4WD 9인 17인치 (빌트인캠),현대자동차㈜,승용차,기타형,10.3,,9.2,12,4등급
스타리아 2.2디젤 4WD 9인 18인치,현대자동차㈜,승용차,기타형,10.3,,9.2,12,4등급
스타리아 2.2디젤 4WD 9인 18인치 (빌트인캠),현대자동차㈜,승용차,기타형,10.3,,9.2,12,4등급
스타리아 라운지 2.2디젤 4WD 7인 18인치,현대자동차㈜,승용차,기타형,10.3,,9.2,12,4등급
스타리아 라운지 2.2디젤 4WD 7인 18인치 (빌트인캠),현대자동차㈜,승용차,기타형,10.3,,9.2,12,4등급
스타리아 라운지 2.2디젤 4WD 9인 18인치,현대자동차㈜,승용차,기타형,10.3,,9.2,12,4등급
"Mercedes-Benz A220	",메르세데스-벤츠코리아(주),승용차,일반형,11.5,,10.2,13.7,4등급
Touareg 3.0TDI,폭스바겐그룹코리아 주식회사,승용차,다목적형,10.8,,9.6,12.8,4등급
"Mercedes-Benz CLA250 4MATIC	",메르세데스-벤츠코리아(주),승용차,일반형,11.2,,9.8,13.6,4등급
다니고VAN,(주)루트17,화물차,밴형,3.6,144,3.9,3.4,4등급
Mercedes-Benz GLA220,메르세데스-벤츠코리아(주),승용차,다목적형,11,,9.9,12.8,4등급
"Mercedes-Benz A250 4MATIC	",메르세데스-벤츠코리아(주),승용차,일반형,11.2,,9.8,13.6,4등급
스타리아 2.2디젤 5밴 8AT (빌트인캠),현대자동차㈜,화물차,밴형,11.1,,10.1,12.7,4등급
스타리아 2.2디젤 5밴 8AT,현대자동차㈜,화물차,밴형,11.3,,10.3,12.7,4등급
스타리아 2.2디젤 3밴 8AT (빌트인캠),현대자동차㈜,화물차,밴형,11.5,,10.5,13,4등급
쏘나타(DN8) 2.0LPI_18인치타이어_22MY,현대자동차㈜,승용차,일반형,9.9,,8.7,11.6,4등급
MINI John Cooper Works Clubman ALL4(MY22),BMW코리아㈜,승용차,일반형,10,,8.9,11.6,4등급
BMW X2 M35i,BMW코리아㈜,승용차,다목적형,9.8,,8.8,11.5,4등급
MINI John Cooper Works Convertible,BMW코리아㈜,승용차,일반형,11.3,,10,13.5,4등급
BMW M135i xDrive,BMW코리아㈜,승용차,일반형,10,,8.9,11.8,4등급
BMW 120i,BMW코리아㈜,승용차,일반형,11,,9.7,13,4등급
MINI John Cooper Works,BMW코리아㈜,승용차,일반형,11.4,,10.2,13.5,4등급
BMW 220i Gran Coupe,BMW코리아㈜,승용차,일반형,11.2,,9.8,13.5,4등급
Mercedes-Benz GLB250 4MATIC,메르세데스-벤츠코리아(주),승용차,다목적형,10.1,,9,11.8,4등급
Mercedes-Benz GLB220,메르세데스-벤츠코리아(주),승용차,다목적형,10.6,,9.5,12.3,4등급
Q8 45 TDI quattro ,폭스바겐그룹코리아 주식회사,승용차,다목적형,10.2,,9.2,12,4등급
코나 N 2.0T-GDI 2WD 19인치타이어,현대자동차㈜,승용차,다목적형,10,,8.9,11.6,4등급
디스커버리 D300,(주)재규어랜드로버코리아,승용차,다목적형,10.8,,9.6,12.7,4등급
Mercedes-Benz GLB250 4MATIC (5seater),메르세데스-벤츠코리아(주),승용차,다목적형,10.1,,9,11.8,4등급
Mercedes-AMG A35 4MATIC,메르세데스-벤츠코리아(주),승용차,일반형,10.1,,9.1,11.7,4등급
G80 2.5T-GDI 2WD 19인치 (SP),현대자동차㈜,승용차,일반형,10.6,,9.3,12.8,4등급
디펜더 90 D250,(주)재규어랜드로버코리아,승용차,다목적형,10.2,,9.5,11.2,4등급
디펜더 110 D300,(주)재규어랜드로버코리아,승용차,다목적형,9.8,,9.2,10.7,4등급
디스커버리 D250,(주)재규어랜드로버코리아,승용차,다목적형,10.8,,9.6,12.7,4등급
디펜더 110 D250,(주)재규어랜드로버코리아,승용차,다목적형,9.8,,9.2,10.7,4등급
G80 2.5T-GDI AWD 20인치 (SP),현대자동차㈜,승용차,일반형,9.7,,8.5,11.6,4등급
G80 2.5T-GDI AWD 20인치 (22MY),현대자동차㈜,승용차,일반형,9.7,,8.6,11.5,4등급
G80 2.5T-GDI AWD 19인치 (SP),현대자동차㈜,승용차,일반형,9.8,,8.7,11.6,4등급
G80 2.5T-GDI 2WD 20인치 (SP),현대자동차㈜,승용차,일반형,10.5,,9.2,12.5,4등급
G80 2.5T-GDI 2WD 20인치 (22MY),현대자동차㈜,승용차,일반형,10.5,,9.2,12.6,4등급
A5 Coupe 45 TFSI quattro,폭스바겐그룹코리아 주식회사,승용차,일반형,10.9,,9.7,12.8,4등급
A4 45 TFSI quattro,폭스바겐그룹코리아 주식회사,승용차,일반형,11,,9.8,12.9,4등급
Mercedes-Benz S500 4MATIC,메르세데스-벤츠코리아(주),승용차,일반형,9.6,,8.5,11.4,4등급
아반떼 N 2.0 T-GDI 6MT 19인치,현대자동차㈜,승용차,일반형,10.7,,9.6,12.3,4등급
아반떼 N 2.0 T-GDI 8DCT 19인치,현대자동차㈜,승용차,일반형,10.4,,9,12.7,4등급
스포티지 1.6T-GDI 4WD 7DCT 18인치,기아 주식회사,승용차,다목적형,11.3,,10.4,12.5,4등급
스포티지 1.6T-GDI 4WD 7DCT 19인치 (빌트인캠),기아 주식회사,승용차,다목적형,10.8,,9.8,12.2,4등급
스포티지 1.6T-GDI 4WD 7DCT 19인치,기아 주식회사,승용차,다목적형,11.1,,10.1,12.5,4등급
스포티지 1.6T-GDI 4WD 7DCT 18인치 (빌트인캠),기아 주식회사,승용차,다목적형,11.1,,10.3,12.1,4등급
Q5 Sportback 45 TFSI quattro,폭스바겐그룹코리아 주식회사,승용차,다목적형,10,,9.1,11.3,4등급
Q5 45 TFSI quattro,폭스바겐그룹코리아 주식회사,승용차,다목적형,10.2,,9.2,11.8,4등급
Mercedes-Benz EQA250,메르세데스-벤츠코리아(주),승용차,다목적형,4.1,306,4.3,3.9,4등급
"카니발(22MY) 2.2디젤 하이리무진 7인승(19""타이어)",기아 주식회사,승용차,기타형,11,,9.6,13.4,4등급
GV60 성능형 4WD 21인치,현대자동차㈜,승용차,다목적형,4.1,368,4.3,3.8,4등급
BMW M440i xDrive Convertible,BMW코리아㈜,승용차,일반형,9.6,,8.2,12.1,4등급
Mercedes-Benz E350 4MATIC,메르세데스-벤츠코리아(주),승용차,일반형,9.9,,8.9,11.6,4등급
BMW M240i xDrive,BMW코리아㈜,승용차,일반형,9.6,,8.3,12,4등급
BMW X3 xDrive20i,BMW코리아㈜,승용차,다목적형,9.8,,8.8,11.5,4등급
GV80(22MY) 3.0디젤 AWD 5인 19인치타이어,현대자동차㈜,승용차,다목적형,10.9,,9.8,12.6,4등급
GV80(22MY) 3.0디젤 AWD 6인 19인치타이어,현대자동차㈜,승용차,다목적형,10.9,,9.8,12.6,4등급
GV80(22MY) 3.0디젤 AWD 7인 19인치타이어,현대자동차㈜,승용차,다목적형,10.9,,9.8,12.6,4등급
GV80(22MY) 3.0디젤 AWD 6인 22인치 타이어,현대자동차㈜,승용차,다목적형,10.4,,9.4,11.7,4등급
GV80(22MY) 3.0디젤 AWD 7인 22인치 타이어,현대자동차㈜,승용차,다목적형,10.4,,9.4,11.7,4등급
GV80(22MY) 3.0디젤 AWD 6인 20인치타이어,현대자동차㈜,승용차,다목적형,10.6,,9.7,11.9,4등급
BMW X4 xDrive20i,BMW코리아㈜,승용차,다목적형,9.9,,8.8,11.6,4등급
GV80(22MY) 3.0디젤 AWD 7인 20인치타이어,현대자동차㈜,승용차,다목적형,10.6,,9.7,11.9,4등급
GV80(22MY) 3.0디젤 AWD 5인 20인치타이어,현대자동차㈜,승용차,다목적형,10.6,,9.7,11.9,4등급
GV80(22MY) 3.0디젤 AWD 5인 22인치타이어,현대자동차㈜,승용차,다목적형,10.6,,9.7,11.9,4등급
GV80(22MY) 3.0디젤 2WD 6인 19인치 타이어,현대자동차㈜,승용차,다목적형,11.2,,10.1,12.8,4등급
GV80(22MY) 3.0디젤 2WD 6인 20인치 타이어,현대자동차㈜,승용차,다목적형,11.2,,10.1,12.8,4등급
GV80(22MY) 3.0디젤 2WD 6인 22인치 타이어,현대자동차㈜,승용차,다목적형,11.2,,10.1,12.8,4등급
GV80(22MY) 3.0디젤 2WD 7인 19인치 타이어,현대자동차㈜,승용차,다목적형,11.2,,10.1,12.8,4등급
GV80(22MY) 3.0디젤 2WD 7인 20인치 타이어,현대자동차㈜,승용차,다목적형,11.2,,10.1,12.8,4등급
GV80(22MY) 3.0디젤 2WD 7인 22인치 타이어,현대자동차㈜,승용차,다목적형,11.2,,10.1,12.8,4등급
GV80(22MY) 2.5T-GDI 2WD 5인승 19인치 타이어,현대자동차㈜,승용차,다목적형,9.7,,8.7,11.1,4등급
GV80(22MY) 2.5T-GDI 2WD 5인 19인치타이어(빌트인캠),현대자동차㈜,승용차,다목적형,9.5,,8.5,10.9,4등급
Mercedes-Benz CLA250 4MATIC,메르세데스-벤츠코리아(주),승용차,일반형,10.8,,9.5,12.8,4등급
Mercedes-Benz C200 Coupe,메르세데스-벤츠코리아(주),승용차,일반형,10.6,,9.2,12.9,4등급
Mercedes-Benz C200 Cabriolet,메르세데스-벤츠코리아(주),승용차,일반형,10,,8.7,12.2,4등급
e-tron GT quattro,폭스바겐그룹코리아 주식회사,승용차,일반형,3.7,362,3.5,3.9,4등급
Mercedes-Benz GLA250 4MATIC,메르세데스-벤츠코리아(주),승용차,다목적형,10.3,,9.2,12.1,4등급
BMW 420i Gran Coupe,BMW코리아㈜,승용차,일반형,11.2,,9.8,13.5,4등급
Mercedes-Benz S500 4MATIC,메르세데스-벤츠코리아(주),승용차,일반형,9.5,,8.3,11.6,4등급
Mercedes-Benz S450 4MATIC,메르세데스-벤츠코리아(주),승용차,일반형,9.7,,8.5,11.6,4등급
RS e-tron GT,폭스바겐그룹코리아 주식회사,승용차,일반형,3.4,336,3.3,3.4,4등급
Mercedes-Benz A250 4MATIC,메르세데스-벤츠코리아(주),승용차,일반형,11.2,,9.9,13.3,4등급
CHEVROLET EQUINOX AWD,한국지엠주식회사,승용차,다목적형,10.6,,9.8,11.9,4등급
CHEVROLET EQUINOX FWD,한국지엠주식회사,승용차,다목적형,11.5,,10.6,12.8,4등급
"Mercedes-AMG A35 4MATIC	",메르세데스-벤츠코리아(주),승용차,일반형,10.1,,9.2,11.7,4등급
스타리아 어린이통학차 2.2디젤 2WD 14인,현대자동차㈜,승합차,일반형,10,,9.2,11.4,4등급
스타리아 라운지 리무진 2.2디젤 2WD 9인,현대자동차㈜,승용차,기타형,10,,8.9,11.7,4등급
스타리아 라운지 리무진 2.2디젤 2WD 7인,현대자동차㈜,승용차,기타형,10,,8.9,11.7,4등급
스타리아 어린이통학차 2.2디젤 2WD 11인,현대자동차㈜,승합차,일반형,10,,9.2,11.4,4등급
"Mercedes-Benz C200 4MATIC	",메르세데스-벤츠코리아(주),승용차,일반형,11.3,,9.9,13.7,4등급
Mercedes-Benz EQA250,메르세데스-벤츠코리아(주),승용차,다목적형,4,303,4.3,3.8,4등급
GV60 4WD 무선충전,현대자동차㈜,승용차,다목적형,4.1,361,4.4,3.8,4등급
Mercedes-Benz GLB250 4MATIC,메르세데스-벤츠코리아(주),승용차,다목적형,9.9,,8.8,11.9,4등급
BMW iX xDrive40,BMW코리아㈜,승용차,다목적형,3.9,313,3.9,3.9,4등급
GV60 성능형 4WD 무선충전,현대자동차㈜,승용차,다목적형,3.9,350,4.2,3.7,4등급
BMW iX3 M Sport,BMW코리아㈜,승용차,일반형,4.1,344,4.2,3.9,4등급
스타리아 라운지 리무진 2.2디젤 4WD 9인,현대자동차㈜,승용차,기타형,9.4,,8.4,10.9,4등급
Mercedes-Benz EQS450 +,메르세데스-벤츠코리아(주),승용차,일반형,3.8,478,3.8,3.7,4등급
스타리아 라운지 리무진 2.2디젤 4WD 7인,현대자동차㈜,승용차,기타형,9.4,,8.4,10.9,4등급
Mercedes-Benz GLB250 4MATIC(5seater),메르세데스-벤츠코리아(주),승용차,다목적형,9.9,,8.8,11.9,4등급
티볼리 가솔린 1.6 AT 2WD 기준4 18인치 타이어,케이지모빌리티 주식회사,승용차,기타형,11.4,,10.3,13,4등급
BMW iX xDrive50,BMW코리아㈜,승용차,다목적형,3.6,447,3.5,3.6,4등급
짚 컴패스 2.4 FWD,스텔란티스코리아 주식회사,승용차,다목적형,9.7,,8.4,12.1,4등급
S3 TFSI,폭스바겐그룹코리아 주식회사,승용차,일반형,10.4,,9.2,12.5,4등급
카니발 2.2디젤 하이리무진 7인(19인치)(22),기아 주식회사,승용차,기타형,11.5,,10.5,12.9,4등급
포터 2.5디젤 초장축 슈퍼캡 MT(22),현대자동차㈜,화물차,일반형,9.5,,9.2,10,4등급
포터 2.5디젤 초장축 표준캡 MT(22),현대자동차㈜,화물차,일반형,9.5,,9.2,10,4등급
BMW i4 M50,BMW코리아㈜,승용차,일반형,4.1,378,4.1,4.1,4등급
싼타페(개조) 2.5T-GDI AWD 6인 20인치(22MY),현대자동차㈜,승용차,다목적형,9.5,,8.6,10.9,4등급
싼타페(개조) 2.5T-GDI AWD 6인 18인치(22MY),현대자동차㈜,승용차,다목적형,9.9,,8.9,11.4,4등급
싼타페(개조) 2.5T-GDI 2WD 6인 20인치(22MY),현대자동차㈜,승용차,다목적형,10.1,,9.2,11.5,4등급
싼타페(개조)2.5T-GDI 2WD 6인 18인치(빌트인캠)_22MY,현대자동차㈜,승용차,다목적형,10.4,,9.3,12.2,4등급
싼타페(개조) 2.5T-GDI 2WD 6인 18인치(22MY),현대자동차㈜,승용차,다목적형,10.5,,9.4,12.2,4등급
렉스턴스포츠칸 2.2디젤 4WD 6MT SCR Step2(17인치XL),케이지모빌리티 주식회사,화물차,화물,10.8,,10.1,11.6,4등급
렉스턴스포츠칸 2.2 디젤 4WD 6MT SCR Step2(17인치),케이지모빌리티 주식회사,화물차,화물,11.1,,10.3,12.1,4등급
렉스턴스포츠칸 2.2 디젤 2WD 6AT SCR Step2(20인치),케이지모빌리티 주식회사,화물차,화물,10.3,,9.4,11.6,4등급
렉스턴스포츠칸 2.2 디젤 2WD 6AT SCR Step2(17인치),케이지모빌리티 주식회사,화물차,화물,10.5,,9.6,11.8,4등급
렉스턴스포츠칸 2.2디젤 4WD 6AT SCR Step2(17인치XL),케이지모빌리티 주식회사,화물차,화물,10.2,,9.6,11,4등급
렉스턴스포츠칸 2.2 디젤 4WD 6AT SCR Step2(17인치),케이지모빌리티 주식회사,화물차,화물,10.5,,9.8,11.4,4등급
렉스턴스포츠 2.2 디젤 2WD 6MT SCR Step2(20인치),케이지모빌리티 주식회사,화물차,화물,11.3,,10.5,12.3,4등급
렉스턴스포츠 2.2 디젤 4WD 6MT SCR Step2(20인치),케이지모빌리티 주식회사,화물차,화물,10.9,,10.1,11.9,4등급
렉스턴스포츠 2.2 디젤 4WD 6MT SCR Step2(17인치),케이지모빌리티 주식회사,화물차,화물,11.1,,10.2,12.4,4등급
렉스턴스포츠 2.2 디젤 2WD 6AT SCR Step2(20인치),케이지모빌리티 주식회사,화물차,화물,10.4,,9.4,11.8,4등급
렉스턴스포츠 2.2 디젤 2WD 6AT SCR Step2(17인치),케이지모빌리티 주식회사,화물차,화물,10.6,,9.6,12.1,4등급
렉스턴스포츠 2.2 디젤 4WD 6AT SCR Step2(20인치),케이지모빌리티 주식회사,화물차,화물,10.4,,9.7,11.3,4등급
렉스턴스포츠 2.2 디젤 4WD 6AT SCR Step2(17인치),케이지모빌리티 주식회사,화물차,화물,10.6,,9.8,11.6,4등급
GV80 3.0디젤 AWD 7인 19인치(22),현대자동차㈜,승용차,다목적형,10.8,,9.5,12.8,4등급
GV80 3.0디젤 AWD 7인 22인치(22),현대자동차㈜,승용차,다목적형,10.3,,9.2,12,4등급
GV80 3.0디젤 AWD 5인 (20인치/22인치)(22),현대자동차㈜,승용차,다목적형,10.5,,9.4,12.2,4등급
GV80 3.0디젤 2WD 7인(22),현대자동차㈜,승용차,다목적형,11.1,,9.9,12.9,4등급
GV80 3.0디젤 2WD 5인 (20인치/22인치)(22),현대자동차㈜,승용차,다목적형,11.5,,10.2,13.6,4등급
GV80 3.0디젤 AWD 5인 19인치(22),현대자동차㈜,승용차,다목적형,10.8,,9.5,12.8,4등급
GV80 3.0디젤 AWD 6인 19인치(22),현대자동차㈜,승용차,다목적형,10.8,,9.5,12.8,4등급
GV80 3.0디젤 AWD 7인 20인치(22),현대자동차㈜,승용차,다목적형,10.5,,9.4,12.2,4등급
GV80 3.0디젤 AWD 6인 22인치(22),현대자동차㈜,승용차,다목적형,10.3,,9.2,12,4등급
GV80 3.0디젤 AWD 6인 20인치(22),현대자동차㈜,승용차,다목적형,10.5,,9.4,12.2,4등급
GV80 3.0디젤 2WD 6인(22),현대자동차㈜,승용차,다목적형,11.1,,9.9,12.9,4등급
봉고 1톤 초장축 슈퍼캡 MT(22),기아 주식회사,화물차,일반형,9.5,,9.3,9.8,4등급
Mercedes-Benz GLS400 d 4MATIC (MY22),메르세데스-벤츠코리아(주),승용차,다목적형,9.8,,9,11,4등급
봉고 1톤 초장축 표준캡 MT(22),기아 주식회사,화물차,일반형,9.5,,9.3,9.8,4등급
Tiguan Allspace,폭스바겐그룹코리아 주식회사,승용차,다목적형,10.1,,9,11.9,4등급
Polestar 2 Long Range Dual Motor,폴스타오토모티브코리아 유한회사,승용차,일반형,3.8,334,4,3.6,4등급
짚 컴패스 2.4 AWD,스텔란티스코리아 주식회사,승용차,다목적형,9.6,,8.4,11.7,4등급
더 뉴 레인지로버 D350 LWB (7인승),(주)재규어랜드로버코리아,승용차,다목적형,10.1,,8.8,12.3,4등급
Q8 50 TDI quattro,폭스바겐그룹코리아 주식회사,승용차,다목적형,10.1,,9.1,11.8,4등급
더 뉴 레인지로버 D350 SWB (5인승),(주)재규어랜드로버코리아,승용차,다목적형,10.1,,8.8,12.3,4등급
더 뉴 레인지로버 D350 LWB (5인승),(주)재규어랜드로버코리아,승용차,다목적형,10.1,,8.8,12.3,4등급
MASADA 2밴,주식회사 이브이케이엠씨,화물차,밴형,3.8,152,4.5,3.2,4등급
BMW iX M60,BMW코리아㈜,승용차,다목적형,3.4,421,3.3,3.5,4등급
MASADA 4밴,주식회사 이브이케이엠씨,화물차,밴형,3.8,152,4.5,3.2,4등급
더 뉴 레인지로버 D350 LWB (7인승),(주)재규어랜드로버코리아,승용차,다목적형,10.1,,8.8,12.3,4등급
MINI John Cooper Works Clubman ALL4(MY23~),BMW코리아㈜,승용차,일반형,9.7,,8.6,11.6,4등급
아반떼 1.6 LPI 15인치 타이어(22MY),현대자동차㈜,승용차,일반형,10.6,,9.4,12.5,4등급
브라보,비바모빌리티 주식회사,화물차,일반형,4.1,151,4.7,3.6,4등급
팰리세이드(PE) 2.2 디젤 AWD 7인 20인치,현대자동차㈜,승용차,다목적형,11.4,,10.4,12.8,4등급
팰리세이드(PE) 2.2 디젤 AWD 8인 20인치,현대자동차㈜,승용차,다목적형,11.4,,10.4,12.8,4등급
A6 45 TFSI,폭스바겐그룹코리아 주식회사,승용차,일반형,11,,9.7,13.1,4등급
A6 45 TFSI quattro,폭스바겐그룹코리아 주식회사,승용차,일반형,10.7,,9.5,12.8,4등급
짚 레니게이드 1.3 FWD,스텔란티스코리아 주식회사,승용차,다목적형,10.4,,9.2,12.3,4등급
S5 Coupe TFSI,폭스바겐그룹코리아 주식회사,승용차,일반형,9.9,,8.6,12.1,4등급
S4 TFSI,폭스바겐그룹코리아 주식회사,승용차,일반형,9.6,,8.4,11.6,4등급
Mercedes-Benz EQA250,메르세데스-벤츠코리아(주),승용차,다목적형,4,301,4.2,3.8,4등급
Master VAN Ph2 L2H2,르노코리아 주식회사,화물차,밴형,10.5,,10.7,10.3,4등급
Master VAN Ph2 L1H1 ,르노코리아 주식회사,화물차,밴형,11,,10.9,11.1,4등급
A5 Coupe 45 TFSI quattro,폭스바겐그룹코리아 주식회사,승용차,일반형,10.9,,9.6,13,4등급
A5 Sportback 45 TFSI quattro,폭스바겐그룹코리아 주식회사,승용차,일반형,11.2,,9.7,13.7,4등급
G70 슈팅브레이크 2.0T-GDI AWD 19인치(올시즌)_SP,현대자동차㈜,승용차,기타형,9.4,,8.4,10.8,4등급
A4 45 TFSI quattro,폭스바겐그룹코리아 주식회사,승용차,일반형,10.6,,9.5,12.3,4등급
G70 슈팅브레이크 2.0T-GDI AWD 19인치(올시즌),현대자동차㈜,승용차,기타형,9.4,,8.4,10.8,4등급
G70 슈팅브레이크 2.0T-GDI 2WD 19인치(올시즌),현대자동차㈜,승용차,기타형,10.2,,9.1,11.9,4등급
G70 슈팅브레이크 2.0T-GDI 2WD 19인치(썸머),현대자동차㈜,승용차,기타형,9.9,,8.9,11.4,4등급
G70 슈팅브레이크 2.0T-GDI AWD 18인치타이어,현대자동차㈜,승용차,기타형,9.7,,8.7,11.3,4등급
G70 슈팅브레이크 2.0T-GDI AWD 18인치(빌트인캠),현대자동차㈜,승용차,기타형,9.6,,8.6,11,4등급
G70 슈팅브레이크 2.0T-GDI 2WD 18인치타이어,현대자동차㈜,승용차,기타형,10.4,,9.2,12.2,4등급
토레스 가솔린 1.5 AT 4WD 저공해3종 18인치 타이어,케이지모빌리티 주식회사,승용차,기타형,10.2,,9.3,11.4,4등급
토레스 가솔린 1.5 AT 2WD 저공해3종 18인치 타이어,케이지모빌리티 주식회사,승용차,기타형,11.1,,10.2,12.4,4등급
토레스 가솔린 1.5 AT 2WD 저공해3종 17인치 타이어,케이지모빌리티 주식회사,승용차,기타형,11.2,,10.2,12.5,4등급
G70 슈팅브레이크2.0T-GDI 2WD 18인치(빌트인캠),현대자동차㈜,승용차,기타형,10.2,,9,12.1,4등급
A5 Cabriolet 45 TFSI quattro,폭스바겐그룹코리아 주식회사,승용차,일반형,10.7,,9.5,12.5,4등급
Mercedes-Benz EQS450 4MATIC,메르세데스-벤츠코리아(주),승용차,일반형,3.5,454,3.5,3.6,4등급
Q4 Sportback e-tron 40,폭스바겐그룹코리아 주식회사,승용차,다목적형,4.1,357,4.4,3.9,4등급
Mercedes-Benz EQB300 4MATIC,메르세데스-벤츠코리아(주),승용차,다목적형,4.1,313,4.4,3.8,4등급
토요타 GR86,한국토요타자동차㈜,승용차,일반형,9.5,,8.2,11.9,4등급
Mercedes-Benz EQS350,메르세데스-벤츠코리아(주),승용차,일반형,4,440,4.2,3.9,4등급
G70 슈팅브레이크 2.0T-GDI 2WD 19인치(올시즌)_SP,현대자동차㈜,승용차,기타형,10.2,,9.1,11.9,4등급
G70 슈팅브레이크 2.0T-GDI 2WD 19인치(썸머)_SP,현대자동차㈜,승용차,기타형,9.9,,8.9,11.4,4등급
Mercedes-Benz EQB300 4MATIC (5 Seater),메르세데스-벤츠코리아(주),승용차,다목적형,4.1,313,4.4,3.8,4등급
Explorer 3.3 FHEV,포드세일즈서비스코리아(유),승용차,다목적형,10.4,,10.1,10.8,4등급
셀토스(PE) 2.0 가솔린 4WD 18 인치,기아 주식회사,승용차,다목적형,11.3,,10.4,12.6,4등급
BMW 320i,BMW코리아㈜,승용차,일반형,11.2,,9.9,13.5,4등급
Q5 45 TFSI quattro,폭스바겐그룹코리아 주식회사,승용차,다목적형,10.5,,9.5,12,4등급
셀토스(PE) 1.6T-GDI 4WD 18인치,기아 주식회사,승용차,다목적형,10.8,,9.8,12.2,4등급
EV6 GT,기아 주식회사,승용차,다목적형,3.9,342,4.2,3.6,4등급
Q7 45 TDI quattro,폭스바겐그룹코리아 주식회사,승용차,다목적형,10.6,,9.6,12.2,4등급
Q7 45 TDI quattro,폭스바겐그룹코리아 주식회사,승용차,다목적형,10.6,,9.6,12.2,4등급
CHEVROLET EQUINOX FWD (MY23),한국지엠주식회사,승용차,다목적형,11.4,,10.6,12.7,4등급
Mercedes-Benz E450 4MATIC Cabriolet,메르세데스-벤츠코리아(주),승용차,일반형,9.7,,8.7,11.2,4등급
MASADA 픽업,주식회사 이브이케이엠씨,화물차,일반형,3.5,134,4.1,2.9,4등급
CHEVROLET EQUINOX AWD (MY23),한국지엠주식회사,승용차,다목적형,11,,10.1,12.2,4등급
BMW X7 xDrive40d,BMW코리아㈜,승용차,다목적형,10,,9.2,11.3,4등급
"SM6 2.0 LPLi New (17"" Tire)",르노코리아 주식회사,승용차,일반형,9.5,,8.5,11,4등급
Mercedes-Benz S400 d 4MATIC,메르세데스-벤츠코리아(주),승용차,일반형,11.4,,9.9,14,4등급
BMW M340i,BMW코리아㈜,승용차,일반형,10.4,,9.1,12.6,4등급
BMW 320i Touring,BMW코리아㈜,승용차,일반형,10.8,,9.5,13,4등급
Mercedes-Benz E450 4MATIC,메르세데스-벤츠코리아(주),승용차,일반형,9.7,,8.7,11.4,4등급
Q5 Sportback 45 TFSI quattro,폭스바겐그룹코리아 주식회사,승용차,다목적형,10.2,,9.1,12,4등급
Mercedes-Benz CLS450 4MATIC,메르세데스-벤츠코리아(주),승용차,일반형,9.9,,8.9,11.4,4등급
BMW M340i xDrive Touring,BMW코리아㈜,승용차,일반형,9.6,,8.3,11.9,4등급
Mercedes-Benz E450 4MATIC Coupe,메르세데스-벤츠코리아(주),승용차,일반형,9.7,,8.6,11.5,4등급
Golf GTI,폭스바겐그룹코리아 주식회사,승용차,일반형,11.5,,10.1,13.9,4등급
BMW 320i,BMW코리아㈜,승용차,일반형,11.2,,9.9,13.5,4등급
BMW X7 xDrive40d,BMW코리아㈜,승용차,다목적형,10,,9.2,11.3,4등급
마세라티 그레칼레 모데나,스텔란티스코리아 주식회사,승용차,다목적형,9.8,,9,10.9,4등급
마세라티 그레칼레 GT,스텔란티스코리아 주식회사,승용차,다목적형,9.9,,9,11.2,4등급
BMW 740i,BMW코리아㈜,승용차,일반형,10.7,,9.7,12.2,4등급
BMW i7 xDrive60,BMW코리아㈜,승용차,일반형,3.7,438,3.6,3.8,4등급
더 뉴 레인지로버 스포츠 D300,(주)재규어랜드로버코리아,승용차,다목적형,10.4,,9.1,12.6,4등급
Mercedes-Benz C300 4MATIC,메르세데스-벤츠코리아(주),승용차,일반형,11.2,,9.9,13.4,4등급
Mercedes-Benz S450 4MATIC,메르세데스-벤츠코리아(주),승용차,일반형,9.6,,8.4,11.6,4등급
Q7 50 TDI quattro,폭스바겐그룹코리아 주식회사,승용차,다목적형,11,,9.7,13,4등급
그랜저(GN7) 2.5 GDI 20인치,현대자동차㈜,승용차,일반형,11.2,,9.6,13.8,4등급
그랜저(GN7) 2.5 GDI 19인치,현대자동차㈜,승용차,일반형,11.4,,9.8,14.2,4등급
그랜저(GN7) 3.5 GDI AWD 18인치,현대자동차㈜,승용차,일반형,9.5,,8.2,11.7,4등급
그랜저(GN7) 3.5 GDI 2WD 20인치,현대자동차㈜,승용차,일반형,9.7,,8.3,12.2,4등급
그랜저(GN7) 3.5 GDI 2WD 19인치,현대자동차㈜,승용차,일반형,10.1,,8.5,13,4등급
그랜저(GN7) 3.5 GDI 2WD 18인치,현대자동차㈜,승용차,일반형,10.4,,8.7,13.4,4등급
Mercedes-Benz EQE350 4MATIC,메르세데스-벤츠코리아(주),승용차,일반형,4,433,4.1,3.9,4등급
Mercedes-Benz EQS580 4MATIC SUV,메르세데스-벤츠코리아(주),승용차,다목적형,3.5,447,3.6,3.4,4등급
MASADA 3세대 2밴,주식회사 이브이케이엠씨,화물차,밴형,3.8,152,4.5,3.2,4등급
Mercedes-Benz EQS450 +,메르세데스-벤츠코리아(주),승용차,일반형,3.8,472,3.8,3.7,4등급
Mercedes-Benz EQS450 4MATIC SUV,메르세데스-벤츠코리아(주),승용차,다목적형,3.6,459,3.7,3.5,4등급
MASADA 3세대 4밴,주식회사 이브이케이엠씨,화물차,밴형,3.8,152,4.5,3.2,4등급
Mercedes-Benz EQS580 4MATIC SUV(5seats),메르세데스-벤츠코리아(주),승용차,다목적형,3.5,447,3.6,3.4,4등급
Mercedes-Benz EQS450 4MATIC SUV(5seats),메르세데스-벤츠코리아(주),승용차,다목적형,3.6,459,3.7,3.5,4등급
디펜더 130 D300,(주)재규어랜드로버코리아,승용차,다목적형,9.9,,9.1,11.1,4등급
코나(SX2) 1.6T-GDI 4WD 18/19인치,현대자동차㈜,승용차,다목적형,11.2,,10,13.1,4등급
BMW iX xDrive50,BMW코리아㈜,승용차,다목적형,3.7,464,3.7,3.7,4등급
GR Supra,한국토요타자동차㈜,승용차,일반형,10.2,,9.1,12,4등급
Ranger Wildtrak,포드세일즈서비스코리아(유),화물차,화물,10.1,,9.1,11.7,4등급
BMW Z4 sDrive20i,BMW코리아㈜,승용차,일반형,10.7,,9.8,12.1,4등급
BMW Z4 M40i,BMW코리아㈜,승용차,일반형,10.2,,9.2,11.9,4등급
Q3 40 TFSI quattro,폭스바겐그룹코리아 주식회사,승용차,다목적형,9.9,,8.8,11.7,4등급
BMW iX M60,BMW코리아㈜,승용차,다목적형,3.4,421,3.3,3.5,4등급
BMW iX xDrive40,BMW코리아㈜,승용차,다목적형,3.9,313,3.9,3.9,4등급
캐딜락 XT4,지엠아시아퍼시픽지역본부 주식회사,승용차,다목적형,10.3,,9.3,11.8,4등급
Q3 Sportback 40 TFSI quattro,폭스바겐그룹코리아 주식회사,승용차,다목적형,10.3,,9.3,11.9,4등급
Mercedes-Benz EQE500 4MATIC SUV,메르세데스-벤츠코리아(주),승용차,다목적형,3.8,401,3.9,3.6,4등급
렉서스 RX500h,한국토요타자동차㈜,승용차,다목적형,10,,9.4,10.7,4등급
아반떼(PE) 1.6LPI 15인치 타이어,현대자동차㈜,승용차,일반형,10.5,,9.3,12.4,4등급
아반떼(PE) 1.6LPI 16인치 타이어,현대자동차㈜,승용차,일반형,10.3,,9.1,12.1,4등급
아반떼(PE) 1.6LPI 17인치 타이어,현대자동차㈜,승용차,일반형,10.2,,9,12,4등급
다니고C2,(주)루트17,화물차,일반형,3.4,142,4.2,2.8,4등급
쏘나타(DN8) 개조 2.5 T-GDI_19인치타이어,현대자동차㈜,승용차,일반형,11.1,,9.4,14.1,4등급
무쏘 칸  2.2 디젤 2WD 6AT SCR Step2,케이지모빌리티 주식회사,화물차,화물,10.3,,9.4,11.6,4등급
무쏘 칸 2.2디젤 4WD 6AT SCR Step2,케이지모빌리티 주식회사,화물차,화물,10.2,,9.6,11,4등급
무쏘 스포츠 2.2 디젤 2WD 6AT SCR Step2,케이지모빌리티 주식회사,화물차,화물,10.4,,9.4,11.8,4등급
무쏘 스포츠 2.2 디젤 4WD 6AT SCR Step2,케이지모빌리티 주식회사,화물차,화물,10.4,,9.7,11.3,4등급
토요타 CROWN Dual Boost Hybrid,한국토요타자동차㈜,승용차,일반형,11,,10,12.5,4등급
G70(IK PE2) 2.5T-GDI AWD 18인치(빌트인캠),현대자동차㈜,승용차,일반형,10.5,,9.4,12.2,4등급
G70(IK PE2) 2.5T-GDI 2WD 18인치,현대자동차㈜,승용차,일반형,11.2,,10,13.1,4등급
G70(IK PE2) 2.5T-GDI 2WD 19인치(썸머),현대자동차㈜,승용차,일반형,10.7,,9.5,12.7,4등급
G70(IK PE2) 2.5T-GDI AWD 19인치(올시즌),현대자동차㈜,승용차,일반형,10.2,,9.1,12.1,4등급
G70(IK PE2) 2.5T-GDI 2WD 18인치(빌트인캠),현대자동차㈜,승용차,일반형,11.1,,9.9,12.9,4등급
G70(IK PE2) 2.5T-GDI AWD 18인치,현대자동차㈜,승용차,일반형,10.6,,9.5,12.3,4등급
G70(IK PE2) 3.3T-GDI 2WD 19인치(올시즌)_SP,현대자동차㈜,승용차,일반형,9.4,,8.3,11,4등급
EV9 2WD 20인치 7인,기아 주식회사,승용차,다목적형,4.1,480,4.6,3.5,4등급
G70(IK PE2) 2.5T-GDI AWD 19인치(썸머),현대자동차㈜,승용차,일반형,10.1,,8.9,12,4등급
G70(IK PE2) 2.5T-GDI 2WD 19인치(올시즌),현대자동차㈜,승용차,일반형,10.9,,9.6,12.8,4등급
EV9 4WD 19인치 7인,기아 주식회사,승용차,다목적형,3.8,445,4.2,3.3,4등급
EV9 4WD 21인치 7인,기아 주식회사,승용차,다목적형,3.9,454,4.3,3.4,4등급
쏘나타(DN8) 개조 2.0LPI_18인치타이어,현대자동차㈜,승용차,일반형,9.4,,8.2,11.5,4등급
쏘나타(DN8) 개조 2.0LPI_17인치타이어,현대자동차㈜,승용차,일반형,9.7,,8.4,12,4등급
쏘나타(DN8) 개조 2.0LPI_16인치타이어,현대자동차㈜,승용차,일반형,9.6,,8.3,11.7,4등급
EV9 4WD 19인치 6인,기아 주식회사,승용차,다목적형,3.8,445,4.2,3.3,4등급
EV9 4WD 21인치 6인,기아 주식회사,승용차,다목적형,3.9,454,4.3,3.4,4등급
EV9 2WD 20인치 6인,기아 주식회사,승용차,다목적형,4.1,480,4.6,3.5,4등급
G70(IK PE2) 2.5T-GDI S/B 2WD 19인치(올시즌),현대자동차㈜,승용차,기타형,10.7,,9.5,12.5,4등급
G70(IK PE2) 2.5T-GDI S/B 2WD 18인치(빌트인캠),현대자동차㈜,승용차,기타형,10.8,,9.6,12.6,4등급
G70(IK PE2) 2.5T-GDI S/B 2WD 18인치,현대자동차㈜,승용차,기타형,10.9,,9.7,12.7,4등급
G70(IK PE2) 3.3T-GDI 2WD 19인치(올시즌),현대자동차㈜,승용차,일반형,9.4,,8.3,11,4등급
G70(IK PE2) 2.5T-GDI S/B AWD 19인치(썸머),현대자동차㈜,승용차,기타형,9.7,,8.6,11.4,4등급
G70(IK PE2) 2.5T-GDI S/B AWD 19인치(올시즌),현대자동차㈜,승용차,기타형,9.9,,8.9,11.5,4등급
G70(IK PE2) 2.5T-GDI S/B AWD 18인치(빌트인캠),현대자동차㈜,승용차,기타형,10,,9,11.6,4등급
G70(IK PE2) 2.5T-GDI S/B AWD 18인치,현대자동차㈜,승용차,기타형,10.1,,9.1,11.7,4등급
G70(IK PE2) 2.5T-GDI S/B 2WD 19인치(썸머),현대자동차㈜,승용차,기타형,10.5,,9.3,12.3,4등급
Mercedes-Benz GLC300 4MATIC,메르세데스-벤츠코리아(주),승용차,다목적형,10.8,,9.7,12.4,4등급
Model X Plaid,테슬라코리아 유한회사,승용차,다목적형,3.8,439,3.9,3.7,4등급
Model S Plaid,테슬라코리아 유한회사,승용차,일반형,4.1,474,4.2,4,4등급
젤라 피이백,(주)에스에스라이트,화물차,승용겸화물형,3.4,280,3.7,3,4등급
BMW X6 xDrive40i M Sport,BMW코리아㈜,승용차,다목적형,9.5,,8.8,10.4,4등급
S7 TDI,폭스바겐그룹코리아 주식회사,승용차,일반형,11.5,,10.2,13.6,4등급
Model X Plaid,테슬라코리아 유한회사,승용차,다목적형,3.8,439,3.9,3.7,4등급
A7 55 TFSI quattro,폭스바겐그룹코리아 주식회사,승용차,일반형,9.5,,8.3,11.7,4등급
Mercedes-Benz EQE350 4MATIC SUV,메르세데스-벤츠코리아(주),승용차,다목적형,3.9,404,4,3.7,4등급
아반떼(PE) N 2.0 T-GDI 8DCT 19인치,현대자동차㈜,승용차,일반형,10.4,,8.9,12.9,4등급
스포티지 1.6T-GDI 4WD 7DCT 19인치 (빌트인캠)_24MY,기아 주식회사,승용차,다목적형,10.8,,9.8,12.2,4등급
스포티지 1.6T-GDI 4WD 7DCT 19인치_24MY,기아 주식회사,승용차,다목적형,11.1,,10.1,12.5,4등급
스포티지 1.6T-GDI 4WD 7DCT 18인치 (빌트인캠)_24MY,기아 주식회사,승용차,다목적형,11.1,,10.3,12.1,4등급
스포티지 1.6T-GDI 4WD 7DCT 18인치_24MY,기아 주식회사,승용차,다목적형,11.3,,10.4,12.5,4등급
스포티지 1.6T-GDI 4WD 7DCT 17인치_24MY,기아 주식회사,승용차,다목적형,11.3,,10.4,12.5,4등급
투싼 1.6T-GDI AWD 7DCT 18인치 (빌트인캠)(23),현대자동차㈜,승용차,다목적형,11.3,,10.5,12.4,4등급
Mercedes-Benz GLE 300 d 4MATIC(5seater),메르세데스-벤츠코리아(주),승용차,다목적형,11.4,,10.8,12.2,4등급
팰리세이드(PE) 2.2 디젤 AWD 7인 20인치(24MY),현대자동차㈜,승용차,다목적형,11.4,,10.4,12.8,4등급
팰리세이드(PE) 2.2 디젤 AWD 8인 20인치(24MY),현대자동차㈜,승용차,다목적형,11.4,,10.4,12.8,4등급
"Mercedes-Benz GLE 450 d 4MATIC Coupe	",메르세데스-벤츠코리아(주),승용차,다목적형,10.4,,9.5,11.7,4등급
Mercedes-Benz GLE 300 d 4MATIC ,메르세데스-벤츠코리아(주),승용차,다목적형,11.4,,10.8,12.2,4등급
EV9 GTL 4WD 21인치 6인,기아 주식회사,승용차,다목적형,3.8,443,4.1,3.4,4등급
EV9 GTL 4WD 21인치 7인,기아 주식회사,승용차,다목적형,3.8,443,4.1,3.4,4등급
아반떼(PE) N 2.0 T-GDI 6MT 19인치,현대자동차㈜,승용차,일반형,10.6,,9.4,12.5,4등급
GV70 2.5T-GDI AWD 19인치(24MY),현대자동차㈜,승용차,다목적형,9.7,,8.5,11.5,4등급
GV70 2.5T-GDI AWD 19인치 (스포츠패키지)(24MY),현대자동차㈜,승용차,다목적형,9.7,,8.5,11.5,4등급
GV70 2.5T-GDI AWD 18인치(빌트인캠)(24MY),현대자동차㈜,승용차,다목적형,9.7,,8.6,11.4,4등급
GV70 2.5T-GDI AWD 18인치(24MY),현대자동차㈜,승용차,다목적형,9.8,,8.7,11.5,4등급
GV70 2.5T-GDI 2WD 21인치(24MY),현대자동차㈜,승용차,다목적형,9.8,,8.8,11.3,4등급
GV70 2.5T-GDI 2WD 21인치 (스포츠패키지)(24MY),현대자동차㈜,승용차,다목적형,9.8,,8.8,11.3,4등급
GV70 2.5T-GDI 2WD 19인치(24MY),현대자동차㈜,승용차,다목적형,10,,8.9,11.6,4등급
GV70 2.5T-GDI 2WD 19인치 (스포츠패키지)(24MY),현대자동차㈜,승용차,다목적형,10,,8.9,11.6,4등급
GV70 2.5T-GDI 2WD 18인치(빌트인캠)(24MY),현대자동차㈜,승용차,다목적형,10.6,,9.4,12.4,4등급
GV70 2.5T-GDI 2WD 18인치(24MY),현대자동차㈜,승용차,다목적형,10.7,,9.6,12.4,4등급
SE-A2밴,주식회사 모빌리티네트웍스,화물차,밴형,3.8,184,4.3,3.4,4등급
싼타페(MX5) 2.5T-GDI 2WD 6/7인 20인치타이어,현대자동차㈜,승용차,다목적형,10,,8.8,12,4등급
싼타페(MX5) 2.5T-GDI AWD 7인 20인치타이어,현대자동차㈜,승용차,다목적형,9.4,,8.2,11.3,4등급
아이오닉5 N,현대자동차㈜,승용차,다목적형,3.7,351,4,3.4,4등급
싼타페(MX5) 2.5T-GDI 2WD 7인 18인치(빌트인캠),현대자동차㈜,승용차,다목적형,10.4,,9.1,12.8,4등급
싼타페(MX5) 2.5T-GDI 2WD 5/6/7인 21인치타이어,현대자동차㈜,승용차,다목적형,10,,8.8,12,4등급
싼타페(MX5) 2.5T-GDI 2WD 5인 20인치타이어,현대자동차㈜,승용차,다목적형,10.4,,9.2,12.5,4등급
싼타페(MX5) 2.5T-GDI 2WD 7인 18인치타이어,현대자동차㈜,승용차,다목적형,10.6,,9.3,12.9,4등급
싼타페(MX5) 2.5T-GDI 2WD 5/6인 18인치(빌트인캠),현대자동차㈜,승용차,다목적형,10.8,,9.4,13.2,4등급
싼타페(MX5) 2.5T-GDI 2WD 5/6인 18인치타이어,현대자동차㈜,승용차,다목적형,11,,9.6,13.4,4등급
싼타페(MX5) 2.5T-GDI AWD 6/7인 21인치타이어,현대자동차㈜,승용차,다목적형,9.4,,8.2,11.3,4등급
싼타페(MX5) 2.5T-GDI AWD 5인 21인치타이어,현대자동차㈜,승용차,다목적형,9.7,,8.5,11.6,4등급
싼타페(MX5) 2.5T-GDI AWD 5/6/7인 18인치타이어,현대자동차㈜,승용차,다목적형,10.1,,8.8,12.2,4등급
쏘렌토(PE) 2.5T-GDI 4WD 6인 18인치,기아 주식회사,승용차,다목적형,9.8,,8.7,11.7,4등급
쏘렌토(PE) 2.5T-GDI 2WD 6인 18인치,기아 주식회사,승용차,다목적형,10.8,,9.4,13,4등급
쏘렌토(PE) 2.5T-GDI 2WD 7인 18인치,기아 주식회사,승용차,다목적형,10.8,,9.4,13,4등급
쏘렌토(PE) 2.5T-GDI 2WD 6인 18인치(빌트인캠),기아 주식회사,승용차,다목적형,10.6,,9.3,12.8,4등급
쏘렌토(PE) 2.5T-GDI 2WD 7인 18인치(빌트인캠),기아 주식회사,승용차,다목적형,10.6,,9.3,12.8,4등급
쏘렌토(PE) 2.5T-GDI 2WD 5인 20인치,기아 주식회사,승용차,다목적형,10.1,,9,11.8,4등급
쏘렌토(PE) 2.5T-GDI 2WD 6인 20인치,기아 주식회사,승용차,다목적형,10.1,,9,11.8,4등급
쏘렌토(PE) 2.5T-GDI 4WD 5인 18인치,기아 주식회사,승용차,다목적형,9.9,,8.8,11.8,4등급
쏘렌토(PE) 2.5T-GDI 4WD 7인 18인치,기아 주식회사,승용차,다목적형,9.8,,8.7,11.7,4등급
쏘렌토(PE) 2.5T-GDI 2WD 7인 20인치,기아 주식회사,승용차,다목적형,10.1,,9,11.8,4등급
쏘렌토(PE) 2.5T-GDI 2WD 5인 18인치,기아 주식회사,승용차,다목적형,10.8,,9.4,13,4등급
쏘렌토(PE) 2.5T-GDI 2WD 5인 18인치(빌트인캠),기아 주식회사,승용차,다목적형,10.6,,9.3,12.8,4등급
"Mercedes-Benz S 450 4MATIC	",메르세데스-벤츠코리아(주),승용차,일반형,9.6,,8.4,11.6,4등급
싼타페(MX5) 2.5T-GDI AWD 5/6인 20인치타이어,현대자동차㈜,승용차,다목적형,9.7,,8.5,11.6,4등급
A8 L 50 TDI quattro,폭스바겐그룹코리아 주식회사,승용차,일반형,10.8,,9.3,13.5,4등급
BMW 530i xDrive,BMW코리아㈜,승용차,일반형,11.1,,9.9,13,4등급
BMW 740i xDrive,BMW코리아㈜,승용차,일반형,10.3,,9.2,11.9,4등급
BMW i5 M60 xDrive,BMW코리아㈜,승용차,일반형,3.8,361,3.8,3.8,4등급
Mercedes-Benz C 300 4MATIC,메르세데스-벤츠코리아(주),승용차,일반형,11.1,,9.7,13.3,4등급
BMW i7 eDrive50,BMW코리아㈜,승용차,일반형,3.8,455,3.7,4,4등급
BMW i5 eDrive40,BMW코리아㈜,승용차,일반형,4.1,384,4.1,4,4등급
Mercedes-Benz EQE 350 4MATIC,메르세데스-벤츠코리아(주),승용차,일반형,4,432,4,4,4등급
"Mercedes-Benz EQS 450 4MATIC	",메르세데스-벤츠코리아(주),승용차,일반형,4,501,4,3.9,4등급
볼보 XC60B6 AWD,㈜볼보자동차코리아,승용차,다목적형,9.4,,8.4,11,4등급
볼보 XC60B5 AWD,㈜볼보자동차코리아,승용차,다목적형,10.1,,9.1,11.5,4등급
볼보 V60CCB5 AWD,㈜볼보자동차코리아,승용차,다목적형,10.4,,9.2,12.3,4등급
BMW X5 xDrive40d,BMW코리아㈜,승용차,다목적형,11.2,,10,13,4등급
BMW X1 xDrive20i,BMW코리아㈜,승용차,다목적형,10.7,,9.4,12.7,4등급
BMW X1 M35i xDrive,BMW코리아㈜,승용차,다목적형,10.2,,8.9,12.2,4등급
Mercedes-AMG EQE 53 4MATIC +,메르세데스-벤츠코리아(주),승용차,일반형,3.6,390,3.6,3.6,4등급
볼보 XC40B4 AWD,㈜볼보자동차코리아,승용차,다목적형,10.6,,9.5,12.3,4등급
볼보 V90CCB5 AWD,㈜볼보자동차코리아,승용차,다목적형,11,,9.8,13,4등급
BMW X5 xDrive40d,BMW코리아㈜,승용차,다목적형,11.2,,10,13,4등급
Mercedes-AMG EQE 53 4MATIC +(Race Start +),메르세데스-벤츠코리아(주),승용차,일반형,3.6,390,3.6,3.6,4등급
Mercedes-AMG EQE 53 4MATIC + SUV ,메르세데스-벤츠코리아(주),승용차,다목적형,3.5,376,3.6,3.5,4등급
K5 PE 2.0LPI 16인치(빌트인캠),기아 주식회사,승용차,일반형,9.7,,8.5,11.7,4등급
K5 PE 2.0LPI 18인치(빌트인캠),기아 주식회사,승용차,일반형,9.5,,8.2,11.5,4등급
K5 PE 2.0LPI 17인치(빌트인캠),기아 주식회사,승용차,일반형,9.8,,8.5,11.8,4등급
Mustang 2.3L Coupe,포드세일즈서비스코리아(유),승용차,일반형,9.6,,8.4,11.5,4등급
볼보 S90B6 AWD,㈜볼보자동차코리아,승용차,일반형,10.2,,8.7,13,4등급
Mercedes-Benz GLS 450 d 4MATIC,메르세데스-벤츠코리아(주),승용차,다목적형,10.4,,9.6,11.5,4등급
Mercedes-Benz GLS 450 d 4MATIC,메르세데스-벤츠코리아(주),승용차,다목적형,10.4,,9.6,11.5,4등급
Mercedes-Benz GLA 250 4MATIC,메르세데스-벤츠코리아(주),승용차,다목적형,10.8,,9.7,12.6,4등급
"Mercedes-Benz GLC 300 4MATIC Coupe	",메르세데스-벤츠코리아(주),승용차,다목적형,10.7,,9.6,12.4,4등급
Mustang 2.3L Convertible,포드세일즈서비스코리아(유),승용차,일반형,9.6,,8.4,11.5,4등급
Mercedes-AMG A 35 4MATIC,메르세데스-벤츠코리아(주),승용차,일반형,10.6,,9.4,12.7,4등급
BMW 220i Active Tourer,BMW코리아㈜,승용차,일반형,11.1,,9.6,13.8,4등급
BMW X1 xDrive20i,BMW코리아㈜,승용차,일반형,10.6,,9.4,12.8,4등급
"투싼 개조 1.6T-GDI 7DCT AWD 18""",현대자동차㈜,승용차,다목적형,11.3,,10.2,12.9,4등급
"투싼 개조 1.6T-GDI 7DCT AWD 19""",현대자동차㈜,승용차,다목적형,11.2,,10.1,12.7,4등급
Mercedes-AMG GLB 35 4MATIC,메르세데스-벤츠코리아(주),승용차,다목적형,9.5,,8.5,11,4등급
BMW X1 sDrive20i,BMW코리아㈜,승용차,일반형,11.4,,10.1,13.6,4등급
Mercedes-Benz GLB 250 4MATIC,메르세데스-벤츠코리아(주),승용차,다목적형,10.5,,9.5,12.2,4등급
캐딜락 Lyriq,지엠아시아퍼시픽지역본부 주식회사,승용차,다목적형,3.9,465,4.1,3.7,4등급
Mercedes-Benz S 500 4MATIC,메르세데스-벤츠코리아(주),승용차,일반형,9.4,,8.3,11.4,4등급
Mercedes-Benz S 450 4MATIC ,메르세데스-벤츠코리아(주),승용차,일반형,9.7,,8.5,11.9,4등급
Mercedes-Benz E 450 4MATIC,메르세데스-벤츠코리아(주),승용차,일반형,10.5,,8.9,13.4,4등급
Mercedes-Benz GLB 250 4MATIC,메르세데스-벤츠코리아(주),승용차,다목적형,10.5,,9.5,12.2,4등급
BMW X2 xDrive20i,BMW코리아㈜,승용차,다목적형,10.8,,9.4,13.1,4등급
Q7 45 TDI quattro,폭스바겐그룹코리아 주식회사,승용차,다목적형,10.7,,9.5,12.6,4등급
Q7 50 TDI quattro,폭스바겐그룹코리아 주식회사,승용차,다목적형,10.5,,9.4,12.4,4등급
Q8 45 TDI quattro,폭스바겐그룹코리아 주식회사,승용차,다목적형,10.3,,9.4,11.9,4등급
Q8 50 TDI quattro,폭스바겐그룹코리아 주식회사,승용차,다목적형,10.1,,9.1,11.7,4등급
Mercedes-Benz CLE 450 4MATIC Coupe,메르세데스-벤츠코리아(주),승용차,일반형,10.9,,9.3,13.6,4등급
"G80(PE) 2.5T-GDI RWD 20""(올시즌)",현대자동차㈜,승용차,일반형,10,,8.6,12.5,4등급
"G80(PE) 2.5T-GDI RWD 20""(썸머)",현대자동차㈜,승용차,일반형,9.9,,8.4,12.5,4등급
"G80(PE) 2.5T-GDI RWD 19""",현대자동차㈜,승용차,일반형,10.3,,8.8,13.2,4등급
"G80(PE) 2.5T-GDI RWD 18"" (nC)",현대자동차㈜,승용차,일반형,10.6,,9,13.5,4등급
"G80(PE) 2.5T-GDI RWD 18"" (C)",현대자동차㈜,승용차,일반형,10.5,,9,13.4,4등급
"G80(PE) 2.5T-GDI AWD 20""(올시즌)",현대자동차㈜,승용차,일반형,9.5,,8.1,12,4등급
"G80(PE) 2.5T-GDI AWD 20""(썸머)",현대자동차㈜,승용차,일반형,9.4,,8,12,4등급
"G80(PE) 2.5T-GDI AWD 19""",현대자동차㈜,승용차,일반형,9.6,,8.3,12,4등급
"G80(PE) 2.5T-GDI AWD 18"" (nC)",현대자동차㈜,승용차,일반형,9.9,,8.5,12.5,4등급
"G80(PE) 2.5T-GDI AWD 18"" (C)",현대자동차㈜,승용차,일반형,9.7,,8.3,12,4등급
Q7 45 TDI quattro,폭스바겐그룹코리아 주식회사,승용차,다목적형,10.7,,9.5,12.6,4등급
썬라이즈-T01,피닉스코리아(주),화물차,밴형,3.7,207,4.1,3.3,4등급
BMW M440i xDrive Convertible,BMW코리아㈜,승용차,일반형,11,,9.8,13.1,4등급
BMW M440i xDrive Coupe,BMW코리아㈜,승용차,일반형,11.4,,10.2,13.3,4등급
타이칸 터보 S (5인승),포르쉐코리아 주식회사,승용차,일반형,3.7,425,3.7,3.6,4등급
"Mercedes-Benz CLE 450 4MATIC Cabriolet	",메르세데스-벤츠코리아(주),승용차,일반형,10.7,,9.2,13.3,4등급
토레스 밴 가솔린 1.5 AT 4WD 저공해3종,케이지모빌리티 주식회사,화물차,밴형,10.2,,9.3,11.4,4등급
쏘나타(DN8c) 2.0 LPI 택시 17”,현대자동차㈜,승용차,일반형,9.5,,8.3,11.7,4등급
토레스 밴 가솔린 1.5 AT 2WD 저공해3종,케이지모빌리티 주식회사,화물차,밴형,11.1,,10.2,12.3,4등급
MINI Countryman S ALL4,BMW코리아㈜,승용차,일반형,10.8,,9.6,12.9,4등급
Mercedes-AMG A 35 4MATIC,메르세데스-벤츠코리아(주),승용차,일반형,10.4,,9.3,12.3,4등급
타이칸 터보 S,포르쉐코리아 주식회사,승용차,일반형,3.7,425,3.7,3.6,4등급
Mercedes-Benz EQB 300 4MATIC,메르세데스-벤츠코리아(주),승용차,다목적형,4.1,302,4.3,3.9,4등급
"GV70 FL 2.5T-GDI AWD 18""",현대자동차㈜,승용차,다목적형,9.7,,8.4,11.8,4등급
"GV70 FL 2.5T-GDI RWD 21"" 스포츠패키지",현대자동차㈜,승용차,다목적형,9.7,,8.5,11.6,4등급
"GV70 FL 2.5T-GDI RWD 19"" 스포츠패키지",현대자동차㈜,승용차,다목적형,9.8,,8.5,11.8,4등급
BMW X2 M35i xDrive,BMW코리아㈜,승용차,다목적형,10.1,,8.9,12.1,4등급
Mercedes-Benz EQB 300 4MATIC,메르세데스-벤츠코리아(주),승용차,다목적형,4.1,302,4.3,3.9,4등급
"GV70 FL 2.5T-GDI RWD 18""(C)",현대자동차㈜,승용차,다목적형,10.1,,8.7,12.4,4등급
"GV70 FL 2.5T-GDI RWD 18""(nC)",현대자동차㈜,승용차,다목적형,10.2,,8.9,12.5,4등급
"GV70 FL 2.5T-GDI AWD 19"" 스포츠패키지",현대자동차㈜,승용차,다목적형,9.4,,8.2,11.4,4등급
"GV70 FL 2.5T-GDI RWD 21""",현대자동차㈜,승용차,다목적형,9.7,,8.5,11.6,4등급
"GV70 FL 2.5T-GDI RWD 19""",현대자동차㈜,승용차,다목적형,9.8,,8.5,11.8,4등급
Mercedes-Benz GLA 250 4MATIC ,메르세데스-벤츠코리아(주),승용차,다목적형,10.9,,9.8,12.5,4등급
"타이칸 4S (High, 5인승)",포르쉐코리아 주식회사,승용차,일반형,4.1,477,4.1,4.1,4등급
타이칸 4S (High),포르쉐코리아 주식회사,승용차,일반형,4.1,477,4.1,4.1,4등급
Q7 50 TDI quattro,폭스바겐그룹코리아 주식회사,승용차,다목적형,10.5,,9.4,12.4,4등급
"GV70 FL 2.5T-GDI AWD 19""",현대자동차㈜,승용차,다목적형,9.4,,8.2,11.4,4등급
E-CV1,(주)센트로에이케이,화물차,밴형,3.8,184,4.2,3.3,4등급
SW40,파츠몰에이투지,화물차,밴형,3.5,218,4.2,2.9,4등급
Mercedes-Benz EQS 580 4MATIC SUV,메르세데스-벤츠코리아(주),승용차,다목적형,3.6,480,3.6,3.5,4등급
Mercedes-Benz EQS 450 4MATIC SUV,메르세데스-벤츠코리아(주),승용차,다목적형,3.7,498,3.8,3.6,4등급
Mercedes-Benz EQE 350 4MATIC SUV,메르세데스-벤츠코리아(주),승용차,다목적형,4.1,445,4.3,3.9,4등급
Mercedes-Benz EQE 500 4MATIC SUV,메르세데스-벤츠코리아(주),승용차,다목적형,4.1,449,4.2,3.9,4등급
MINI John Cooper Works Countryman ALL4,BMW코리아㈜,승용차,일반형,10.3,,9.1,12.3,4등급
A6 45 TFSI,폭스바겐그룹코리아 주식회사,승용차,일반형,11.2,,10,13.2,4등급
A6 45 TFSI quattro,폭스바겐그룹코리아 주식회사,승용차,일반형,11,,9.7,13.1,4등급
Mercedes-Maybach EQS 680 SUV,메르세데스-벤츠코리아(주),승용차,다목적형,3.5,471,3.5,3.5,4등급
Mercedes-Maybach EQS 680 SUV,메르세데스-벤츠코리아(주),승용차,다목적형,3.5,471,3.5,3.5,4등급
Mercedes-Benz EQS 580 4MATIC SUV,메르세데스-벤츠코리아(주),승용차,다목적형,3.6,480,3.6,3.5,4등급
Mercedes-Benz EQS 450 4MATIC SUV,메르세데스-벤츠코리아(주),승용차,다목적형,3.7,498,3.8,3.6,4등급
Mercedes-AMG EQE 53 4MATIC + SUV,메르세데스-벤츠코리아(주),승용차,다목적형,3.4,362,3.4,3.3,4등급
렉스턴 디젤 2.2 8AT 2WD EU6e 7인승 ISG,케이지모빌리티 주식회사,승용차,다목적형,11.4,,10.2,13.2,4등급
렉스턴 디젤 2.2 8AT 2WD EU6e 7인승,케이지모빌리티 주식회사,승용차,다목적형,10.8,,9.5,12.8,4등급
렉스턴 디젤 2.2 8AT 4WD EU6e 7인승 ISG,케이지모빌리티 주식회사,승용차,다목적형,11,,9.8,12.7,4등급
렉스턴 디젤 2.2 8AT 4WD EU6e 7인승,케이지모빌리티 주식회사,승용차,다목적형,10.5,,9.3,12.4,4등급
"G80(PE) 2.5T-GDI RWD 20""",현대자동차㈜,승용차,일반형,10,,8.6,12.5,4등급
"G80(PE) 2.5T-GDI AWD 20""",현대자동차㈜,승용차,일반형,9.5,,8.1,12,4등급
Mercedes-Benz GLB 250 4MATIC,메르세데스-벤츠코리아(주),승용차,다목적형,10.5,,9.5,12,4등급
타이칸 크로스 투리스모 4S (5인승),포르쉐코리아 주식회사,승용차,일반형,3.9,451,4,3.8,4등급
타이칸 크로스 투리스모 (5인승),포르쉐코리아 주식회사,승용차,일반형,3.8,443,3.9,3.7,4등급
렉서스 LM500h ROYAL,한국토요타자동차㈜,승용차,기타형,10.1,,9.7,10.7,4등급
Mercedes-Benz G 450 d,메르세데스-벤츠코리아(주),승용차,다목적형,10,,9.5,10.8,4등급
K8(GL3 PE) 3.5 GDI 19인치,기아 주식회사,승용차,일반형,9.9,,8.3,12.9,4등급
K8(GL3 PE) 3.5 GDI 18인치,기아 주식회사,승용차,일반형,10.1,,8.4,13.2,4등급
K8(GL3 PE) 2.5 GDI 19인치,기아 주식회사,승용차,일반형,11.3,,9.7,14.1,4등급
렉서스 LM500h Executive,한국토요타자동차㈜,승용차,기타형,10.1,,9.7,10.7,4등급
렉스턴 디젤 2.2 8AT 2WD EU6e 5인승 ISG,케이지모빌리티 주식회사,승용차,다목적형,11.4,,10.2,13.2,4등급
렉스턴 디젤 2.2 8AT 2WD EU6e 5인승,케이지모빌리티 주식회사,승용차,다목적형,10.8,,9.5,12.8,4등급
렉스턴 디젤 2.2 8AT 4WD EU6e 5인승,케이지모빌리티 주식회사,승용차,다목적형,10.5,,9.3,12.4,4등급
렉스턴 디젤 2.2 8AT 4WD EU6e 5인승 ISG,케이지모빌리티 주식회사,승용차,다목적형,11,,9.8,12.7,4등급
A3 40 TFSI quattro,폭스바겐그룹코리아 주식회사,승용차,일반형,11.3,,9.7,14.1,4등급
무쏘 칸 디젤 2.2 6AT 4WD EU6e,케이지모빌리티 주식회사,화물차,화물,10.1,,9.4,10.9,4등급
무쏘 칸 디젤 2.2 6AT 2WD EU6e,케이지모빌리티 주식회사,화물차,화물,10.2,,9.3,11.4,4등급
무쏘 스포츠 디젤 2.2 6AT 4WD EU6e,케이지모빌리티 주식회사,화물차,화물,10.3,,9.6,11.3,4등급
무쏘 스포츠 디젤 2.2 6AT 2WD EU6e,케이지모빌리티 주식회사,화물차,화물,10.3,,9.4,11.6,4등급
BMW i4 M50 xDrive,BMW코리아㈜,승용차,일반형,4.1,387,4,4.1,4등급
타이칸 터보 GT 바이작 패키지,포르쉐코리아 주식회사,승용차,일반형,3.6,426,3.9,3.4,4등급
타이칸 터보 (5인승),포르쉐코리아 주식회사,승용차,일반형,3.7,430,3.7,3.6,4등급
액티언 가솔린 1.5  AT 4WD 저공해3종,케이지모빌리티 주식회사,승용차,기타형,10.1,,9.1,11.5,4등급
액티언 가솔린 1.5  AT 2WD 저공해3종,케이지모빌리티 주식회사,승용차,기타형,11,,10,12.5,4등급
Mercedes-Benz E 300 4MATIC,메르세데스-벤츠코리아(주),승용차,일반형,11.1,,9.6,13.6,4등급
K8(GL3 PE) 3.5 GDI 20인치,기아 주식회사,승용차,일반형,9.9,,8.3,12.9,4등급
K8(GL3 PE) 2.5 GDI 20인치,기아 주식회사,승용차,일반형,11.3,,9.7,14.1,4등급
콜레오스 4WD_EAL_20”,르노코리아 주식회사,승용차,다목적형,9.8,,8.5,11.9,4등급
콜레오스 2WD_E2/EAL/E4_19”/20”,르노코리아 주식회사,승용차,다목적형,11.1,,9.8,13.1,4등급
EMIRA,로터스카스코리아 주식회사,승용차,일반형,9.5,,8.3,11.6,4등급
Mercedes-Benz S 500 4MATIC,메르세데스-벤츠코리아(주),승용차,일반형,9.7,,8.4,11.7,4등급
Mercedes-Benz S 450 4MATIC,메르세데스-벤츠코리아(주),승용차,일반형,9.9,,8.6,12.1,4등급
타이칸 터보,포르쉐코리아 주식회사,승용차,일반형,3.7,430,3.7,3.6,4등급
Q6 e-tron quattro,폭스바겐그룹코리아 주식회사,승용차,다목적형,3.8,400,4.1,3.5,4등급
볼보 XC60B6 AWD,㈜볼보자동차코리아,승용차,다목적형,9.9,,8.8,11.5,4등급
볼보 XC90B6 AWD,㈜볼보자동차코리아,승용차,다목적형,9.5,,8.4,11.3,4등급
볼보 XC40B4 AWD,㈜볼보자동차코리아,승용차,다목적형,10.3,,9.2,12.2,4등급
볼보 V60CCB5 AWD,㈜볼보자동차코리아,승용차,다목적형,9.9,,8.7,11.9,4등급
Mercedes-Benz CLE 450 4MATIC Coupe,메르세데스-벤츠코리아(주),승용차,일반형,10.9,,9.4,13.6,4등급
Mercedes-Benz E 450 4MATIC,메르세데스-벤츠코리아(주),승용차,일반형,10.5,,9,13.1,4등급
Mercedes-Benz GLC 300 4MATIC Coupe,메르세데스-벤츠코리아(주),승용차,다목적형,10.6,,9.4,12.6,4등급
Mercedes-Benz GLC 300 4MATIC,메르세데스-벤츠코리아(주),승용차,다목적형,10.6,,9.6,12.3,4등급
쏘렌토(MQ4 PE) 2.5T-GDI 4WD 7인 18인치 25MY,기아 주식회사,승용차,다목적형,9.8,,8.7,11.7,4등급
쏘렌토(MQ4 PE) 2.5T-GDI 4WD 6인 18인치 25MY,기아 주식회사,승용차,다목적형,9.8,,8.7,11.7,4등급
쏘렌토(MQ4 PE) 2.5T-GDI 4WD 5인 18인치 25MY,기아 주식회사,승용차,다목적형,9.9,,8.8,11.8,4등급
쏘렌토(MQ4 PE) 2.5T-GDI 2WD 7인 20인치 25MY,기아 주식회사,승용차,다목적형,10.1,,9,11.8,4등급
쏘렌토(MQ4 PE) 2.5T-GDI 2WD 6인 20인치 25MY,기아 주식회사,승용차,다목적형,10.1,,9,11.8,4등급
쏘렌토(MQ4 PE) 2.5T-GDI 2WD 5인 20인치 25MY,기아 주식회사,승용차,다목적형,10.1,,9,11.8,4등급
쏘렌토(MQ4 PE) 2.5T-GDI 2WD 7인 18인치 빌트인캠 유 25MY,기아 주식회사,승용차,다목적형,10.6,,9.3,12.8,4등급
쏘렌토(MQ4 PE) 2.5T-GDI 2WD 6인 18인치 빌트인캠 유 25MY,기아 주식회사,승용차,다목적형,10.6,,9.3,12.8,4등급
쏘렌토(MQ4 PE) 2.5T-GDI 2WD 5인 18인치 빌트인캠 유 25MY,기아 주식회사,승용차,다목적형,10.6,,9.3,12.8,4등급
쏘렌토(MQ4 PE) 2.5T-GDI 2WD 7인 18인치 빌트인캠 무 25MY,기아 주식회사,승용차,다목적형,10.8,,9.4,13,4등급
쏘렌토(MQ4 PE) 2.5T-GDI 2WD 6인 18인치 빌트인캠 무 25MY,기아 주식회사,승용차,다목적형,10.8,,9.4,13,4등급
쏘렌토(MQ4 PE) 2.5T-GDI 2WD 5인 18인치 빌트인캠 무 25MY,기아 주식회사,승용차,다목적형,10.8,,9.4,13,4등급
볼보 XC60B5 AWD,㈜볼보자동차코리아,승용차,다목적형,10.1,,9.1,11.8,4등급
타이칸 크로스 투리스모 터보(5 인승),포르쉐코리아 주식회사,승용차,일반형,3.6,406,3.7,3.5,4등급
EV9 GTL 4WD 21인치 6인 (25MY),기아 주식회사,승용차,다목적형,3.8,443,4.1,3.4,4등급
EV9 GTL 4WD 21인치 7인 (25MY),기아 주식회사,승용차,다목적형,3.8,443,4.1,3.4,4등급
EV9 4WD 19인치 7인 (25MY),기아 주식회사,승용차,다목적형,3.8,445,4.2,3.3,4등급
BMW M340i xDrive Touring,BMW코리아㈜,승용차,일반형,10.8,,9.8,12.5,4등급
SQ6 e-tron,폭스바겐그룹코리아 주식회사,승용차,다목적형,3.8,412,4.1,3.6,4등급
EV9 2WD 20인치 6인 (25MY),기아 주식회사,승용차,다목적형,4.1,480,4.6,3.5,4등급
EV9 2WD 20인치 7인 (25MY),기아 주식회사,승용차,다목적형,4.1,480,4.6,3.5,4등급
EV9 4WD 19인치 6인 (25MY),기아 주식회사,승용차,다목적형,3.8,445,4.2,3.3,4등급
EV9 4WD 21인치 6인 (25MY),기아 주식회사,승용차,다목적형,3.9,454,4.3,3.4,4등급
EV9 4WD 21인치 7인 (25MY),기아 주식회사,승용차,다목적형,3.9,454,4.3,3.4,4등급
BMW X3 20 xDrive,BMW코리아㈜,승용차,다목적형,10.9,,10,12.4,4등급
EV6 GT 개조차,기아 주식회사,승용차,다목적형,3.8,355,3.9,3.6,4등급
S e-tron GT,폭스바겐그룹코리아 주식회사,승용차,일반형,3.7,420,3.8,3.7,4등급
ELETRE S,로터스카스코리아 주식회사,승용차,다목적형,3.5,448,3.6,3.4,4등급
RS e-tron GT performance,폭스바겐그룹코리아 주식회사,승용차,일반형,3.4,384,3.4,3.3,4등급
ELETRE S,로터스카스코리아 주식회사,승용차,다목적형,3.5,448,3.6,3.4,4등급
Mercedes-Benz GLE 450 d 4MATIC Coupe,메르세데스-벤츠코리아(주),승용차,다목적형,11,,10.1,12.3,4등급
디펜더 110 D300,(주)재규어랜드로버코리아,승용차,다목적형,10,,9.2,11.1,4등급
디펜더 130 D300,(주)재규어랜드로버코리아,승용차,다목적형,10.4,,9.4,11.9,4등급
디스커버리 D350,(주)재규어랜드로버코리아,승용차,다목적형,10.1,,9.6,10.8,4등급
Mercedes-Benz CLE 200 Cabriolet,메르세데스-벤츠코리아(주),승용차,일반형,11.2,,9.5,14.3,4등급
마칸 터보,포르쉐코리아 주식회사,승용차,다목적형,4,429,4.4,3.7,4등급
마칸 4S,포르쉐코리아 주식회사,승용차,다목적형,4.1,450,4.6,3.7,4등급
Mercedes-Benz CLE 450 4MATIC Cabriolet,메르세데스-벤츠코리아(주),승용차,일반형,10.7,,9.2,13.4,4등급
볼보 S90B6 AWD,㈜볼보자동차코리아,승용차,일반형,10.4,,9,12.9,4등급
볼보 S90B5,㈜볼보자동차코리아,승용차,일반형,11.5,,10,14.2,4등급
"스포티지(NQ5) PE 1.6T-GDI 2WD 8AT 19인치	",기아 주식회사,승용차,다목적형,11.5,,10.4,13.1,4등급
"스포티지(NQ5) PE 1.6T-GDI 4WD 8AT 19인치	",기아 주식회사,승용차,다목적형,10.5,,9.5,12,4등급
"스포티지(NQ5) PE 1.6T-GDI 4WD 8AT 18인치	",기아 주식회사,승용차,다목적형,10.7,,9.7,12.2,4등급
스포티지(NQ5) PE 1.6T-GDI 4WD 8AT 17인치 빌트인캠 유,기아 주식회사,승용차,다목적형,11.1,,10,12.7,4등급
볼보 V90CCB5 AWD,㈜볼보자동차코리아,승용차,다목적형,11,,9.7,13,4등급
Q6 e-tron,폭스바겐그룹코리아 주식회사,승용차,다목적형,4.1,346,4.5,3.7,4등급
K5(DL3) PE 2.0LPI 6AT 18인치 (25MY),기아 주식회사,승용차,일반형,9.5,,8.2,11.5,4등급
K5(DL3) PE 2.0LPI 6AT 17인치 (25MY),기아 주식회사,승용차,일반형,9.8,,8.5,11.8,4등급
스포티지(NQ5) PE 1.6T-GDI 4WD 8AT 17인치 빌트인캠 무,기아 주식회사,승용차,다목적형,11.1,,10,12.7,4등급
아이오닉9(ME1) 성능형 AWD,현대자동차㈜,승용차,다목적형,4.1,501,4.4,3.7,4등급
아이오닉9(ME1) 항속형 AWD,현대자동차㈜,승용차,다목적형,4.1,503,4.5,3.7,4등급
디스커버리 D250,(주)재규어랜드로버코리아,승용차,다목적형,10.1,,9.6,10.8,4등급
Mercedes-Benz GLS 450 d 4MATIC,메르세데스-벤츠코리아(주),승용차,다목적형,10,,9.1,11.4,4등급
Mercedes-Benz C300 4MATIC,메르세데스-벤츠코리아(주),승용차,일반형,11.3,,9.9,13.7,4등급
디펜더 110 D250,(주)재규어랜드로버코리아,승용차,다목적형,10,,9.2,11.1,4등급
타이칸 터보 GT ,포르쉐코리아 주식회사,승용차,일반형,3.7,419,3.9,3.4,4등급
Mercedes-Benz GLS 450 d 4MATIC,메르세데스-벤츠코리아(주),승용차,다목적형,10,,9.1,11.4,4등급
BMW M235 xDrive Gran Coupe,BMW코리아㈜,승용차,일반형,10.6,,9.3,12.8,4등급
BMW X3 M50 xDrive,BMW코리아㈜,승용차,다목적형,10.6,,9.7,11.9,4등급
Maserati GranCabrio Folgore,스텔란티스코리아 주식회사,승용차,일반형,3.6,321,3.6,3.6,4등급
타이칸 GTS (5인승),포르쉐코리아 주식회사,승용차,일반형,3.7,425,3.7,3.6,4등급
"타이칸 4 (High, 5인승)",포르쉐코리아 주식회사,승용차,일반형,4.1,489,4.2,4.1,4등급
Mercedes-Benz GLB 250 4MATIC,메르세데스-벤츠코리아(주),승용차,다목적형,10.5,,9.5,12,4등급
EMEYA S,로터스카스코리아 주식회사,승용차,일반형,4.1,486,4.1,4.1,4등급
Maserati GranTurismo Folgore,스텔란티스코리아 주식회사,승용차,일반형,3.5,341,3.5,3.5,4등급
Mercedes-Benz EQS 350,메르세데스-벤츠코리아(주),승용차,일반형,4.1,464,4.2,4,4등급
BMW M135 xDrive,BMW코리아㈜,승용차,일반형,10.3,,9,12.3,4등급
Mercedes-Benz EQS 450 4MATIC,메르세데스-벤츠코리아(주),승용차,일반형,4.1,565,4.1,4.1,4등급
SQ6 Sportback e-tron,폭스바겐그룹코리아 주식회사,승용차,다목적형,4,413,4.2,3.7,4등급
Q6 Sportback e-tron quattro,폭스바겐그룹코리아 주식회사,승용차,다목적형,3.7,395,3.9,3.5,4등급
MINI John Cooper Works Convertible,BMW코리아㈜,승용차,일반형,11.5,,10.2,13.6,4등급
EV9 (MV1) GT 21 인치,기아 주식회사,승용차,다목적형,3.6,408,3.8,3.4,4등급
Polestar 4 Long Range Dual Motor,폴스타오토모티브코리아 유한회사,승용차,다목적형,3.7,395,3.7,3.6,4등급
팰리세이드(LX3) 2.5T-GDI 2WD 8AT 9인 18인치 빌트인캠 유,현대자동차㈜,승용차,다목적형,9.4,,8.2,11.4,4등급
팰리세이드(LX3) 2.5T-GDI 2WD 8AT 9인 18인치 빌트인캠 무,현대자동차㈜,승용차,다목적형,9.7,,8.5,11.6,4등급
GV60(JW FL) 성능형 4WD 21인치,현대자동차㈜,승용차,다목적형,4,382,4.3,3.6,4등급
팰리세이드(LX3) 2.5T-GDI 2WD 8AT 7인 18인치 빌트인캠 유,현대자동차㈜,승용차,다목적형,9.4,,8.2,11.4,4등급
팰리세이드(LX3) 2.5T-GDI 2WD 8AT 7인 18인치 빌트인캠 무,현대자동차㈜,승용차,다목적형,9.7,,8.5,11.6,4등급
G80(RG3) FL 2.5T-GDI AWD 18인치 빌트인캠 무 26MY,현대자동차㈜,승용차,일반형,9.8,,8.4,12.4,4등급
G80(RG3) FL 2.5T-GDI AWD 18인치 빌트인캠 유 26MY,현대자동차㈜,승용차,일반형,9.6,,8.2,12.2,4등급
G80(RG3) FL 2.5T-GDI AWD 20인치 26MY(올시즌),현대자동차㈜,승용차,일반형,9.4,,8.1,11.7,4등급
G80(RG3) FL 2.5T-GDI RWD 20인치 26MY,현대자동차㈜,승용차,일반형,9.9,,8.6,12.2,4등급
G80(RG3) FL 2.5T-GDI AWD 20인치 26MY,현대자동차㈜,승용차,일반형,9.4,,8.1,11.7,4등급
GV60(JW FL) 성능형 4WD 21인치,현대자동차㈜,승용차,다목적형,4,382,4.3,3.6,4등급
EMEYA S,로터스카스코리아 주식회사,승용차,일반형,4.1,486,4.1,4.1,4등급
G80(RG3) FL 2.5T-GDI RWD 20인치 26MY(올시즌),현대자동차㈜,승용차,일반형,9.9,,8.6,12.2,4등급
G80(RG3) FL 2.5T-GDI RWD 19인치 26MY,현대자동차㈜,승용차,일반형,10.1,,8.7,12.6,4등급
G80(RG3) FL 2.5T-GDI RWD 18인치 빌트인캠 무 26MY,현대자동차㈜,승용차,일반형,10.5,,9.1,13.2,4등급
G80(RG3) FL 2.5T-GDI RWD 18인치 빌트인캠 유 26MY,현대자동차㈜,승용차,일반형,10.4,,8.9,13.1,4등급
G80(RG3) FL 2.5T-GDI AWD 19인치 26MY,현대자동차㈜,승용차,일반형,9.5,,8.1,11.9,4등급
디펜더 90 D250,(주)재규어랜드로버코리아,승용차,다목적형,9.4,,8.1,11.8,4등급
팰리세이드(LX3) 2.5T-GDI HEV AWD 6AT 9인 21인치,현대자동차㈜,승용차,다목적형,11.4,,11.4,11.3,4등급
렉서스 RX450hL,한국토요타자동차㈜,승용차,다목적형,12.3,,12.7,11.9,3등급
티볼리 가솔린 1.5 MT 2WD 기준4,케이지모빌리티 주식회사,승용차,기타형,12.5,,11.5,13.9,3등급
티볼리 가솔린 1.5 AT 2WD 저공해3종 16인치 타이어,케이지모빌리티 주식회사,승용차,기타형,12,,10.8,13.8,3등급
티볼리 가솔린 1.5 AT 2WD 저공해3종 18인치 타이어,케이지모빌리티 주식회사,승용차,기타형,11.8,,10.6,13.5,3등급
Mercedes-Benz A 250 4MATIC,메르세데스-벤츠코리아(주),승용차,일반형,11.6,,10.4,13.5,3등급
G80 2.2디젤 AWD 19인치타이어,현대자동차㈜,승용차,일반형,12.7,,11.3,15,3등급
G80 2.2디젤 AWD 18인치 (빌트인캠),현대자동차㈜,승용차,일반형,13,,11.5,15.5,3등급
G80 2.2디젤 AWD 18인치타이어,현대자동차㈜,승용차,일반형,13,,11.5,15.5,3등급
"XM3 1.6 (16"" tire)",르노코리아 주식회사,승용차,기타형,13.4,,12.1,15.4,3등급
쏘렌토 2.2디젤 4WD 7인 18인치타이어,기아 주식회사,승용차,다목적형,13.3,,11.9,15.5,3등급
쏘렌토 2.2디젤 2WD 7인 20인치타이어,기아 주식회사,승용차,다목적형,13.7,,12.5,15.5,3등급
쏘렌토 1.6T-GDI 하이브리드 4WD 7인 19인치타이어,기아 주식회사,승용차,다목적형,13.2,,14,12.3,3등급
쏘렌토 1.6T-GDI 하이브리드 4WD 7인 17인치타이어,기아 주식회사,승용차,다목적형,13.7,,14.3,13,3등급
쏘렌토 2.2디젤 4WD 5인 20인치타이어,기아 주식회사,승용차,다목적형,13,,11.8,14.9,3등급
쏘렌토 2.2디젤 4WD 6인 20인치타이어,기아 주식회사,승용차,다목적형,13,,11.8,14.9,3등급
쏘렌토 2.2디젤 4WD 5인 18인치타이어 (빌트인캠),기아 주식회사,승용차,다목적형,13.3,,11.9,15.5,3등급
쏘렌토 2.2디젤 4WD 6인 18인치타이어,기아 주식회사,승용차,다목적형,13.3,,11.9,15.5,3등급
쏘렌토 2.2디젤 2WD 5인 20인치타이어,기아 주식회사,승용차,다목적형,13.7,,12.5,15.5,3등급
쏘렌토 2.2디젤 2WD 6인 20인치타이어,기아 주식회사,승용차,다목적형,13.7,,12.5,15.5,3등급
쏘렌토 2.2디젤 4WD 7인 20인치타이어,기아 주식회사,승용차,다목적형,13,,11.8,14.9,3등급
쏘렌토 1.6T-GDI 하이브리드 4WD 5인 19인치타이어,기아 주식회사,승용차,다목적형,13.2,,14,12.3,3등급
쏘렌토 1.6T-GDI 하이브리드 4WD 6인 19인치타이어,기아 주식회사,승용차,다목적형,13.2,,14,12.3,3등급
쏘렌토 1.6T-GDI 하이브리드 4WD 5인 17인치타이어,기아 주식회사,승용차,다목적형,13.7,,14.3,13,3등급
쏘렌토 1.6T-GDI 하이브리드 4WD 6인 17인치타이어,기아 주식회사,승용차,다목적형,13.7,,14.3,13,3등급
LEAF PLUS,한국닛산(주),승용차,일반형,4.8,325,5.1,4.4,3등급
쏘나타(DN8) 1.6 T-GDI_18인치타이어_21MY,현대자동차㈜,승용차,일반형,13.2,,11.7,15.5,3등급
쏘나타(DN8) 2.0CVVL_17인치타이어(빌트인캠)_21MY,현대자동차㈜,승용차,일반형,12.8,,11.5,14.7,3등급
쏘나타(DN8) 2.0CVVL_17인치타이어_21MY,현대자동차㈜,승용차,일반형,12.9,,11.6,14.8,3등급
쏘나타(DN8) 1.6 T-GDI_17인치타이어(빌트인캠)_21MY,현대자동차㈜,승용차,일반형,13.6,,12,16.1,3등급
쏘나타(DN8) 2.0CVVL_18인치타이어(빌트인캠)_21MY,현대자동차㈜,승용차,일반형,12.6,,11.2,14.8,3등급
"SM6 1.8 (19"" Tire)",르노코리아 주식회사,승용차,일반형,11.6,,10.2,13.9,3등급
"SM6 1.3 (18"" Tire)",르노코리아 주식회사,승용차,일반형,13.3,,11.9,15.7,3등급
BMW 320i Touring,BMW코리아㈜,승용차,일반형,11.7,,10.4,13.8,3등급
쏘나타(DN8) 2.0CVVL_18인치타이어_21MY,현대자동차㈜,승용차,일반형,12.8,,11.4,14.8,3등급
"SM6 1.3 (19"" Tire)",르노코리아 주식회사,승용차,일반형,12.9,,11.4,15.2,3등급
"SM6 1.3 (16"" Tire)",르노코리아 주식회사,승용차,일반형,13.6,,12.1,16,3등급
"SM6 1.8 (18"" Tire)",르노코리아 주식회사,승용차,일반형,11.8,,10.5,13.7,3등급
벤츠 E 220 d Coupe,메르세데스-벤츠코리아(주),승용차,일반형,13.7,,12.8,14.9,3등급
아반떼 1.6 T-GDI 6MT 18인치 타이어,현대자동차㈜,승용차,일반형,12.3,,11.1,14,3등급
아반떼 1.6 T-GDI 7DCT 18인치 타이어,현대자동차㈜,승용차,일반형,12.8,,11.5,14.7,3등급
싼타페 2.2디젤 AWD 5인 20인치타이어,현대자동차㈜,승용차,다목적형,12.8,,11.7,14.4,3등급
싼타페 2.2디젤 AWD 5인 18인치타이어(빌트인캠),현대자동차㈜,승용차,다목적형,13.2,,12,15.1,3등급
싼타페 2.2디젤 2WD 5인 20인치타이어,현대자동차㈜,승용차,다목적형,13.6,,12.5,15.3,3등급
싼타페 2.2디젤 AWD 5인 18인치타이어,현대자동차㈜,승용차,다목적형,13.5,,12.3,15.3,3등급
싼타페 2.2디젤 AWD 7인 20인치타이어,현대자동차㈜,승용차,다목적형,12.8,,11.7,14.4,3등급
싼타페 2.2디젤 AWD 7인 18인치타이어,현대자동차㈜,승용차,다목적형,13.2,,12,15.1,3등급
싼타페 2.2디젤 2WD 7인 20인치타이어,현대자동차㈜,승용차,다목적형,13.6,,12.5,15.3,3등급
카니발 2.2디젤 7인 19인치타이어(빌트인캠),기아 주식회사,승용차,기타형,12.5,,11.3,14.3,3등급
카니발 2.2디젤 7인 19인치타이어,기아 주식회사,승용차,기타형,12.6,,11.3,14.5,3등급
카니발 2.2디젤 11인 18인치타이어(빌트인캠),기아 주식회사,승합차,일반형,12.4,,11.2,14.5,3등급
카니발 2.2디젤 11인 18인치타이어,기아 주식회사,승합차,일반형,12.7,,11.5,14.6,3등급
카니발 2.2디젤 9인 18인치/19인치타이어(빌트인캠),기아 주식회사,승용차,기타형,13,,11.8,14.9,3등급
카니발 2.2디젤 9인 18인치/19인치타이어,기아 주식회사,승용차,기타형,13.1,,11.8,15,3등급
투싼 2.0디젤 AWD 8AT 17/18인치,현대자동차㈜,승용차,다목적형,13.3,,11.9,15.5,3등급
투싼 1.6T-GDI AWD 7DCT 17/18인치,현대자동차㈜,승용차,다목적형,11.6,,10.8,12.7,3등급
투싼 1.6T-GDI 2WD 7DCT 19인치 (빌트인캠),현대자동차㈜,승용차,다목적형,12,,11.1,13.2,3등급
투싼 1.6T-GDI 2WD 7DCT 18인치 (빌트인캠),현대자동차㈜,승용차,다목적형,12.3,,11.3,13.6,3등급
투싼 1.6T-GDI 2WD 7DCT 17/18인치,현대자동차㈜,승용차,다목적형,12.5,,11.5,13.8,3등급
투싼 2.0디젤 AWD 8AT 19인치 (빌트인캠),현대자동차㈜,승용차,다목적형,13,,11.7,14.8,3등급
투싼 2.0디젤 AWD 8AT 18인치 (빌트인캠),현대자동차㈜,승용차,다목적형,13.2,,11.7,15.4,3등급
BMW 530i,BMW코리아㈜,승용차,일반형,12,,10.6,14.2,3등급
MINI Cooper Countryman ,BMW코리아㈜,승용차,일반형,11.6,,10.5,13.2,3등급
LSEV,(주) 코리아에어카고 에이젠시,화물차,밴형,4.4,115,4.9,3.9,3등급
벤츠 E 220 d Cabriolet,메르세데스-벤츠코리아(주),승용차,일반형,13.4,,12.6,14.5,3등급
코나(PE) 1.6T-GDI 2WD 18인치타이어,현대자동차㈜,승용차,다목적형,12.7,,11.7,14.1,3등급
코나(PE) 1.6T-GDI 4WD 16인치타이어,현대자동차㈜,승용차,다목적형,12.2,,11.1,13.7,3등급
코나(PE) 1.6T-GDI 4WD 17인치타이어,현대자동차㈜,승용차,다목적형,11.8,,10.8,13.2,3등급
코나(PE) 1.6T-GDI 4WD 18인치타이어,현대자동차㈜,승용차,다목적형,11.6,,10.6,13,3등급
투싼 2.0디젤 AWD 8AT 19인치,현대자동차㈜,승용차,다목적형,13,,11.7,14.8,3등급
투싼 1.6T-GDI 2WD 7DCT 19인치,현대자동차㈜,승용차,다목적형,12,,11.1,13.2,3등급
티볼리 에어 가솔린 1.5 AT 2WD  18인치 타이어,케이지모빌리티 주식회사,승용차,기타형,11.8,,10.8,13.1,3등급
티볼리 에어 가솔린 1.5 AT 2WD  17인치 타이어,케이지모빌리티 주식회사,승용차,기타형,11.9,,10.9,13.2,3등급
티볼리 에어 가솔린 1.5 AT 2WD  16인치 타이어,케이지모빌리티 주식회사,승용차,기타형,12,,10.9,13.5,3등급
G70(IK PE) 2.2디젤 AWD_17인치타이어,현대자동차㈜,승용차,일반형,13.3,,11.9,15.5,3등급
G70(IK PE)  2.2디젤 AWD_18/19인치타이어,현대자동차㈜,승용차,일반형,13.1,,11.7,15.2,3등급
BMW X4 xDrive30d,BMW코리아㈜,승용차,다목적형,12.3,,11.2,13.8,3등급
BMW X3 xDrive30d,BMW코리아㈜,승용차,다목적형,12.4,,11.3,14,3등급
BMW 320i,BMW코리아㈜,승용차,일반형,11.8,,10.5,13.8,3등급
BMW 620d xDrive,BMW코리아㈜,승용차,일반형,13.2,,11.8,15.3,3등급
BMW 630d xDrive,BMW코리아㈜,승용차,일반형,13.1,,11.9,14.9,3등급
K5(DL3) 2.0CVVL_18인치(빌트인캠),기아 주식회사,승용차,일반형,12.5,,11.2,14.6,3등급
K5(DL3) 2.0CVVL_17인치(빌트인캠),기아 주식회사,승용차,일반형,12.8,,11.4,14.9,3등급
K5(DL3) 1.6T-GDI_19인치(빌트인캠),기아 주식회사,승용차,일반형,12.6,,11.2,14.7,3등급
BMW 730Ld xDrive,BMW코리아㈜,승용차,일반형,13,,11.7,15,3등급
K5(DL3) 1.6T-GDI_17인치(빌트인캠)_21MY,기아 주식회사,승용차,일반형,13.5,,12,15.9,3등급
K5(DL3) 1.6T-GDI_17인치타이어_21MY,기아 주식회사,승용차,일반형,13.6,,12.1,16,3등급
트레일블레이저 1.35 TURBO AWD,한국지엠주식회사,승용차,다목적형,11.8,,10.8,13.3,3등급
"렉스턴 2.2 8AT 2WD SCR Step2 7인승 ISG				",케이지모빌리티 주식회사,승용차,다목적형,11.6,,10.4,13.4,3등급
"Mercedes-Benz GLC220 d 4MATIC Coupe	",메르세데스-벤츠코리아(주),승용차,다목적형,12.4,,11.7,13.3,3등급
GV70 2.2디젤 AWD 21인치,현대자동차㈜,승용차,다목적형,12,,10.8,13.7,3등급
GV70 2.2디젤 AWD 19인치,현대자동차㈜,승용차,다목적형,12.4,,11.2,14.3,3등급
GV70 2.2디젤 2WD 21인치,현대자동차㈜,승용차,다목적형,12.6,,11.2,14.7,3등급
GV70 2.2디젤 2WD 19인치,현대자동차㈜,승용차,다목적형,13.2,,12,14.9,3등급
GV70 2.2디젤 AWD 21인치 (스포츠패키지),현대자동차㈜,승용차,다목적형,12,,10.8,13.7,3등급
GV70 2.2디젤 AWD 19인치 (스포츠패키지),현대자동차㈜,승용차,다목적형,12.4,,11.2,14.3,3등급
GV70 2.2디젤 AWD 18인치(빌트인캠),현대자동차㈜,승용차,다목적형,12.8,,11.5,14.8,3등급
GV70 2.2디젤 AWD 18인치,현대자동차㈜,승용차,다목적형,12.9,,11.5,15,3등급
GV70 2.2디젤 2WD 21인치 (스포츠패키지),현대자동차㈜,승용차,다목적형,12.6,,11.2,14.7,3등급
GV70 2.2디젤 2WD 19인치 (스포츠패키지),현대자동차㈜,승용차,다목적형,13.2,,12,14.9,3등급
GV70 2.2디젤 2WD 18인치 (빌트인캠),현대자동차㈜,승용차,다목적형,13.5,,12.1,15.6,3등급
GV70 2.2디젤 2WD 18인치,현대자동차㈜,승용차,다목적형,13.6,,12.1,15.8,3등급
트레일블레이저 1.35 TURBO FWD,한국지엠주식회사,승용차,다목적형,12.6,,11.9,13.4,3등급
트레일블레이저 1.35 TURBO FWD,한국지엠주식회사,승용차,다목적형,12.9,,12.1,14,3등급
트레일블레이저 1.35 TURBO AWD,한국지엠주식회사,승용차,다목적형,11.6,,10.7,12.7,3등급
BMW 840d xDrive Gran Coupe,BMW코리아㈜,승용차,일반형,12.8,,11.5,14.7,3등급
"렉스턴 2.2 8AT 2WD SCR Step2 5인승 ISG				",케이지모빌리티 주식회사,승용차,다목적형,11.6,,10.4,13.4,3등급
Mercedes-Benz E220 d 4MATIC,메르세데스-벤츠코리아(주),승용차,일반형,13.2,,12.2,14.7,3등급
Mercedes-Benz GLC220 d 4MATIC,메르세데스-벤츠코리아(주),승용차,다목적형,12.4,,11.7,13.3,3등급
Tiguan 2.0TDI 4Motion,폭스바겐그룹코리아 주식회사,승용차,다목적형,13.4,,12.3,15,3등급
코나(OS PE) 2.0 가솔린 2WD_17인치타이어,현대자동차㈜,승용차,다목적형,13.2,,12,15,3등급
코나(OS PE) 2.0 가솔린 2WD_18인치타이어,현대자동차㈜,승용차,다목적형,12.8,,11.8,14.2,3등급
코나(OS PE) 2.0 가솔린 4WD_16/17인치타이어,현대자동차㈜,승용차,다목적형,11.8,,10.8,13.3,3등급
코나(OS PE) 2.0 가솔린 4WD_18인치타이어,현대자동차㈜,승용차,다목적형,11.6,,10.5,13.1,3등급
BMW 620d,BMW코리아㈜,승용차,일반형,13.5,,12.3,15.5,3등급
Q5 Sportback 40 TDI quattro,폭스바겐그룹코리아 주식회사,승용차,다목적형,13,,12.2,14.3,3등급
Q5 40 TDI quattro,폭스바겐그룹코리아 주식회사,승용차,다목적형,12.8,,11.5,14.9,3등급
스포티지 1.6디젤 4WD (PE/19“ 타이어)(21),기아 주식회사,승용차,다목적형,13.2,,12.7,13.8,3등급
코나(OS PE) 2.0 가솔린 2WD_16인치타이어,현대자동차㈜,승용차,다목적형,13.6,,12.6,15,3등급
Mercedes-Benz C220 d 4MATIC,메르세데스-벤츠코리아(주),승용차,일반형,13.6,,12.3,15.6,3등급
BMW 330i,BMW코리아㈜,승용차,일반형,11.8,,10.4,13.9,3등급
팰리세이드 2.2 디젤 2WD 7인 20인치 (21),현대자동차㈜,승용차,다목적형,11.7,,10.8,13.1,3등급
팰리세이드 2.2 디젤 2WD 7인 18인치 (21),현대자동차㈜,승용차,다목적형,12.4,,11.4,13.8,3등급
팰리세이드 2.2 디젤 2WD 8인 18인치 (21),현대자동차㈜,승용차,다목적형,12.1,,11.1,13.6,3등급
팰리세이드 2.2 디젤 2WD 8인 20인치 (21),현대자동차㈜,승용차,다목적형,11.7,,10.8,13.1,3등급
Mercedes-Benz A220 Sedan,메르세데스-벤츠코리아(주),승용차,일반형,11.9,,10.4,14.4,3등급
Mercedes-Benz A220,메르세데스-벤츠코리아(주),승용차,일반형,11.9,,10.4,14.4,3등급
"QM6 New 2.0 DIESEL (4WD 19"" Tire)",르노코리아 주식회사,승용차,다목적형,12.5,,11.4,14.1,3등급
"QM6 New 2.0 DIESEL (4WD 18"" Tire)",르노코리아 주식회사,승용차,다목적형,12.7,,11.4,14.6,3등급
A7 50 TDI quattro,폭스바겐그룹코리아 주식회사,승용차,일반형,11.9,,10.4,14.3,3등급
A7 45 TDI quattro ,폭스바겐그룹코리아 주식회사,승용차,일반형,13,,11.4,15.5,3등급
MG ZS EV,(주) 케이모터,승용차,다목적형,4.3,207,4.7,4,3등급
A6 45 TDI quattro,폭스바겐그룹코리아 주식회사,승용차,일반형,12.9,,11.5,15.2,3등급
A6 50 TDI quattro,폭스바겐그룹코리아 주식회사,승용차,일반형,11.7,,10.3,13.8,3등급
K8 2.5 GDI 18인치,기아 주식회사,승용차,일반형,11.7,,10.1,14.4,3등급
K8 2.5 GDI 17인치 (빌트인캠),기아 주식회사,승용차,일반형,11.9,,10.2,14.9,3등급
K8 2.5 GDI 17인치,기아 주식회사,승용차,일반형,12,,10.3,15,3등급
토요타 Sienna Hybrid AWD,한국토요타자동차㈜,승용차,기타형,13.7,,14.1,13.3,3등급
아이오닉5 항속형 RWD 20인치,현대자동차㈜,승용차,다목적형,4.9,401,5.5,4.2,3등급
"XM3 1.6 (17"" tire) LRRC",르노코리아 주식회사,승용차,기타형,13.6,,12.3,15.6,3등급
스타리아 2.2디젤 2WD  6MT 11인 17인치,현대자동차㈜,승합차,일반형,11.8,,11,13,3등급
Mercedes-Benz S350 d,메르세데스-벤츠코리아(주),승용차,일반형,12,,10.4,14.7,3등급
K3 1.6 T-GDI 5DR 7DCT PE (SUMMER TIRE),기아 주식회사,승용차,일반형,11.9,,10.7,13.6,3등급
K3 1.6 T-GDI 5DR 7DCT PE (ALL SEASON TIRE),기아 주식회사,승용차,일반형,12.1,,10.8,14,3등급
스타리아 2.2디젤 3밴 8AT,현대자동차㈜,화물차,밴형,11.6,,10.6,13.1,3등급
스타리아 2.2디젤 3밴 6MT,현대자동차㈜,화물차,밴형,12.3,,11.6,13.2,3등급
스타리아 2.2디젤 5밴 6MT,현대자동차㈜,화물차,밴형,11.9,,11.2,13,3등급
아이오닉5 항속형 4WD 19인치,현대자동차㈜,승용차,다목적형,4.7,390,5.3,4.2,3등급
아이오닉5 항속형 4WD 20인치,현대자동차㈜,승용차,다목적형,4.5,370,5,4,3등급
쏘나타(DN8) 1.6 T-GDI 19인치(빌트인캠)_22MY,현대자동차㈜,승용차,일반형,12.6,,11.3,14.6,3등급
쏘나타(DN8) 1.6 T-GDI 19인치타이어_22MY,현대자동차㈜,승용차,일반형,12.8,,11.3,15.1,3등급
쏘나타(DN8) 1.6 T-GDI 17인치타이어(빌트인캠)_22MY,현대자동차㈜,승용차,일반형,13.6,,12,16.1,3등급
쏘나타(DN8) 2.0CVVL_17인치타이어_22MY,현대자동차㈜,승용차,일반형,12.7,,11.4,14.7,3등급
쏘나타(DN8) 2.0CVVL_18인치타이어_22MY,현대자동차㈜,승용차,일반형,12.5,,11.3,14.4,3등급
아이오닉5 기본형 4WD 19인치,현대자동차㈜,승용차,다목적형,4.8,319,5.4,4.3,3등급
"싼타페 1.6T-GDI 하이브리드 AWD 7인 19""타이어",현대자동차㈜,승용차,다목적형,13.1,,13.8,12.3,3등급
"싼타페 1.6T-GDI 하이브리드 AWD 7인 17""타이어",현대자동차㈜,승용차,다목적형,13.4,,14,12.6,3등급
MINI Cooper S Convertible,BMW코리아㈜,승용차,일반형,12,,10.5,14.6,3등급
MINI Cooper Convertible,BMW코리아㈜,승용차,일반형,12.1,,11.1,13.6,3등급
MINI Cooper S,BMW코리아㈜,승용차,일반형,12.3,,10.8,14.9,3등급
MINI Cooper,BMW코리아㈜,승용차,일반형,13.4,,12.2,15.3,3등급
MINI Cooper S five-door,BMW코리아㈜,승용차,일반형,12.6,,11,15.3,3등급
MINI Cooper five-door,BMW코리아㈜,승용차,일반형,12.4,,11.2,14.3,3등급
"싼타페 1.6T-GDI 하이브리드 AWD 5인 19""타이어",현대자동차㈜,승용차,다목적형,13.1,,13.8,12.3,3등급
"싼타페 1.6T-GDI 하이브리드 AWD 5인 17""타이어",현대자동차㈜,승용차,다목적형,13.4,,14,12.6,3등급
G80 Electrified,현대자동차㈜,승용차,일반형,4.3,427,4.5,4.1,3등급
코란도 e-motion 2WD Heat Pump,케이지모빌리티 주식회사,승용차,기타형,4.9,307,5.4,4.4,3등급
EV6 항속형 4WD 20인치,기아 주식회사,승용차,다목적형,4.6,403,5.1,4,3등급
EV6 항속형 RWD 20인치,기아 주식회사,승용차,다목적형,4.9,434,5.5,4.4,3등급
G80 2.2디젤 AWD 19인치 (SP),현대자동차㈜,승용차,일반형,12.7,,11.2,15.1,3등급
스포티지 1.6T-GDI 4WD 7DCT 17인치,기아 주식회사,승용차,다목적형,11.6,,10.7,12.9,3등급
스포티지 1.6T-GDI 2WD 7DCT 19인치 (빌트인캠),기아 주식회사,승용차,다목적형,11.8,,10.9,13,3등급
스포티지 1.6T-GDI 2WD 7DCT 19인치,기아 주식회사,승용차,다목적형,12,,11,13.3,3등급
스포티지 1.6T-GDI 2WD 7DCT 18인치 (빌트인캠),기아 주식회사,승용차,다목적형,12.1,,11,13.6,3등급
스포티지 1.6T-GDI 2WD 7DCT 18인치,기아 주식회사,승용차,다목적형,12.3,,11.3,13.6,3등급
스포티지 1.6T-GDI 2WD 7DCT 17인치,기아 주식회사,승용차,다목적형,12.5,,11.5,13.8,3등급
스포티지 2.0디젤 4WD 8AT 19인치 (빌트인캠),기아 주식회사,승용차,다목적형,12.6,,11.5,14.1,3등급
스포티지 2.0디젤 4WD 8AT 19인치,기아 주식회사,승용차,다목적형,12.9,,11.9,14.3,3등급
스포티지 2.0디젤 4WD 8AT 18인치 (빌트인캠),기아 주식회사,승용차,다목적형,12.7,,11.6,14.2,3등급
스포티지 2.0디젤 4WD 8AT 18인치,기아 주식회사,승용차,다목적형,12.8,,11.7,14.3,3등급
스포티지 2.0디젤 4WD 8AT 17인치,기아 주식회사,승용차,다목적형,13.1,,11.9,14.7,3등급
카니발(22MY) 2.2디젤 11인 18인치타이어(빌트인캠),기아 주식회사,승합차,일반형,12.4,,11.2,14.5,3등급
카니발(22MY) 2.2디젤 11인 18인치타이어,기아 주식회사,승합차,일반형,12.7,,11.5,14.6,3등급
카니발(22MY) 2.2디젤 9인 18인치/19인치,기아 주식회사,승용차,기타형,13.1,,11.8,15,3등급
카니발(22MY) 2.2디젤 7인 19인치타이어(빌트인캠),기아 주식회사,승용차,기타형,12.5,,11.3,14.3,3등급
카니발(22MY) 2.2디젤 7인 19인치타이어,기아 주식회사,승용차,기타형,12.6,,11.3,14.5,3등급
카니발(22MY) 2.2디젤 9인 18인치/19인치(빌트인캠),기아 주식회사,승용차,기타형,13,,11.8,14.9,3등급
Peugeot 5008 1.2 Puretech,스텔란티스코리아 주식회사,승용차,다목적형,12.1,,10.8,14.2,3등급
쏘나타(DN8) 2.0CVVL 17인치 non-ISG,현대자동차㈜,승용차,일반형,12.4,,10.9,14.9,3등급
GV80(22MY) 3.0디젤 2WD 5인 19인치 타이어,현대자동차㈜,승용차,다목적형,11.8,,10.5,13.7,3등급
GV80(22MY) 3.0디젤 2WD 5인 20인치 타이어,현대자동차㈜,승용차,다목적형,11.6,,10.4,13.3,3등급
GV80(22MY) 3.0디젤 2WD 5인 22인치 타이어,현대자동차㈜,승용차,다목적형,11.6,,10.4,13.3,3등급
GV60 4WD 19인치,현대자동차㈜,승용차,다목적형,4.5,400,4.8,4.1,3등급
GV60 4WD 20인치,현대자동차㈜,승용차,다목적형,4.3,380,4.6,4,3등급
Mercedes-Benz A220 Sedan,메르세데스-벤츠코리아(주),승용차,일반형,11.7,,10.2,14.3,3등급
Peugeot 3008 1.2 Puretech,스텔란티스코리아 주식회사,승용차,다목적형,12.2,,11.1,13.8,3등급
"Mercedes-Benz E300 d 4MATIC Coupe	",메르세데스-벤츠코리아(주),승용차,일반형,13.4,,12.3,15,3등급
BMW X4 xDrive20d,BMW코리아㈜,승용차,다목적형,12.3,,11.2,14.1,3등급
BMW X3 xDrive20d,BMW코리아㈜,승용차,다목적형,12.2,,11,14.1,3등급
A4 40 TFSI,폭스바겐그룹코리아 주식회사,승용차,일반형,12.4,,11.1,14.5,3등급
Mercedes-Benz A220,메르세데스-벤츠코리아(주),승용차,일반형,11.9,,10.5,14.3,3등급
쏘렌토 2.2디젤 2WD 7인 20인치타이어(22),기아 주식회사,승용차,다목적형,13.7,,12.3,15.8,3등급
쏘렌토 2.2디젤 4WD 7인 20인치타이어(22),기아 주식회사,승용차,다목적형,12.8,,11.5,14.7,3등급
쏘렌토 2.2디젤 4WD 5인 18인치타이어(22),기아 주식회사,승용차,다목적형,13.6,,12.3,15.6,3등급
쏘렌토 2.2디젤 4WD 7인 18인치타이어(22),기아 주식회사,승용차,다목적형,13.1,,11.8,15.3,3등급
쏘렌토 2.2디젤 4WD 5인 20인치타이어(22),기아 주식회사,승용차,다목적형,12.8,,11.5,14.7,3등급
쏘렌토 2.2디젤 4WD 6인 20인치타이어(22),기아 주식회사,승용차,다목적형,12.8,,11.5,14.7,3등급
쏘렌토 2.2디젤 2WD 5인 20인치타이어(22),기아 주식회사,승용차,다목적형,13.7,,12.3,15.8,3등급
쏘렌토 2.2디젤 2WD 6인 20인치타이어(22),기아 주식회사,승용차,다목적형,13.7,,12.3,15.8,3등급
"Mercedes-Benz C300	",메르세데스-벤츠코리아(주),승용차,일반형,11.8,,10.4,14,3등급
티볼리 가솔린 1.6 AT 2WD 기준4 16인치 타이어,케이지모빌리티 주식회사,승용차,기타형,11.6,,10.4,13.3,3등급
쏘렌토 2.2디젤 4WD 5인 18인치타이어 (빌트인캠)(22),기아 주식회사,승용차,다목적형,13.1,,11.8,15.3,3등급
쏘렌토 2.2디젤 4WD 6인 18인치타이어(22),기아 주식회사,승용차,다목적형,13.1,,11.8,15.3,3등급
싼타페 2.2디젤 AWD 7인 20인치(22),현대자동차㈜,승용차,다목적형,12.8,,11.7,14.4,3등급
싼타페 2.2디젤 AWD 7인 18인치(22),현대자동차㈜,승용차,다목적형,13.1,,11.8,15.2,3등급
싼타페 2.2디젤 AWD 5인 18인치(22),현대자동차㈜,승용차,다목적형,13.6,,12.3,15.4,3등급
싼타페 2.2디젤 2WD 7인 20인치(22),현대자동차㈜,승용차,다목적형,13.7,,12.5,15.3,3등급
카니발 2.2디젤 11인 18인치(22),기아 주식회사,승합차,일반형,12.4,,11.2,14.2,3등급
렉서스 UX300e,한국토요타자동차㈜,승용차,다목적형,4.7,233,5,4.3,3등급
싼타페 2.2디젤 AWD 5인 20인치(22),현대자동차㈜,승용차,다목적형,12.8,,11.7,14.4,3등급
싼타페 2.2디젤 AWD 6인 20인치(22),현대자동차㈜,승용차,다목적형,12.8,,11.7,14.4,3등급
카니발 2.2디젤 하이리무진 9인(18인치/19인치)(22),기아 주식회사,승용차,기타형,12,,10.9,13.6,3등급
싼타페 2.2디젤 AWD 5인 18인치(빌트인캠)(22),현대자동차㈜,승용차,다목적형,13.1,,11.8,15.2,3등급
싼타페 2.2디젤 AWD 6인 18인치(22),현대자동차㈜,승용차,다목적형,13.1,,11.8,15.2,3등급
싼타페 2.2디젤 2WD 5인 20인치(22),현대자동차㈜,승용차,다목적형,13.7,,12.5,15.3,3등급
싼타페 2.2디젤 2WD 6인 20인치(22),현대자동차㈜,승용차,다목적형,13.7,,12.5,15.3,3등급
카니발 2.2디젤 7인 19인치(빌트인캠)(22),기아 주식회사,승용차,기타형,12.4,,11.2,14.2,3등급
카니발 2.2디젤 7인 19인치(22),기아 주식회사,승용차,기타형,12.5,,11.3,14.3,3등급
코란도 e-motion 2WD Non Heat Pump,케이지모빌리티 주식회사,승용차,기타형,4.9,306,5.5,4.4,3등급
"싼타페 1.6T-GDI HEV AWD 5인 19""타이어(22MY)",현대자동차㈜,승용차,다목적형,13.1,,13.8,12.3,3등급
"싼타페 1.6T-GDI HEV AWD 6인 19""타이어(22MY)",현대자동차㈜,승용차,다목적형,13.1,,13.8,12.3,3등급
"싼타페 1.6T-GDI HEV AWD 7인 19""타이어(22MY)",현대자동차㈜,승용차,다목적형,13.1,,13.8,12.3,3등급
MINI Cooper SE,BMW코리아㈜,승용차,일반형,4.5,159,4.8,4.2,3등급
BMW i4 eDrive40,BMW코리아㈜,승용차,일반형,4.6,429,4.6,4.5,3등급
비바,비바모빌리티 주식회사,화물차,밴형,4.8,193,5.3,4.3,3등급
"싼타페 1.6T-GDI HEV AWD 5인 17""타이어(22MY)",현대자동차㈜,승용차,다목적형,13.4,,14,12.6,3등급
"싼타페 1.6T-GDI HEV AWD 6인 17""타이어(22MY)",현대자동차㈜,승용차,다목적형,13.4,,14,12.6,3등급
"싼타페 1.6T-GDI HEV AWD 7인 17""타이어(22MY)",현대자동차㈜,승용차,다목적형,13.4,,14,12.6,3등급
렉스턴스포츠 2.2 디젤 2WD 6MT SCR Step2(17인치),케이지모빌리티 주식회사,화물차,화물,11.6,,10.7,12.8,3등급
A3 40 TFSI,폭스바겐그룹코리아 주식회사,승용차,일반형,13,,11.4,15.5,3등급
GV80 3.0디젤 2WD 5인 19인치(22),현대자동차㈜,승용차,다목적형,11.7,,10.4,13.7,3등급
스포티지 2.0디젤 4WD 8AT 19인치 (빌트인캠),기아 주식회사,승용차,다목적형,12.4,,11.3,13.9,3등급
스포티지 2.0디젤 4WD 8AT 19인치(22),기아 주식회사,승용차,다목적형,12.5,,11.5,13.9,3등급
스포티지 2.0디젤 4WD 8AT 18인치 (빌트인캠)(22),기아 주식회사,승용차,다목적형,12.8,,11.6,14.5,3등급
스포티지 2.0디젤 4WD 8AT 18인치(22),기아 주식회사,승용차,다목적형,12.9,,11.7,14.6,3등급
GV70 2.2디젤 AWD 21인치 (스포츠패키지)(22),현대자동차㈜,승용차,다목적형,12,,11,13.6,3등급
GV70 2.2디젤 AWD 19인치 (스포츠패키지)(22),현대자동차㈜,승용차,다목적형,12.2,,11.1,14,3등급
GV70 2.2디젤 AWD 18인치(빌트인캠)(22),현대자동차㈜,승용차,다목적형,12.8,,11.5,14.9,3등급
GV70 2.2디젤 AWD 18인치(22),현대자동차㈜,승용차,다목적형,12.9,,11.6,15.1,3등급
GV70 2.2디젤 2WD 21인치 (스포츠패키지)(22),현대자동차㈜,승용차,다목적형,12.6,,11.6,14.2,3등급
GV70 2.2디젤 2WD 19인치 (스포츠패키지)(22),현대자동차㈜,승용차,다목적형,13.2,,12,15,3등급
GV70 2.2디젤 2WD 18인치 (빌트인캠)(22),현대자동차㈜,승용차,다목적형,13.5,,12.2,15.5,3등급
GV70 2.2디젤 2WD 18인치(22),현대자동차㈜,승용차,다목적형,13.6,,12.4,15.5,3등급
Mercedes-Benz GLE300 d 4MATIC,메르세데스-벤츠코리아(주),승용차,다목적형,11.9,,11.4,12.6,3등급
GV70 2.2디젤 AWD 21인치(22),현대자동차㈜,승용차,다목적형,12,,11,13.6,3등급
GV70 2.2디젤 AWD 19인치(22),현대자동차㈜,승용차,다목적형,12.2,,11.1,14,3등급
GV70 2.2디젤 2WD 21인치(22),현대자동차㈜,승용차,다목적형,12.6,,11.6,14.2,3등급
GV70 2.2디젤 2WD 19인치(22),현대자동차㈜,승용차,다목적형,13.2,,12,15,3등급
GV70 Electrified 20인치,현대자동차㈜,승용차,다목적형,4.3,373,4.7,3.9,3등급
투싼 2.0디젤 AWD 8AT 19인치 (빌트인캠)(22),현대자동차㈜,승용차,다목적형,12.4,,11.4,13.8,3등급
스포티지 2.0디젤 4WD 8AT 17인치(22),기아 주식회사,승용차,다목적형,12.9,,11.7,14.6,3등급
카니발 2.2디젤 11인 18인치(빌트인캠)(22),기아 주식회사,승합차,일반형,12.3,,11.1,14,3등급
카니발 2.2디젤 9인 18인치/19인치(빌트인캠)(22),기아 주식회사,승용차,기타형,12.9,,11.5,15,3등급
카니발 2.2디젤 9인 18인치/19인치(22),기아 주식회사,승용차,기타형,13,,11.7,15,3등급
Mercedes-Benz GLE300 d 4MATIC (5 Seater),메르세데스-벤츠코리아(주),승용차,다목적형,11.9,,11.4,12.6,3등급
GV70 Electrified 19인치,현대자동차㈜,승용차,다목적형,4.6,400,5,4.1,3등급
투싼 2.0디젤 AWD 8AT 18인치 (빌트인캠) (22),현대자동차㈜,승용차,다목적형,12.8,,11.6,14.5,3등급
투싼 2.0디젤 AWD 8AT 17/18인치(22),현대자동차㈜,승용차,다목적형,12.9,,11.7,14.6,3등급
투싼 2.0디젤 AWD 8AT 19인치(22),현대자동차㈜,승용차,다목적형,12.4,,11.4,13.8,3등급
DS7 CROSSBACK 1.2 PureTech,스텔란티스코리아 주식회사,승용차,다목적형,11.8,,10.5,13.7,3등급
Polestar 2 Long Range Single Motor,폴스타오토모티브코리아 유한회사,승용차,일반형,4.8,417,5.1,4.5,3등급
GV70 Electrified 무선충전,현대자동차㈜,승용차,다목적형,4.2,367,4.6,3.8,3등급
아이오닉5 항속형 4WD 19인치 (77.4kWh),현대자동차㈜,승용차,다목적형,4.7,417,5.3,4.2,3등급
아이오닉5 항속형 4WD 20인치 (77.4kWh),현대자동차㈜,승용차,다목적형,4.4,387,4.9,3.9,3등급
아이오닉5 항속형 RWD 20인치 (77.4kWh),현대자동차㈜,승용차,다목적형,4.8,420,5.4,4.2,3등급
Peugeot 3008 1.2 Puretech,스텔란티스코리아 주식회사,승용차,다목적형,12.2,,11.1,13.8,3등급
Peugeot 5008 1.2 Puretech,스텔란티스코리아 주식회사,승용차,다목적형,12.1,,10.8,14.2,3등급
아반떼 1.6 T-GDI 6MT 18인치 타이어(22MY),현대자동차㈜,승용차,일반형,12.3,,11.1,14,3등급
아반떼 1.6 T-GDI 7DCT 18인치 타이어(22MY),현대자동차㈜,승용차,일반형,12.8,,11.5,14.7,3등급
비바,비바모빌리티 주식회사,화물차,밴형,4.6,173,5,4.2,3등급
팰리세이드(PE) 2.2 디젤 AWD 7인 18인치,현대자동차㈜,승용차,다목적형,11.7,,10.7,13.2,3등급
팰리세이드(PE) 2.2 디젤 2WD 8인 18인치(빌트인캠),현대자동차㈜,승용차,다목적형,12.2,,11,13.9,3등급
팰리세이드(PE) 2.2 디젤 2WD 8인 18인치,현대자동차㈜,승용차,다목적형,12.4,,11.3,14.1,3등급
팰리세이드(PE) 2.2 디젤 2WD 8인 20인치,현대자동차㈜,승용차,다목적형,12,,11,13.5,3등급
팰리세이드(PE) 2.2 디젤 AWD 8인 18인치,현대자동차㈜,승용차,다목적형,11.7,,10.7,13.2,3등급
"A4 40 TFSI	",폭스바겐그룹코리아 주식회사,승용차,일반형,13,,11.5,15.5,3등급
A5 Sportback 40 TFSI quattro,폭스바겐그룹코리아 주식회사,승용차,일반형,12.1,,10.6,14.5,3등급
팰리세이드(PE) 2.2 디젤 2WD 7인 20인치,현대자동차㈜,승용차,다목적형,12,,11,13.5,3등급
팰리세이드(PE) 2.2 디젤 2WD 7인 18인치,현대자동차㈜,승용차,다목적형,12.4,,11.3,14.1,3등급
팰리세이드(PE) 2.2 디젤 2WD 7인 18인치(빌트인캠),현대자동차㈜,승용차,다목적형,12.2,,11,13.9,3등급
"QM6 New 2.0 (18"" Tire)",르노코리아 주식회사,승용차,기타형,12,,11.1,13.5,3등급
Mercedes-Benz E220 d 4MATIC,메르세데스-벤츠코리아(주),승용차,일반형,13.7,,12.7,15,3등급
DS7 CROSSBACK 1.2 PureTech,스텔란티스코리아 주식회사,승용차,다목적형,11.8,,10.5,13.7,3등급
Q4 e-tron 40,폭스바겐그룹코리아 주식회사,승용차,다목적형,4.3,368,4.6,4,3등급
BMW 320d xDrive,BMW코리아㈜,승용차,일반형,13.5,,12,15.8,3등급
ID.4 Pro,폭스바겐그룹코리아 주식회사,승용차,다목적형,4.7,405,4.9,4.4,3등급
셀토스(PE) 2.0 가솔린 4WD 16 인치 (빌트인캠),기아 주식회사,승용차,다목적형,12.1,,10.9,13.9,3등급
셀토스(PE) 2.0 가솔린 4WD 16 인치,기아 주식회사,승용차,다목적형,12.2,,11,13.9,3등급
셀토스(PE) 2.0 가솔린 2WD 18 인치,기아 주식회사,승용차,다목적형,12.3,,11.2,13.9,3등급
셀토스(PE) 2.0 가솔린 2WD 16 인치,기아 주식회사,승용차,다목적형,12.9,,11.8,14.4,3등급
쏘나타(DN8) 1.6 T-GDI 19인치 23MY,현대자동차㈜,승용차,일반형,12.4,,11.2,14.1,3등급
Mercedes-Benz EQE350 +,메르세데스-벤츠코리아(주),승용차,일반형,4.3,471,4.5,4.1,3등급
이티밴,제이스모빌리티 주식회사,화물차,밴형,4.4,200,5.1,3.8,3등급
쏘나타(DN8) 2.0CVVL_19인치타이어_23MY,현대자동차㈜,승용차,일반형,11.7,,10.5,13.5,3등급
셀토스(PE) 1.6T-GDI 2WD 18인치,기아 주식회사,승용차,다목적형,11.8,,10.6,13.5,3등급
셀토스(PE) 1.6T-GDI 2WD 16인치 (빌트인캠),기아 주식회사,승용차,다목적형,12.5,,11.2,14.4,3등급
아이오닉6 항속형 AWD 20인치,현대자동차㈜,승용차,일반형,4.8,420,5.2,4.4,3등급
셀토스(PE) 1.6T-GDI 4WD 16인치,기아 주식회사,승용차,다목적형,11.8,,10.8,13.3,3등급
"트레일블레이저 1.35 TURBO FWD (18"" non-S&S)",한국지엠주식회사,승용차,다목적형,12.3,,11.6,13.4,3등급
"트레일블레이저 1.35 TURBO FWD (17"" non-S&S)",한국지엠주식회사,승용차,다목적형,12.6,,11.7,14,3등급
트레일블레이저 1.35 TURBO AWD,한국지엠주식회사,승용차,다목적형,11.6,,10.7,12.7,3등급
셀토스(PE) 1.6T-GDI 2WD 16인치,기아 주식회사,승용차,다목적형,12.8,,11.5,14.6,3등급
"SM6 1.3 (17"" Tire)",르노코리아 주식회사,승용차,일반형,13.6,,12.1,16,3등급
Mercedes-Benz E300 d 4MATIC Coupe,메르세데스-벤츠코리아(주),승용차,일반형,13.5,,12.2,15.4,3등급
DS7 CROSSBACK 1.2 PureTech,스텔란티스코리아 주식회사,승용차,다목적형,11.8,,10.5,13.7,3등급
BMW 320d xDrive,BMW코리아㈜,승용차,일반형,13.3,,11.8,15.9,3등급
DS3 CROSSBACK E-TENSE,스텔란티스코리아 주식회사,승용차,다목적형,4.9,260,5.2,4.5,3등급
Peugeot e-2008 SUV,스텔란티스코리아 주식회사,승용차,다목적형,4.9,260,5.2,4.5,3등급
Mercedes-Benz C200,메르세데스-벤츠코리아(주),승용차,일반형,11.7,,10.2,14,3등급
그랜저(GN7) 2.5 GDI 18인치,현대자동차㈜,승용차,일반형,11.7,,10,14.5,3등급
CR-V 2WD,혼다코리아(주),승용차,다목적형,12.1,,11.1,13.8,3등급
Mercedes-Benz EQE300,메르세데스-벤츠코리아(주),승용차,일반형,4.2,440,4.3,4.1,3등급
BMW 740d xDrive,BMW코리아㈜,승용차,일반형,12.5,,11,15.2,3등급
Q4 Sportback e-tron 40,폭스바겐그룹코리아 주식회사,승용차,다목적형,4.2,362,4.4,3.9,3등급
코나(SX2) 2.0 가솔린 2WD 17인치,현대자동차㈜,승용차,다목적형,13.6,,12.6,15,3등급
Mercedes-Benz EQA250,메르세데스-벤츠코리아(주),승용차,다목적형,4.9,378,5.5,4.4,3등급
코나(SX2) 1.6T-GDI 4WD 17인치,현대자동차㈜,승용차,다목적형,11.7,,10.3,14,3등급
코나(SX2) 1.6T-GDI 2WD 17인치,현대자동차㈜,승용차,다목적형,13,,11.5,15.5,3등급
BMW X1 sDrive20i,BMW코리아㈜,승용차,일반형,11.7,,10.5,13.8,3등급
Peugeot 408 1.2 PureTech,스텔란티스코리아 주식회사,승용차,일반형,12.9,,11.5,15,3등급
Q4 e-tron 40,폭스바겐그룹코리아 주식회사,승용차,다목적형,4.2,365,4.5,3.9,3등급
이티4밴,제이스모빌리티 주식회사,화물차,밴형,4.4,200,5.1,3.8,3등급
코나(SX2) 2.0 가솔린 2WD 18/19인치,현대자동차㈜,승용차,다목적형,13,,11.8,14.7,3등급
코나(SX2) 1.6T-GDI 2WD 18/19인치,현대자동차㈜,승용차,다목적형,12.2,,10.8,14.3,3등급
BMW iX1 xDrive30,BMW코리아㈜,승용차,다목적형,4.2,310,4.2,4.1,3등급
트랙스 1.2터보 18인치,한국지엠주식회사,승용차,일반형,12.3,,11.2,14,3등급
트랙스 1.2터보 17인치,한국지엠주식회사,승용차,일반형,12.7,,11.7,14.3,3등급
트랙스 1.2터보 19인치,한국지엠주식회사,승용차,일반형,12,,11.1,13.2,3등급
DS7 1.2 PureTech,스텔란티스코리아 주식회사,승용차,다목적형,12,,10.7,13.9,3등급
ID.4 Pro,폭스바겐그룹코리아 주식회사,승용차,다목적형,4.9,421,5.3,4.5,3등급
렉서스 RX350h,한국토요타자동차㈜,승용차,다목적형,13.6,,14.3,12.7,3등급
코란도 e-motion 2WD Heat Pump,케이지모빌리티 주식회사,승용차,기타형,4.8,307,5.3,4.3,3등급
코나(SX2) 일렉트릭(항속형) 19인치,현대자동차㈜,승용차,다목적형,4.8,368,5.2,4.4,3등급
쏘나타(DN8) 개조 1.6 T-GDI 19인치타이어,현대자동차㈜,승용차,일반형,12,,10.4,14.9,3등급
쏘나타(DN8) 개조 1.6 T-GDI 17인치타이어,현대자동차㈜,승용차,일반형,13.5,,11.9,15.9,3등급
쏘나타(DN8) 개조 2.0CVVL_18인치 타이어,현대자동차㈜,승용차,일반형,12,,10.7,14.1,3등급
쏘나타(DN8) 개조 2.0CVVL_17인치 타이어,현대자동차㈜,승용차,일반형,12.6,,11.2,14.8,3등급
쏘나타(DN8) 개조 2.0CVVL_17인치 타이어(빌트인캠),현대자동차㈜,승용차,일반형,12.3,,10.9,14.5,3등급
쏘나타(DN8) 개조 2.0CVVL_17인치 타이어 non-ISG,현대자동차㈜,승용차,일반형,12.3,,10.9,14.7,3등급
쏘나타(DN8) 개조 1.6 T-GDI_18인치타이어,현대자동차㈜,승용차,일반형,13,,11.4,15.5,3등급
쏘나타(DN8) 개조 1.6 T-GDI 17인치타이어(빌트인캠),현대자동차㈜,승용차,일반형,13.2,,11.6,15.7,3등급
쏘나타(DN8) 개조 2.0CVVL_19인치 타이어,현대자동차㈜,승용차,일반형,11.7,,10.5,13.6,3등급
EV9 2WD 19인치 7인,기아 주식회사,승용차,다목적형,4.2,501,4.7,3.6,3등급
EV9 2WD 19인치 6인,기아 주식회사,승용차,다목적형,4.2,501,4.7,3.6,3등급
Model S AWD,테슬라코리아 유한회사,승용차,일반형,4.8,555,5,4.6,3등급
Model X AWD,테슬라코리아 유한회사,승용차,일반형,4.2,478,4.4,4.1,3등급
BMW X5 xDrive30d,BMW코리아㈜,승용차,다목적형,11.6,,10.7,13.1,3등급
BMW X6 xDrive30d M Sport,BMW코리아㈜,승용차,다목적형,11.9,,10.9,13.4,3등급
BMW X5 xDrive30d,BMW코리아㈜,승용차,다목적형,11.6,,10.7,13.1,3등급
Model X AWD,테슬라코리아 유한회사,승용차,일반형,4.2,478,4.4,4.1,3등급
Model X AWD,테슬라코리아 유한회사,승용차,일반형,4.2,478,4.4,4.1,3등급
스포티지 2.0디젤 4WD 8AT 19인치 (빌트인캠)_24MY,기아 주식회사,승용차,다목적형,12.4,,11.3,13.9,3등급
스포티지 2.0디젤 4WD 8AT 19인치_24MY,기아 주식회사,승용차,다목적형,12.5,,11.5,13.9,3등급
스포티지 2.0디젤 4WD 8AT 18인치 (빌트인캠)_24MY,기아 주식회사,승용차,다목적형,12.8,,11.6,14.5,3등급
스포티지 2.0디젤 4WD 8AT 18인치_24MY,기아 주식회사,승용차,다목적형,12.9,,11.7,14.6,3등급
스포티지 2.0디젤 4WD 8AT 17인치_24MY,기아 주식회사,승용차,다목적형,12.9,,11.7,14.6,3등급
스포티지 1.6T-GDI 2WD 7DCT 19인치 (빌트인캠)_24MY,기아 주식회사,승용차,다목적형,11.8,,10.9,13,3등급
스포티지 1.6T-GDI 2WD 7DCT 19인치_24MY,기아 주식회사,승용차,다목적형,12,,11,13.3,3등급
스포티지 1.6T-GDI 2WD 7DCT 18인치 (빌트인캠)_24MY,기아 주식회사,승용차,다목적형,12.1,,11,13.6,3등급
스포티지 1.6T-GDI 2WD 7DCT 18인치_24MY,기아 주식회사,승용차,다목적형,12.3,,11.3,13.6,3등급
ACCORD 1.5T,혼다코리아(주),승용차,일반형,12.9,,11.6,14.9,3등급
투싼 2.0디젤 AWD 8AT 18인치 (빌트인캠)(23),현대자동차㈜,승용차,다목적형,12.8,,11.6,14.5,3등급
투싼 2.0디젤 AWD 8AT 17/18인치(23),현대자동차㈜,승용차,다목적형,12.9,,11.7,14.6,3등급
투싼 1.6T-GDI 2WD 7DCT 18인치 (빌트인캠)(23),현대자동차㈜,승용차,다목적형,12.3,,11.3,13.6,3등급
투싼 1.6T-GDI 2WD 7DCT 17/18인치(23),현대자동차㈜,승용차,다목적형,12.5,,11.5,13.8,3등급
투싼 1.6T-GDI AWD 7DCT 17/18인치(23),현대자동차㈜,승용차,다목적형,11.6,,10.8,12.7,3등급
팰리세이드(PE) 2.2 디젤 2WD 7인 20인치(24MY),현대자동차㈜,승용차,다목적형,12,,11,13.5,3등급
팰리세이드(PE) 2.2 디젤 2WD 8인 20인치(24MY),현대자동차㈜,승용차,다목적형,12,,11,13.5,3등급
A6 45 TDI quattro,폭스바겐그룹코리아 주식회사,승용차,일반형,12.5,,10.9,15.3,3등급
GV70 2.2디젤 AWD 18인치(빌트인캠)(24MY),현대자동차㈜,승용차,다목적형,12.8,,11.5,14.8,3등급
GV70 2.2디젤 AWD 18인치(24MY),현대자동차㈜,승용차,다목적형,12.9,,11.5,15,3등급
스포티지 1.6T-GDI 2WD 7DCT 17인치_24MY,기아 주식회사,승용차,다목적형,12.3,,11.3,13.6,3등급
GV70 2.2디젤 2WD 21인치(24MY),현대자동차㈜,승용차,다목적형,12.6,,11.6,14.2,3등급
GV70 2.2디젤 2WD 21인치 (스포츠패키지)(24MY),현대자동차㈜,승용차,다목적형,12.6,,11.6,14.2,3등급
GV70 2.2디젤 2WD 19인치(24MY),현대자동차㈜,승용차,다목적형,13.2,,12,15,3등급
GV70 2.2디젤 2WD 19인치 (스포츠패키지)(24MY),현대자동차㈜,승용차,다목적형,13.2,,12,15,3등급
GV70 2.2디젤 2WD 18인치 (빌트인캠)(24MY),현대자동차㈜,승용차,다목적형,13.5,,12.2,15.5,3등급
GV70 2.2디젤 2WD 18인치(24MY),현대자동차㈜,승용차,다목적형,13.6,,12.4,15.5,3등급
GV70 2.2디젤 AWD 21인치(24MY),현대자동차㈜,승용차,다목적형,12,,11,13.6,3등급
GV70 2.2디젤 AWD 21인치 (스포츠패키지)(24MY),현대자동차㈜,승용차,다목적형,12,,11,13.6,3등급
GV70 2.2디젤 AWD 19인치 (24MY),현대자동차㈜,승용차,다목적형,12.2,,11.1,14,3등급
GV70 2.2디젤 AWD 19인치 (스포츠패키지)(24MY),현대자동차㈜,승용차,다목적형,12.2,,11.1,14,3등급
Q4 Sportback 40 e-tron,폭스바겐그룹코리아 주식회사,승용차,다목적형,4.8,409,5.1,4.4,3등급
Q4 40 e-tron,폭스바겐그룹코리아 주식회사,승용차,다목적형,4.7,411,5,4.3,3등급
쏘렌토(PE) 2.2디젤 2WD 6인 18인치(빌트인캠),기아 주식회사,승용차,다목적형,13.7,,12.1,16.5,3등급
쏘렌토(PE) 2.2디젤 4WD 5인 18인치(빌트인캠),기아 주식회사,승용차,다목적형,13.1,,11.5,15.6,3등급
쏘렌토(PE) 2.2디젤 4WD 6인 18인치(빌트인캠),기아 주식회사,승용차,다목적형,13.1,,11.5,15.6,3등급
쏘렌토(PE) 2.2디젤 4WD 5인 20인치,기아 주식회사,승용차,다목적형,12.6,,11.4,14.6,3등급
쏘렌토(PE) 2.2디젤 4WD 6인 20인치,기아 주식회사,승용차,다목적형,12.6,,11.4,14.6,3등급
쏘렌토(PE) 2.2디젤 2WD 5인 20인치,기아 주식회사,승용차,다목적형,13.2,,11.7,15.8,3등급
쏘렌토(PE) 2.2디젤 2WD 6인 20인치,기아 주식회사,승용차,다목적형,13.2,,11.7,15.8,3등급
쏘렌토(PE) 2.2디젤 2WD 7인 18인치(빌트인캠),기아 주식회사,승용차,다목적형,13.7,,12.1,16.5,3등급
쏘렌토(PE) 2.2디젤 4WD 7인 18인치(빌트인캠),기아 주식회사,승용차,다목적형,13.1,,11.5,15.6,3등급
쏘렌토(PE) 2.2디젤 4WD 7인 20인치,기아 주식회사,승용차,다목적형,12.6,,11.4,14.6,3등급
쏘렌토(PE) 2.2디젤 2WD 7인 20인치,기아 주식회사,승용차,다목적형,13.2,,11.7,15.8,3등급
토요타 Alphard Hybrid,한국토요타자동차㈜,승용차,기타형,13.5,,14.3,12.7,3등급
쏘렌토(PE) 2.2디젤 4WD 7인 18인치,기아 주식회사,승용차,다목적형,13.3,,11.8,15.8,3등급
쏘렌토(PE) 2.2디젤 4WD 5인 18인치,기아 주식회사,승용차,다목적형,13.3,,11.8,15.8,3등급
쏘렌토(PE) 2.2디젤 4WD 6인 18인치,기아 주식회사,승용차,다목적형,13.3,,11.8,15.8,3등급
Polestar 2 Long Range Dual Motor,폴스타오토모티브코리아 유한회사,승용차,일반형,4.3,379,4.5,4,3등급
A8 50 TDI quattro,폭스바겐그룹코리아 주식회사,승용차,일반형,11.6,,10.1,14.2,3등급
볼보 C40 Recharge Twin,㈜볼보자동차코리아,승용차,다목적형,4.6,407,5,4.2,3등급
G80 Electrified 24MY,현대자동차㈜,승용차,일반형,4.3,427,4.5,4.1,3등급
BMW 520i,BMW코리아㈜,승용차,일반형,12.1,,11.1,13.7,3등급
"Mercedes-Benz S 450 d 4MATIC 	",메르세데스-벤츠코리아(주),승용차,일반형,12.6,,11.1,15.3,3등급
"Mercedes-Benz EQS 450 + 	",메르세데스-벤츠코리아(주),승용차,일반형,4.2,529,4.1,4.2,3등급
볼보 XC40 Recharge Twin,㈜볼보자동차코리아,승용차,다목적형,4.4,389,4.8,4.1,3등급
BMW X6 xDrive40d ,BMW코리아㈜,승용차,다목적형,11.6,,10.4,13.4,3등급
A3 40 TFSI quattro,폭스바겐그룹코리아 주식회사,승용차,일반형,12.5,,11.1,14.8,3등급
싼타페 HEV 1.6T-GDI 4WD 7인 18인치,현대자동차㈜,승용차,다목적형,13.6,,13.7,13.4,3등급
싼타페 HEV 1.6T-GDI 4WD 5인 20인치,현대자동차㈜,승용차,다목적형,13,,13.3,12.6,3등급
싼타페 HEV 1.6T-GDI 4WD 6인 20인치,현대자동차㈜,승용차,다목적형,13,,13.3,12.6,3등급
싼타페 HEV 1.6T-GDI 4WD 6인 18인치,현대자동차㈜,승용차,다목적형,13.6,,13.7,13.4,3등급
볼보 S60B5,㈜볼보자동차코리아,승용차,일반형,11.8,,10.4,14.1,3등급
싼타페 HEV 1.6T-GDI 4WD 7인 20인치,현대자동차㈜,승용차,다목적형,13,,13.3,12.6,3등급
Mercedes-Benz EQE 350 +,메르세데스-벤츠코리아(주),승용차,일반형,4.6,486,4.7,4.4,3등급
K5 PE 1.6T-GDI 17인치(빌트인캠 장착),기아 주식회사,승용차,일반형,13.5,,11.9,16,3등급
K5 PE 1.6T-GDI 17인치(빌트인캠 미장착),기아 주식회사,승용차,일반형,13.7,,12.1,16.1,3등급
K5 PE 1.6T-GDI 19인치(빌트인캠 장착),기아 주식회사,승용차,일반형,12.3,,10.8,14.9,3등급
K5 PE 1.6T-GDI 18인치(빌트인캠 장착),기아 주식회사,승용차,일반형,13,,11.5,15.4,3등급
K5 PE 2.0CVVL 18인치(빌트인캠 장착),기아 주식회사,승용차,일반형,12.2,,10.9,14.1,3등급
K5 PE 2.0CVVL 17인치(빌트인캠 장착),기아 주식회사,승용차,일반형,12.3,,10.9,14.5,3등급
K5 PE 2.0CVVL 17인치(빌트인캠 미장착),기아 주식회사,승용차,일반형,12.6,,11.2,14.7,3등급
Mercedes-Benz E 300 4MATIC,메르세데스-벤츠코리아(주),승용차,일반형,11.6,,9.9,14.6,3등급
토레스 EVX 2WD 20인치타이어,케이지모빌리티 주식회사,승용차,기타형,4.8,405,5.2,4.4,3등급
볼보 S90B5,㈜볼보자동차코리아,승용차,일반형,11.7,,10.1,14.6,3등급
Mercedes-Benz CLA 250 4MATIC,메르세데스-벤츠코리아(주),승용차,일반형,11.9,,10.4,14.4,3등급
"Mercedes-Benz A 220 Sedan	",메르세데스-벤츠코리아(주),승용차,일반형,11.6,,10.4,13.6,3등급
"Mercedes-Benz A 220	",메르세데스-벤츠코리아(주),승용차,일반형,12.2,,10.9,14.4,3등급
"카니발(KA4 PE) HEV 1.6T-GDI 9인 18""(C)",기아 주식회사,승용차,기타형,13.7,,14,13.4,3등급
"카니발(KA4 PE) HEV 1.6T-GDI 7/9인 19""",기아 주식회사,승용차,기타형,13.5,,14,12.9,3등급
"카니발(KA4 PE) 2.2디젤 하이리무진 7인 19""",기아 주식회사,승용차,기타형,11.7,,10.4,13.6,3등급
" 카니발(KA4 PE) 2.2디젤 하이리무진 9인 18/19""",기아 주식회사,승용차,기타형,11.7,,10.4,13.7,3등급
"카니발(KA4 PE) 2.2디젤 9인 18/19"" (nC)",기아 주식회사,승용차,기타형,13.1,,11.6,15.3,3등급
"카니발(KA4 PE) 2.2디젤 9인 18/19"" (C)",기아 주식회사,승용차,기타형,13,,11.5,15.2,3등급
"카니발(KA4 PE) 2.2디젤 7인 19"" (nC)",기아 주식회사,승용차,기타형,13.1,,11.6,15.3,3등급
"카니발(KA4 PE) 2.2디젤 7인 19"" (C)",기아 주식회사,승용차,기타형,13,,11.5,15.2,3등급
Model Y Long Range,테슬라코리아 유한회사,승용차,다목적형,4.9,432,5.1,4.6,3등급
"투싼 개조 2.0 디젤 8AT AWD 17""",현대자동차㈜,승용차,다목적형,12.6,,11.4,14.4,3등급
"투싼 개조 2.0 디젤 8AT AWD 18""",현대자동차㈜,승용차,다목적형,12.9,,11.7,14.6,3등급
"투싼 개조 2.0 디젤 8AT AWD 19""",현대자동차㈜,승용차,다목적형,12.4,,11.2,14.1,3등급
"투싼 개조 1.6T-GDI 7DCT AWD 17""",현대자동차㈜,승용차,다목적형,11.6,,10.7,12.8,3등급
"투싼 개조 1.6T-GDI 7DCT 2WD 17""",현대자동차㈜,승용차,다목적형,12.5,,11.5,13.9,3등급
"투싼 개조 1.6T-GDI 7DCT 2WD 18"" (nC)",현대자동차㈜,승용차,다목적형,12.5,,11.5,13.8,3등급
"투싼 개조 1.6T-GDI 7DCT 2WD 18"" (C)",현대자동차㈜,승용차,다목적형,12.3,,11.3,13.7,3등급
"투싼 개조 1.6T-GDI 7DCT 2WD 19""",현대자동차㈜,승용차,다목적형,12,,10.9,13.6,3등급
"BMW i5 eDrive40 (19"", 20"")",BMW코리아㈜,승용차,일반형,4.6,441,4.6,4.6,3등급
Mercedes-Benz E 200 ,메르세데스-벤츠코리아(주),승용차,일반형,12.4,,10.6,15.7,3등급
코나 일렉트릭(N-Line) 19인치,현대자동차㈜,승용차,다목적형,4.7,364,5.1,4.3,3등급
Q4 Sportback 45 e-tron,폭스바겐그룹코리아 주식회사,승용차,다목적형,4.7,406,5,4.3,3등급
Q4 45 e-tron,폭스바겐그룹코리아 주식회사,승용차,다목적형,4.7,406,5,4.3,3등급
ID.4 Pro,폭스바겐그룹코리아 주식회사,승용차,다목적형,4.9,424,5.2,4.5,3등급
" 카니발(KA4 PE) HEV 1.6T-GDI 하이리무진 9인 18/19""",기아 주식회사,승용차,기타형,13,,13.8,12.1,3등급
"카니발(KA4 PE) HEV 1.6T-GDI 하이리무진 4인 19""",기아 주식회사,승용차,기타형,12.4,,12.9,11.9,3등급
"스타리아(US4) 하이브리드 1.6T-GDI 11인 18""",현대자동차㈜,승합차,일반형,12.6,,13.1,12,3등급
"스타리아(US4) 밴 하이브리드 1.6T-GDI 5인 17""",현대자동차㈜,화물차,밴형,13,,13.9,12,3등급
"스타리아(US4)라운지 하이브리드1.6T-GDI 9인 18""(nC)",현대자동차㈜,승용차,기타형,12.6,,13.5,11.6,3등급
"스타리아(US4) 하이브리드 1.6T-GDI 11인 17""",현대자동차㈜,승합차,일반형,12.6,,13.1,12,3등급
"스타리아(US4) 밴 하이브리드 1.6T-GDI 3인 17""",현대자동차㈜,화물차,밴형,13,,13.9,12,3등급
"스타리아(US4) 하이브리드 1.6T-GDI 9인 17"" (nC)",현대자동차㈜,승용차,기타형,12.6,,13.5,11.6,3등급
"스타리아(US4) 하이브리드 1.6T-GDI 9인 18"" (nC)",현대자동차㈜,승용차,기타형,12.6,,13.5,11.6,3등급
"스타리아(US4)라운지 하이브리드1.6T-GDI 7인 18""(nC)",현대자동차㈜,승용차,기타형,12.6,,13.5,11.6,3등급
아이오닉5 개조 항속형 RWD 20인치,현대자동차㈜,승용차,다목적형,4.9,453,5.3,4.4,3등급
"스타리아(US4)라운지 하이브리드1.6T-GDI 9인 18""(C)",현대자동차㈜,승용차,기타형,12.4,,13.1,11.6,3등급
카니발(KA4 PE) HEV 1.6T-GDI 하이리무진 7인 19“,기아 주식회사,승용차,기타형,13,,13.8,12.1,3등급
"스타리아(US4) 하이브리드 1.6T-GDI 9인 17"" (C)",현대자동차㈜,승용차,기타형,12.4,,13.1,11.6,3등급
"스타리아(US4) 하이브리드 1.6T-GDI 9인 18"" (C)",현대자동차㈜,승용차,기타형,12.4,,13.1,11.6,3등급
"스타리아(US4)라운지 하이브리드1.6T-GDI 7인 18""(C)",현대자동차㈜,승용차,기타형,12.4,,13.1,11.6,3등급
아이오닉5 개조 항속형 AWD 19인치,현대자동차㈜,승용차,다목적형,4.8,451,5.2,4.3,3등급
아이오닉5 개조 항속형 AWD 20인치,현대자동차㈜,승용차,다목적형,4.5,425,4.9,4,3등급
BMW iX2 eDrive20,BMW코리아㈜,승용차,일반형,4.8,350,4.9,4.7,3등급
아이오닉5 N-line RWD,현대자동차㈜,승용차,다목적형,4.7,441,5.2,4.1,3등급
아이오닉5 N-line AWD,현대자동차㈜,승용차,다목적형,4.4,411,4.8,3.9,3등급
BMW iX2 xDrive30,BMW코리아㈜,승용차,다목적형,4.5,331,4.6,4.5,3등급
BMW 320d xDrive,BMW코리아㈜,승용차,일반형,13.7,,12,16.7,3등급
"Mercedes-Benz CLE 200 Coupe	",메르세데스-벤츠코리아(주),승용차,일반형,12.1,,10.4,15.2,3등급
토레스 EVX VAN 20인치타이어,케이지모빌리티 주식회사,화물차,밴형,4.8,400,5.2,4.4,3등급
토레스 EVX VAN 18인치타이어,케이지모빌리티 주식회사,화물차,밴형,4.9,411,5.3,4.5,3등급
BMW i5 xDrive40,BMW코리아㈜,승용차,일반형,4.4,412,4.3,4.4,3등급
Mercedes-Benz CLE 200 Cabriolet,메르세데스-벤츠코리아(주),승용차,일반형,12.1,,10.4,15.1,3등급
Mercedes-Benz A 220 Sedan,메르세데스-벤츠코리아(주),승용차,일반형,12.5,,11.1,14.9,3등급
MINI Cooper S,BMW코리아㈜,승용차,일반형,12.7,,11.3,15.1,3등급
Mercedes Benz C 200,메르세데스-벤츠코리아(주),승용차,일반형,11.9,,10.5,14.2,3등급
Mercedes-Benz A 220,메르세데스-벤츠코리아(주),승용차,일반형,12.2,,10.7,14.5,3등급
EV6 항속형 4WD 개조차 20인치,기아 주식회사,승용차,다목적형,4.6,432,4.9,4.2,3등급
EV6 항속형 4WD 개조차 19인치,기아 주식회사,승용차,다목적형,4.9,461,5.3,4.4,3등급
EV6 항속형 2WD 개조차 20인치,기아 주식회사,승용차,다목적형,4.9,456,5.5,4.3,3등급
"ARKANA 1.6 (16"" tire)",르노코리아 주식회사,승용차,기타형,13.4,,12.1,15.4,3등급
"ARKANA 1.6 (17"" tire) LRRC",르노코리아 주식회사,승용차,기타형,13.6,,12.3,15.6,3등급
Model 3 Performance,테슬라코리아 유한회사,승용차,다목적형,4.8,430,5,4.6,3등급
타이칸 (5인승),포르쉐코리아 주식회사,승용차,일반형,4.5,458,4.7,4.4,3등급
"ARKANA 1.3 (18"" tire)",르노코리아 주식회사,승용차,기타형,13.2,,11.8,15.3,3등급
코란도 EV 2WD,케이지모빌리티 주식회사,승용차,기타형,4.8,401,5.2,4.3,3등급
BMW X3 xDrive20d,BMW코리아㈜,승용차,다목적형,12.4,,11.4,14,3등급
타이칸,포르쉐코리아 주식회사,승용차,일반형,4.5,458,4.7,4.4,3등급
"타이칸 (High, 5인승)",포르쉐코리아 주식회사,승용차,일반형,4.3,500,4.3,4.2,3등급
Mercedes-Benz CLA 250 4MATIC,메르세데스-벤츠코리아(주),승용차,일반형,12,,10.5,14.4,3등급
타이칸 (High),포르쉐코리아 주식회사,승용차,일반형,4.3,500,4.3,4.2,3등급
BMW 420i Convertible,BMW코리아㈜,승용차,일반형,12.3,,11.1,14.2,3등급
MINI Countryman SE ALL4,BMW코리아㈜,승용차,일반형,4.4,326,4.6,4.3,3등급
MINI Countryman E,BMW코리아㈜,승용차,일반형,4.8,349,4.9,4.6,3등급
BMW X4 xDrive20d,BMW코리아㈜,승용차,다목적형,12.5,,11.3,14.4,3등급
BMW 420i Coupe,BMW코리아㈜,승용차,일반형,12.2,,11,14.1,3등급
스타리아(US4)라운지 하이브리드 1.6T-GDI 모빌리티 7인 18인치(nC),현대자동차㈜,승용차,기타형,12.6,,13.5,11.6,3등급
스타리아(US4)라운지 하이브리드 1.6T-GDI 모빌리티 9인 18인치(nC),현대자동차㈜,승용차,기타형,12.6,,13.5,11.6,3등급
스타리아(US4)라운지 하이브리드 1.6T-GDI 모빌리티 7인 18인치(C),현대자동차㈜,승용차,기타형,12.4,,13.1,11.6,3등급
스타리아(US4)라운지 하이브리드 1.6T-GDI 모빌리티 9인 18인치(C),현대자동차㈜,승용차,기타형,12.4,,13.1,11.6,3등급
G80(RG3) Electrified 개조,현대자동차㈜,승용차,일반형,4.4,475,4.6,4.3,3등급
K8(GL3 PE) 2.5 GDI 18인치,기아 주식회사,승용차,일반형,11.6,,9.9,14.5,3등급
K8(GL3 PE) 2.5 GDI 17인치(nC),기아 주식회사,승용차,일반형,12,,10.2,15,3등급
A3 40 TFSI,폭스바겐그룹코리아 주식회사,승용차,일반형,12.4,,10.7,15.4,3등급
MINI Cooper S five-door,BMW코리아㈜,승용차,일반형,12.4,,10.9,14.8,3등급
Mercedes-Benz GLB 200 d,메르세데스-벤츠코리아(주),승용차,다목적형,13.7,,12.5,15.4,3등급
BMW 420i Gran Coupe,BMW코리아㈜,승용차,일반형,11.8,,10.7,13.5,3등급
BMW 320i,BMW코리아㈜,승용차,일반형,12.2,,10.9,14.2,3등급
BMW M340i,BMW코리아㈜,승용차,일반형,12,,10.8,13.9,3등급
Mercedes-Benz E 200,메르세데스-벤츠코리아(주),승용차,일반형,12.3,,10.6,15.3,3등급
CHEVROLET EQUINOX EV,한국지엠주식회사,승용차,일반형,4.8,483,5.1,4.3,3등급
BMW 320i Touring,BMW코리아㈜,승용차,일반형,11.9,,10.7,14,3등급
BMW i4 eDrive40,BMW코리아㈜,승용차,일반형,4.5,420,4.5,4.4,3등급
볼보 S60B5,㈜볼보자동차코리아,승용차,일반형,11.9,,10.5,14.3,3등급
Mercedes-Benz S 450 d 4MATIC,메르세데스-벤츠코리아(주),승용차,일반형,12.8,,11.2,15.7,3등급
ID.4 Pro,폭스바겐그룹코리아 주식회사,승용차,다목적형,4.9,424,5.2,4.5,3등급
MINI Cooper C,BMW코리아㈜,승용차,일반형,12.5,,10.9,15.3,3등급
BMW 320i,BMW코리아㈜,승용차,일반형,12.2,,10.9,14.2,3등급
EV9 2WD 19인치 6인 (25MY),기아 주식회사,승용차,다목적형,4.2,501,4.7,3.6,3등급
EV9 2WD 19인치 7인 (25MY),기아 주식회사,승용차,다목적형,4.2,501,4.7,3.6,3등급
BYD SEAL Dynamic AWD,비와이디코리아 유한회사,승용차,일반형,4.2,404,4.4,4,3등급
쏘렌토(MQ4 PE) 2.2디젤 4WD 7인 20인치 25MY,기아 주식회사,승용차,다목적형,12.6,,11.4,14.6,3등급
쏘렌토(MQ4 PE) 2.2디젤 4WD 6인 20인치 25MY,기아 주식회사,승용차,다목적형,12.6,,11.4,14.6,3등급
쏘렌토(MQ4 PE) 2.2디젤 4WD 5인 20인치 25MY,기아 주식회사,승용차,다목적형,12.6,,11.4,14.6,3등급
쏘렌토(MQ4 PE) 2.2디젤 4WD 7인 18인치 빌트인캠 유 25MY,기아 주식회사,승용차,다목적형,13.1,,11.5,15.6,3등급
쏘렌토(MQ4 PE) 2.2디젤 4WD 6인 18인치 빌트인캠 유 25MY,기아 주식회사,승용차,다목적형,13.1,,11.5,15.6,3등급
쏘렌토(MQ4 PE) 2.2디젤 4WD 5인 18인치 빌트인캠 유 25MY,기아 주식회사,승용차,다목적형,13.1,,11.5,15.6,3등급
쏘렌토(MQ4 PE) 2.2디젤 4WD 7인 18인치 빌트인캠 무 25MY,기아 주식회사,승용차,다목적형,13.3,,11.8,15.8,3등급
쏘렌토(MQ4 PE) 2.2디젤 4WD 6인 18인치 빌트인캠 무 25MY,기아 주식회사,승용차,다목적형,13.3,,11.8,15.8,3등급
쏘렌토(MQ4 PE) 2.2디젤 4WD 5인 18인치 빌트인캠 무 25MY,기아 주식회사,승용차,다목적형,13.3,,11.8,15.8,3등급
쏘렌토(MQ4 PE) 2.2디젤 2WD 7인 20인치 25MY,기아 주식회사,승용차,다목적형,13.2,,11.7,15.8,3등급
쏘렌토(MQ4 PE) 2.2디젤 2WD 6인 20인치 25MY,기아 주식회사,승용차,다목적형,13.2,,11.7,15.8,3등급
쏘렌토(MQ4 PE) 2.2디젤 2WD 5인 20인치 25MY,기아 주식회사,승용차,다목적형,13.2,,11.7,15.8,3등급
쏘렌토(MQ4 PE) 2.2디젤 2WD 7인 18인치 빌트인캠 유 25MY,기아 주식회사,승용차,다목적형,13.7,,12.1,16.5,3등급
쏘렌토(MQ4 PE) 2.2디젤 2WD 6인 18인치 빌트인캠 유 25MY,기아 주식회사,승용차,다목적형,13.7,,12.1,16.5,3등급
GV70(JK1) Electrified FL 19인치,현대자동차㈜,승용차,다목적형,4.5,423,4.8,4.2,3등급
GV70(JK1) Electrified FL 20인치,현대자동차㈜,승용차,다목적형,4.2,400,4.5,3.9,3등급
캐스퍼(AX1) EV CROSS 바스켓 루프랙 17인치,현대자동차㈜,승용차,일반형,4.4,248,5,3.9,3등급
Mercedes-Benz C 200,메르세데스-벤츠코리아(주),승용차,일반형,12,,10.5,14.5,3등급
Polestar 4 Long Range Single Motor,폴스타오토모티브코리아 유한회사,승용차,다목적형,4.6,511,4.8,4.4,3등급
Mercedes-Benz CLE 200 Coupe,메르세데스-벤츠코리아(주),승용차,일반형,11.7,,10.3,14,3등급
Mercedes-Benz S 350 d 4MATIC,메르세데스-벤츠코리아(주),승용차,일반형,13,,11.3,15.9,3등급
스포티지(NQ5) PE 1.6T-GDI 2WD 8AT 18인치 빌트인캠 유,기아 주식회사,승용차,다목적형,11.7,,10.6,13.3,3등급
"스포티지(NQ5) PE 1.6T-GDI 2WD 8AT 18인치 빌트인캠 무	",기아 주식회사,승용차,다목적형,12,,10.8,13.7,3등급
스포티지(NQ5) PE 1.6T-GDI 2WD 8AT 17인치 빌트인캠 유,기아 주식회사,승용차,다목적형,12,,10.9,13.6,3등급
스포티지(NQ5) PE 1.6T-GDI 2WD 8AT 17인치 빌트인캠 무,기아 주식회사,승용차,다목적형,12.3,,11.2,14,3등급
Mercedes-Benz GLE 300 d 4MATIC,메르세데스-벤츠코리아(주),승용차,다목적형,11.6,,11,12.5,3등급
EV9 (MV1) 기본형 2WD 6인 19인치,기아 주식회사,승용차,다목적형,4.2,374,4.8,3.7,3등급
K5(DL3) PE 2.0CVVL 6AT 16인치 빌트인캠 유 (25MY),기아 주식회사,승용차,일반형,12.3,,10.9,14.5,3등급
K5(DL3) PE 2.0CVVL 6AT 16인치 빌트인캠 무 (25MY),기아 주식회사,승용차,일반형,12.6,,11.2,14.7,3등급
K5(DL3) PE 1.6T-GDI 8AT 18인치 (25MY),기아 주식회사,승용차,일반형,13,,11.5,15.4,3등급
마칸 4,포르쉐코리아 주식회사,승용차,다목적형,4.2,454,4.6,3.7,3등급
마칸,포르쉐코리아 주식회사,승용차,다목적형,4.3,474,4.8,3.9,3등급
EV9 (MV1) 기본형 2WD 7인 19인치,기아 주식회사,승용차,다목적형,4.2,374,4.8,3.7,3등급
아이오닉9(ME1) 항속형 RWD 19인치,현대자동차㈜,승용차,다목적형,4.3,532,4.7,3.9,3등급
아이오닉9(ME1) 항속형 RWD 21인치,현대자동차㈜,승용차,다목적형,4.2,511,4.6,3.8,3등급
Mercedes-Benz GLE 300 d 4MATIC,메르세데스-벤츠코리아(주),승용차,다목적형,11.6,,11,12.5,3등급
BYD ATTO3,비와이디코리아 유한회사,승용차,다목적형,4.7,321,5.2,4.3,3등급
토레스 EVX 20인치,케이지모빌리티 주식회사,승용차,기타형,4.7,436,5,4.3,3등급
토레스 EVX 18인치,케이지모빌리티 주식회사,승용차,기타형,4.8,452,5.2,4.5,3등급
A6 e-tron performance,폭스바겐그룹코리아 주식회사,승용차,일반형,4.5,469,4.7,4.2,3등급
S6 e-tron,폭스바겐그룹코리아 주식회사,승용차,일반형,4.2,440,4.3,4,3등급
타이칸 4 (5인승),포르쉐코리아 주식회사,승용차,일반형,4.2,422,4.3,4.2,3등급
BMW 228 xDrive Gran Coupe,BMW코리아㈜,승용차,일반형,11.7,,10.1,14.3,3등급
MINI Cooper C Convertible,BMW코리아㈜,승용차,일반형,12.3,,10.8,14.8,3등급
MINI Cooper S Convertible,BMW코리아㈜,승용차,일반형,11.9,,10.5,14.2,3등급
Q5 40 TDI quattro,폭스바겐그룹코리아 주식회사,승용차,다목적형,12.7,,12.3,13.1,3등급
Mercedes-Benz EQE 350 +,메르세데스-벤츠코리아(주),승용차,일반형,4.6,513,4.8,4.4,3등급
Mercedes-Benz EQE 350 4MATIC,메르세데스-벤츠코리아(주),승용차,일반형,4.2,449,4.3,4.1,3등급
Q6 e-tron performance,폭스바겐그룹코리아 주식회사,승용차,다목적형,4.3,468,4.7,3.9,3등급
스타리아(US4) 라운지 리무진 1.6T-GDI 하이브리드 6AT 9인 18인치,현대자동차㈜,승용차,기타형,12.1,,13.2,11,3등급
Q6 Sportback e-tron,폭스바겐그룹코리아 주식회사,승용차,다목적형,4.4,379,4.8,4.1,3등급
볼보 EX30 Single Motor ER,㈜볼보자동차코리아,승용차,다목적형,4.8,351,5.2,4.4,3등급
MINI Cooper C Five-door,BMW코리아㈜,승용차,일반형,12.3,,10.7,15.2,3등급
MINI John Cooper Works,BMW코리아㈜,승용차,일반형,12,,10.6,14.3,3등급
스타리아(US4) 라운지 리무진 1.6T-GDI 하이브리드 6AT 7인 18인치,현대자동차㈜,승용차,기타형,12.1,,13.2,11,3등급
Q6 Sportback e-tron performance,폭스바겐그룹코리아 주식회사,승용차,다목적형,4.2,444,4.6,3.8,3등급
Q6 e-tron performance range,폭스바겐그룹코리아 주식회사,승용차,다목적형,4.8,507,5.2,4.4,3등급
GV60(JW FL) 4WD 20인치,현대자동차㈜,승용차,다목적형,4.4,415,4.7,4.1,3등급
GV60(JW FL) 4WD 19인치,현대자동차㈜,승용차,다목적형,4.6,437,5,4.2,3등급
BMW iX1 eDrive20,BMW코리아㈜,승용차,일반형,4.6,340,4.8,4.5,3등급
MUSSO EV 2WD 17인치,케이지모빌리티 주식회사,화물차,일반형,4.2,400,4.6,3.8,3등급
팰리세이드(LX3) 2.5T-GDI HEV AWD 6AT 9인 18인치,현대자동차㈜,승용차,다목적형,12.5,,12.5,12.5,3등급
팰리세이드(LX3) 2.5T-GDI HEV 2WD 6AT 9인 21인치,현대자동차㈜,승용차,다목적형,12.5,,12.5,12.5,3등급
티볼리 1.6 디젤 2WD 6AT SCR 18인치 타이어,케이지모빌리티 주식회사,승용차,기타형,14.9,,13.8,16.4,2등급
티볼리 1.6 디젤 AWD 6AT SCR,케이지모빌리티 주식회사,승용차,기타형,13.9,,12.6,15.8,2등급
코란도 1.6 디젤 6MT 2WD SCR,케이지모빌리티 주식회사,승용차,다목적형,15.6,,14.7,16.8,2등급
코란도 1.6 디젤 6AT 2WD SCR 17인치 타이어,케이지모빌리티 주식회사,승용차,다목적형,14.6,,13.6,15.9,2등급
코란도 1.6 디젤 6AT 2WD SCR 19인치 타이어,케이지모빌리티 주식회사,승용차,다목적형,14.5,,13.5,15.8,2등급
코란도 1.6 디젤 6AT AWD SCR,케이지모빌리티 주식회사,승용차,다목적형,14.1,,12.9,15.8,2등급
티볼리 1.6 디젤 2WD 6AT SCR 16인치 타이어,케이지모빌리티 주식회사,승용차,기타형,15.2,,14.1,16.6,2등급
CR-V HYBRID 4WD,혼다코리아(주),승용차,다목적형,14.5,,15.3,13.6,2등급
G80 2.2디젤 2WD 18인치타이어,현대자동차㈜,승용차,일반형,14.6,,12.6,18.1,2등급
G80 2.2디젤 2WD 19인치타이어,현대자동차㈜,승용차,일반형,14.4,,12.5,17.5,2등급
G80 2.2디젤 2WD 18인치 (빌트인캠),현대자동차㈜,승용차,일반형,14.4,,12.5,17.7,2등급
"쏘렌토 1.6T-GDI 하이브리드 2WD 7인 17""(빌트인캠)",기아 주식회사,승용차,다목적형,15,,15.9,14,2등급
쏘렌토 1.6T-GDI 하이브리드 2WD 7인 17인치타이어,기아 주식회사,승용차,다목적형,15.3,,16.3,14.2,2등급
쏘렌토 2.2디젤 4WD 5인 18인치타이어,기아 주식회사,승용차,다목적형,13.9,,12.5,16,2등급
쏘렌토 2.2디젤 2WD 7인 18인치타이어,기아 주식회사,승용차,다목적형,14.3,,12.9,16.4,2등급
쏘렌토 2.2디젤 2WD 7인 18인치타이어 (빌트인캠),기아 주식회사,승용차,다목적형,14.2,,12.8,16.3,2등급
쏘렌토 1.6T-GDI 하이브리드 2WD 7인 19인치타이어,기아 주식회사,승용차,다목적형,14.3,,15.1,13.4,2등급
쏘렌토 2.2디젤 2WD 5인 18인치타이어,기아 주식회사,승용차,다목적형,14.3,,12.9,16.4,2등급
쏘렌토 2.2디젤 2WD 6인 18인치타이어,기아 주식회사,승용차,다목적형,14.3,,12.9,16.4,2등급
쏘렌토 2.2디젤 2WD 5인 18인치타이어 (빌트인캠),기아 주식회사,승용차,다목적형,14.2,,12.8,16.3,2등급
쏘렌토 2.2디젤 2WD 6인 18인치타이어 (빌트인캠),기아 주식회사,승용차,다목적형,14.2,,12.8,16.3,2등급
"쏘렌토 1.6T-GDI 하이브리드 2WD 5인 17""(빌트인캠)",기아 주식회사,승용차,다목적형,15,,15.9,14,2등급
"쏘렌토 1.6T-GDI 하이브리드 2WD 6인 17""(빌트인캠)",기아 주식회사,승용차,다목적형,15,,15.9,14,2등급
쏘렌토 1.6T-GDI 하이브리드 2WD 5인 17인치타이어,기아 주식회사,승용차,다목적형,15.3,,16.3,14.2,2등급
쏘렌토 1.6T-GDI 하이브리드 2WD 6인 17인치타이어,기아 주식회사,승용차,다목적형,15.3,,16.3,14.2,2등급
쏘렌토 1.6T-GDI 하이브리드 2WD 5인 19인치타이어,기아 주식회사,승용차,다목적형,14.3,,15.1,13.4,2등급
쏘렌토 1.6T-GDI 하이브리드 2WD 6인 19인치타이어,기아 주식회사,승용차,다목적형,14.3,,15.1,13.4,2등급
아반떼 1.6 가솔린 15인치 타이어(MT),현대자동차㈜,승용차,일반형,14.4,,12.8,16.9,2등급
아반떼 1.6 가솔린 17인치 타이어,현대자동차㈜,승용차,일반형,14.5,,13.1,16.6,2등급
아반떼 1.6 가솔린 16인치 타이어,현대자동차㈜,승용차,일반형,14.9,,13.3,17.3,2등급
아반떼 1.6 가솔린 15인치 타이어,현대자동차㈜,승용차,일반형,15.4,,13.8,17.7,2등급
K3 1.6 가솔린 21MY CVT (15인치 타이어),기아 주식회사,승용차,일반형,15.2,,13.6,17.7,2등급
K3 1.6 가솔린 21MY CVT (17인치 타이어),기아 주식회사,승용차,일반형,14.1,,12.6,16.3,2등급
LEAF,한국닛산(주),승용차,일반형,5.2,240,5.7,4.8,2등급
벤츠 E 220 d,메르세데스-벤츠코리아(주),승용차,일반형,13.9,,13.1,15.1,2등급
쏘나타(DN8) 1.6 T-GDI_17인치타이어_21MY,현대자동차㈜,승용차,일반형,13.8,,12.3,16.2,2등급
싼타페 2.2디젤 2WD 5인 18인치타이어,현대자동차㈜,승용차,다목적형,14.2,,13,15.9,2등급
싼타페 2.2디젤 2WD 7인 18인치타이어,현대자동차㈜,승용차,다목적형,14.2,,13,15.9,2등급
싼타페 2.2디젤 2WD 5인 18인치타이어(빌트인캠),현대자동차㈜,승용차,다목적형,13.9,,12.7,15.8,2등급
싼타페 2.2디젤 2WD 7인 18인치타이어(빌트인캠),현대자동차㈜,승용차,다목적형,13.9,,12.7,15.8,2등급
투싼 1.6T-GDI 하이브리드 6AT (빌트인캠),현대자동차㈜,승용차,다목적형,15.8,,16.3,15.2,2등급
투싼 2.0디젤 2WD 8AT 19인치 (빌트인캠),현대자동차㈜,승용차,다목적형,13.9,,12.7,15.6,2등급
투싼 2.0디젤 2WD 8AT 18인치 (빌트인캠),현대자동차㈜,승용차,다목적형,14.2,,12.9,16,2등급
투싼 2.0디젤 2WD 8AT 18인치,현대자동차㈜,승용차,다목적형,14.3,,12.9,16.3,2등급
투싼 2.0디젤 2WD 8AT 17인치,현대자동차㈜,승용차,다목적형,14.8,,13.5,16.7,2등급
MINI Cooper D Countryman ,BMW코리아㈜,승용차,일반형,15.2,,13.9,17,2등급
MINI Cooper SD Countryman ALL4,BMW코리아㈜,승용차,일반형,14.3,,12.8,16.5,2등급
BMW 218d Gran Coupe,BMW코리아㈜,승용차,일반형,14.3,,13.1,16.1,2등급
BMW 420d Coupe,BMW코리아㈜,승용차,일반형,14.3,,12.9,16.4,2등급
MINI Cooper D Countryman ALL4,BMW코리아㈜,승용차,일반형,14.5,,13.2,16.5,2등급
BMW 320d,BMW코리아㈜,승용차,일반형,14.9,,13.4,17.3,2등급
Q3 Sportback 35 TDI quattro,폭스바겐그룹코리아 주식회사,승용차,다목적형,14,,12.6,16.4,2등급
ACCORD 1.5T,혼다코리아(주),승용차,일반형,13.9,,12.8,15.7,2등급
BMW 320d xDrive,BMW코리아㈜,승용차,일반형,14.1,,12.6,16.5,2등급
투싼 2.0디젤 2WD 8AT 19인치,현대자동차㈜,승용차,다목적형,13.9,,12.7,15.6,2등급
코나(PE) 1.6T-GDI 2WD 16인치/17인치타이어,현대자동차㈜,승용차,다목적형,13.9,,12.7,15.7,2등급
G70(IK PE) 2.2디젤 2WD_18/19인치타이어,현대자동차㈜,승용차,일반형,14.2,,12.8,16.2,2등급
G70(IK PE) 2.2디젤 2WD_17인치(빌트인캠),현대자동차㈜,승용차,일반형,14.7,,13,17.3,2등급
G70(IK PE) 2.2디젤 2WD_17인치타이어,현대자동차㈜,승용차,일반형,14.9,,13.3,17.4,2등급
Q3 35 TDI quattro,폭스바겐그룹코리아 주식회사,승용차,다목적형,14.2,,13.1,15.8,2등급
A6 40 TDI,폭스바겐그룹코리아 주식회사,승용차,일반형,15,,13.7,17,2등급
A6 40 TDI quattro,폭스바겐그룹코리아 주식회사,승용차,일반형,14.2,,12.9,16.4,2등급
A4 40 TDI quattro,폭스바겐그룹코리아 주식회사,승용차,일반형,15.6,,14.4,17.4,2등급
A5 Sportback 40 TDI quattro,폭스바겐그룹코리아 주식회사,승용차,일반형,15,,13.6,17.1,2등급
스포티지 1.6디젤 4WD (PE/18“ 타이어)(21),기아 주식회사,승용차,다목적형,13.9,,13.1,14.9,2등급
스포티지 1.6디젤 4WD (PE/17“ 타이어)(21),기아 주식회사,승용차,다목적형,14,,13.6,14.4,2등급
스포티지 1.6디젤 2WD (PE/19“ 타이어)(21),기아 주식회사,승용차,다목적형,14.9,,14.2,15.7,2등급
스포티지 1.6디젤 2WD (PE/18“ 타이어)(21),기아 주식회사,승용차,다목적형,15.2,,14.4,16.1,2등급
스포티지 1.6디젤 2WD (PE/17“ 타이어)(21),기아 주식회사,승용차,다목적형,15.8,,15.3,16.4,2등급
"셀토스 1.6디젤 4WD 18"" 타이어 (21)",기아 주식회사,승용차,다목적형,14.3,,13.6,15.1,2등급
"셀토스 1.6디젤 4WD 17"" 타이어 (21)",기아 주식회사,승용차,다목적형,14.8,,14,15.9,2등급
"셀토스 1.6디젤 4WD 16"" 타이어 (21)",기아 주식회사,승용차,다목적형,15.3,,14.5,16.3,2등급
코란도 1.6 디젤 6AT 2WD SCR Step2 17인치 타이어,케이지모빌리티 주식회사,승용차,기타형,14.3,,13.2,15.9,2등급
코란도 1.6 디젤 6AT 2WD SCR Step2 19인치 타이어,케이지모빌리티 주식회사,승용차,기타형,14.2,,13,15.9,2등급
코란도 1.6 디젤 6AT AWD SCR Step2,케이지모빌리티 주식회사,승용차,기타형,14.1,,12.8,16,2등급
렉서스 UX250h AWD,한국토요타자동차㈜,승용차,다목적형,15,,15.6,14.4,2등급
Tiguan 2.0TDI,폭스바겐그룹코리아 주식회사,승용차,다목적형,15.6,,14.2,17.6,2등급
Mercedes-Benz GLB 200 d,메르세데스-벤츠코리아(주),승용차,다목적형,14.2,,13,16,2등급
토요타 Sienna Hybrid 2WD,한국토요타자동차㈜,승용차,기타형,14.5,,15,14,2등급
아이오닉5 항속형 RWD 19인치,현대자동차㈜,승용차,다목적형,5.1,429,5.9,4.5,2등급
아이오닉5 항속형 RWD 19인치 빌트인캠,현대자동차㈜,승용차,다목적형,5.1,421,5.8,4.4,2등급
Arteon 2.0TDI,폭스바겐그룹코리아 주식회사,승용차,일반형,15.5,,13.7,18.5,2등급
"XM3 1.3 (17"" tire) LRRC",르노코리아 주식회사,승용차,기타형,13.8,,12.2,16.3,2등급
Peugeot 5008 1.5 BlueHDi,스텔란티스코리아 주식회사,승용차,다목적형,14.9,,14.6,15.3,2등급
Peugeot 508SW 1.5 BlueHDi_(19inch tire),스텔란티스코리아 주식회사,승용차,일반형,15.6,,14.3,17.7,2등급
K3 1.6 가솔린 CVT PE (16인치 타이어),기아 주식회사,승용차,일반형,14.4,,12.8,16.8,2등급
쏘나타(DN8) 1.6 T-GDI 17인치타이어_22MY,현대자동차㈜,승용차,일반형,13.8,,12.3,16.2,2등급
아이오닉5 기본형 RWD 19인치,현대자동차㈜,승용차,다목적형,5.1,336,5.8,4.5,2등급
"싼타페 1.6T-GDI 하이브리드 2WD 7인 19""타이어",현대자동차㈜,승용차,다목적형,14.3,,15.2,13.3,2등급
"싼타페 1.6T-GDI 하이브리드 2WD 7인 17""(빌트인캠)",현대자동차㈜,승용차,다목적형,15,,16.1,13.8,2등급
"싼타페 1.6T-GDI 하이브리드 2WD 7인 17""타이어",현대자동차㈜,승용차,다목적형,15.3,,16.4,14,2등급
"싼타페 1.6T-GDI 하이브리드 2WD 5인 19""타이어",현대자동차㈜,승용차,다목적형,14.3,,15.2,13.3,2등급
"싼타페 1.6T-GDI 하이브리드 2WD 5인 17""(빌트인캠)",현대자동차㈜,승용차,다목적형,15,,16.1,13.8,2등급
"싼타페 1.6T-GDI 하이브리드 2WD 5인 17""타이어",현대자동차㈜,승용차,다목적형,15.3,,16.4,14,2등급
Peugeot 508 1.5 BlueHDi_(19inch tire),스텔란티스코리아 주식회사,승용차,일반형,15.6,,14.3,17.7,2등급
DS7 Crossback 1.5 BlueHDi,스텔란티스코리아 주식회사,승용차,다목적형,14.9,,14.6,15.3,2등급
Peugeot 3008 1.5 BlueHDi,스텔란티스코리아 주식회사,승용차,다목적형,15.8,,14.5,17.8,2등급
Peugeot 5008 2.0 BlueHDi,스텔란티스코리아 주식회사,승용차,다목적형,15,,13.4,17.4,2등급
아이오닉5 기본형 RWD 19인치,현대자동차㈜,승용차,다목적형,5.1,336,5.8,4.5,2등급
투싼 1.6T-GDI 하이브리드 6AT 19인치,현대자동차㈜,승용차,다목적형,15.8,,16.7,14.8,2등급
투싼 1.6T-GDI 하이브리드 6AT 19인치 (빌트인캠),현대자동차㈜,승용차,다목적형,15.3,,16,14.5,2등급
EV6 항속형 4WD 19인치,기아 주식회사,승용차,다목적형,5,441,5.6,4.5,2등급
EV6 항속형 RWD 19인치(빌트인캠미적용),기아 주식회사,승용차,다목적형,5.4,475,6.1,4.7,2등급
EV6 항속형 RWD 19인치(빌트인캠적용),기아 주식회사,승용차,다목적형,5.3,470,6,4.7,2등급
EV6 기본형 RWD 19인치,기아 주식회사,승용차,다목적형,5.6,370,6.4,4.9,2등급
G80 2.2디젤 2WD 19인치 (SP),현대자동차㈜,승용차,일반형,13.9,,12.1,16.9,2등급
스포티지 2.0디젤 2WD 8AT 19인치 (빌트인캠),기아 주식회사,승용차,다목적형,13.9,,12.5,15.9,2등급
스포티지 2.0디젤 2WD 8AT 19인치,기아 주식회사,승용차,다목적형,14.1,,12.7,16.2,2등급
스포티지 2.0디젤 2WD 8AT 18인치 (빌트인캠),기아 주식회사,승용차,다목적형,13.9,,12.5,16,2등급
스포티지 2.0디젤 2WD 8AT 18인치,기아 주식회사,승용차,다목적형,14,,12.5,16.2,2등급
스포티지 2.0디젤 2WD 8AT 17인치,기아 주식회사,승용차,다목적형,14.6,,13.4,16.2,2등급
GV60 RWD 19인치,현대자동차㈜,승용차,다목적형,5.1,451,5.7,4.5,2등급
BMW 420d Gran Coupe,BMW코리아㈜,승용차,일반형,15,,13.4,17.5,2등급
BMW 320d(MY22),BMW코리아㈜,승용차,일반형,15.1,,13.6,17.4,2등급
EV6 기본형 4WD 19인치,기아 주식회사,승용차,다목적형,5.3,351,6,4.7,2등급
CHEVROLET BOLT EUV,한국지엠주식회사,승용차,일반형,5.5,403,6.1,5,2등급
스포티지 1.6T-GDI 하이브리드 4WD 6AT (빌트인캠),기아 주식회사,승용차,다목적형,14.8,,14.6,14.9,2등급
스포티지 1.6T-GDI 하이브리드 4WD 6AT,기아 주식회사,승용차,다목적형,15.2,,15.4,14.9,2등급
"Mercedes-Benz CLS300 d 4MATIC	",메르세데스-벤츠코리아(주),승용차,일반형,13.9,,12.6,15.9,2등급
Q3 Sportback 35 TDI,폭스바겐그룹코리아 주식회사,승용차,다목적형,14.8,,13.4,16.9,2등급
Q3 35 TDI,폭스바겐그룹코리아 주식회사,승용차,다목적형,14.8,,13.4,16.9,2등급
쏘렌토 2.2디젤 2WD 7인 18인치타이어 (빌트인캠)(22),기아 주식회사,승용차,다목적형,14,,12.6,16.2,2등급
쏘렌토 2.2디젤 2WD 7인 18인치 타이어(22),기아 주식회사,승용차,다목적형,14.1,,12.7,16.4,2등급
쏘렌토 2.2디젤 2WD 5인 18인치타이어 (빌트인캠)(22),기아 주식회사,승용차,다목적형,14,,12.6,16.2,2등급
쏘렌토 2.2디젤 2WD 6인 18인치타이어 (빌트인캠)(22),기아 주식회사,승용차,다목적형,14,,12.6,16.2,2등급
쏘렌토 2.2디젤 2WD 5인 18인치 타이어(22),기아 주식회사,승용차,다목적형,14.1,,12.7,16.4,2등급
쏘렌토 2.2디젤 2WD 6인 18인치 타이어(22),기아 주식회사,승용차,다목적형,14.1,,12.7,16.4,2등급
"싼타페 1.6T-GDI HEV 2WD 5인 19""타이어(22MY)",현대자동차㈜,승용차,다목적형,14.3,,15.2,13.3,2등급
"싼타페 1.6T-GDI HEV 2WD 6인 19""타이어(22MY)",현대자동차㈜,승용차,다목적형,14.3,,15.2,13.3,2등급
"싼타페 1.6T-GDI HEV 2WD 7인 19""타이어(22MY)",현대자동차㈜,승용차,다목적형,14.3,,15.2,13.3,2등급
"싼타페 1.6T-GDI HEV 2WD 5인 17""타이어(22MY)",현대자동차㈜,승용차,다목적형,15.3,,16.4,14,2등급
"싼타페 1.6T-GDI HEV 2WD 5인 17""(빌트인캠)(22MY)",현대자동차㈜,승용차,다목적형,15,,16.1,13.8,2등급
"싼타페 1.6T-GD HEV 2WD 6인 17""(빌트인캠)(22MY)",현대자동차㈜,승용차,다목적형,15,,16.1,13.8,2등급
"싼타페 1.6T-GDI HEV 2WD 7인 17""타이어(22MY)",현대자동차㈜,승용차,다목적형,15.3,,16.4,14,2등급
"싼타페 1.6T-GDI HEV 2WD 7인 17""(빌트인캠)(22MY)",현대자동차㈜,승용차,다목적형,15,,16.1,13.8,2등급
투싼 2.0디젤 2WD 8AT 17인치(22),현대자동차㈜,승용차,다목적형,14.5,,13,16.8,2등급
"싼타페 1.6T-GDI HEV 2WD 6인 17""타이어(22MY)",현대자동차㈜,승용차,다목적형,15.3,,16.4,14,2등급
싼타페 2.2디젤 2WD 7인 18인치(빌트인캠)(22),현대자동차㈜,승용차,다목적형,14,,12.7,15.8,2등급
싼타페 2.2디젤 2WD 7인 18인치(22),현대자동차㈜,승용차,다목적형,14.1,,12.8,16,2등급
싼타페 2.2디젤 2WD 5인 18인치(빌트인캠)(22),현대자동차㈜,승용차,다목적형,14,,12.7,15.8,2등급
싼타페 2.2디젤 2WD 6인 18인치(빌트인캠)(22),현대자동차㈜,승용차,다목적형,14,,12.7,15.8,2등급
싼타페 2.2디젤 2WD 5인 18인치(22),현대자동차㈜,승용차,다목적형,14.1,,12.8,16,2등급
싼타페 2.2디젤 2WD 6인 18인치(22),현대자동차㈜,승용차,다목적형,14.1,,12.8,16,2등급
스포티지 2.0디젤 2WD 8AT 19인치 (빌트인캠)(22),기아 주식회사,승용차,다목적형,13.8,,12.3,16,2등급
스포티지 2.0디젤 2WD 8AT 19인치(22),기아 주식회사,승용차,다목적형,14,,12.5,16.2,2등급
스포티지 2.0디젤 2WD 8AT 18인치 (빌트인캠)(22),기아 주식회사,승용차,다목적형,13.8,,12.3,16.1,2등급
스포티지 2.0디젤 2WD 8AT 18인치(22),기아 주식회사,승용차,다목적형,13.9,,12.3,16.3,2등급
스포티지 2.0디젤 2WD 8AT 17인치(22),기아 주식회사,승용차,다목적형,14.5,,12.9,17,2등급
투싼 2.0디젤 2WD 8AT 19인치(빌트인캠)(22),현대자동차㈜,승용차,다목적형,13.8,,12.5,15.7,2등급
투싼 2.0디젤 2WD 8AT 18인치(빌트인캠)(22),현대자동차㈜,승용차,다목적형,14.1,,12.6,16.3,2등급
투싼 2.0디젤 2WD 8AT 18인치(22),현대자동차㈜,승용차,다목적형,14.2,,12.8,16.3,2등급
투싼 2.0디젤 2WD 8AT 19인치(22),현대자동차㈜,승용차,다목적형,13.8,,12.5,15.7,2등급
토요타 RAV4 Hybrid AWD,한국토요타자동차㈜,승용차,다목적형,15.2,,15.8,14.6,2등급
토요타 RAV4 Hybrid 2WD,한국토요타자동차㈜,승용차,다목적형,15.5,,16.2,14.7,2등급
Arteon 2.0TDI 4Motion,폭스바겐그룹코리아 주식회사,승용차,일반형,13.8,,12.4,16.2,2등급
렉서스 NX350h,한국토요타자동차㈜,승용차,다목적형,14,,14.3,13.6,2등급
아이오닉5 항속형 RWD 19인치 (77.4kWh),현대자동차㈜,승용차,다목적형,5.2,458,5.9,4.5,2등급
아이오닉5 항속형 RWD 19인치 빌트인캠 (77.4kWh),현대자동차㈜,승용차,다목적형,5.1,450,5.8,4.4,2등급
Tiguan Allspace 2.0 TDI,폭스바겐그룹코리아 주식회사,승용차,다목적형,14.6,,13.3,16.7,2등급
아반떼 1.6 가솔린 16인치 타이어(22MY),현대자동차㈜,승용차,일반형,14.9,,13.3,17.3,2등급
아반떼 1.6 가솔린 15인치 타이어(22MY),현대자동차㈜,승용차,일반형,15.4,,13.8,17.7,2등급
니로 EV 17인치,기아 주식회사,승용차,기타형,5.3,401,5.9,4.8,2등급
니로 플러스 EV 항속형 2WD 17인치,기아 주식회사,승용차,기타형,5.3,392,6,4.7,2등급
투싼 1.6T-GDI HEV 6AT 4WD 17/18인치,현대자동차㈜,승용차,다목적형,15.3,,16,14.6,2등급
투싼 1.6T-GDI HEV 6AT 4WD 19인치,현대자동차㈜,승용차,다목적형,15.1,,15.6,14.6,2등급
투싼 1.6T-GDI HEV 6AT 4WD 17/18인치 빌트인캠,현대자동차㈜,승용차,다목적형,14.9,,15.2,14.6,2등급
투싼 1.6T-GDI HEV 6AT 4WD 19인치 빌트인캠,현대자동차㈜,승용차,다목적형,14.7,,14.9,14.5,2등급
BMW 320d Touring,BMW코리아㈜,승용차,일반형,14.2,,12.8,16.4,2등급
BMW 320d,BMW코리아㈜,승용차,일반형,15,,13.8,16.9,2등급
아이오닉6 항속형 AWD 18인치,현대자동차㈜,승용차,일반형,5.5,484,5.9,5.2,2등급
아이오닉6 항속형 RWD 20인치,현대자동차㈜,승용차,일반형,5.1,452,5.7,4.6,2등급
Jetta,폭스바겐그룹코리아 주식회사,승용차,일반형,14.1,,12.3,17.1,2등급
Peugeot 3008 1.5 BlueHDi,스텔란티스코리아 주식회사,승용차,다목적형,15.8,,14.5,17.8,2등급
BMW 320d,BMW코리아㈜,승용차,일반형,14.5,,12.9,16.9,2등급
Peugeot e-208,스텔란티스코리아 주식회사,승용차,일반형,5.4,280,5.8,4.9,2등급
Peugeot 5008 2.0 BlueHDi,스텔란티스코리아 주식회사,승용차,다목적형,14.3,,12.5,17.2,2등급
그랜저 1.6T-GDI 하이브리드 6AT 20인치,현대자동차㈜,승용차,일반형,15.7,,15.4,15.9,2등급
토요타 RAV4 Hybrid AWD,한국토요타자동차㈜,승용차,다목적형,15.1,,15.4,14.7,2등급
BMW X1 sDrive18d,BMW코리아㈜,승용차,일반형,14.6,,13.4,16.5,2등급
아반떼(PE) 1.6 가솔린 15인치 타이어,현대자동차㈜,승용차,일반형,15.3,,13.7,17.7,2등급
아반떼(PE) 1.6 가솔린 16인치 타이어(빌트인캠),현대자동차㈜,승용차,일반형,14.6,,13.1,16.9,2등급
아반떼(PE) 1.6 가솔린 16인치 타이어,현대자동차㈜,승용차,일반형,14.8,,13.3,17,2등급
아반떼(PE) 1.6 가솔린 17인치 타이어,현대자동차㈜,승용차,일반형,14.3,,12.9,16.4,2등급
렉서스 RZ450e,한국토요타자동차㈜,승용차,다목적형,5.4,377,5.8,4.9,2등급
렉서스 NX350h,한국토요타자동차㈜,승용차,다목적형,14,,14.3,13.6,2등급
DS3 E-TENSE,스텔란티스코리아 주식회사,승용차,일반형,5.5,320,6,5,2등급
코나(SX2) 일렉트릭(항속형) 17인치(빌트인캠),현대자동차㈜,승용차,다목적형,5.5,415,6.1,5,2등급
코나(SX2) 일렉트릭(항속형) 17인치,현대자동차㈜,승용차,다목적형,5.5,417,6.1,5,2등급
코나(SX2) 일렉트릭(기본형) 17인치,현대자동차㈜,승용차,다목적형,5.5,311,6.1,4.8,2등급
CR-V HYBRID 2WD,혼다코리아(주),승용차,다목적형,15.1,,15.8,14.4,2등급
CR-V HYBRID 4WD,혼다코리아(주),승용차,다목적형,14,,14.6,13.4,2등급
Mercedes-Benz GLC220 d 4MATIC ,메르세데스-벤츠코리아(주),승용차,다목적형,14.1,,13.3,15.4,2등급
토요타 Highlander Hybrid,한국토요타자동차㈜,승용차,다목적형,13.8,,14.4,13.3,2등급
스포티지 2.0디젤 2WD 8AT 19인치 (빌트인캠)_24MY,기아 주식회사,승용차,다목적형,13.8,,12.3,16,2등급
스포티지 2.0디젤 2WD 8AT 19인치_24MY,기아 주식회사,승용차,다목적형,14,,12.5,16.2,2등급
스포티지 2.0디젤 2WD 8AT 18인치 (빌트인캠)_24MY,기아 주식회사,승용차,다목적형,13.8,,12.3,16.1,2등급
스포티지 2.0디젤 2WD 8AT 18인치_24MY,기아 주식회사,승용차,다목적형,13.9,,12.3,16.3,2등급
스포티지 2.0디젤 2WD 8AT 17인치_24MY,기아 주식회사,승용차,다목적형,14.5,,12.9,17,2등급
아반떼(PE) 1.6 가솔린 18인치 타이어,현대자동차㈜,승용차,일반형,13.8,,12.4,15.9,2등급
스포티지 1.6T-GDI HEV 4WD_24MY,기아 주식회사,승용차,다목적형,15.2,,15.4,14.9,2등급
스포티지 1.6T-GDI HEV 4WD(빌트인캠)_24MY,기아 주식회사,승용차,다목적형,14.8,,14.6,14.9,2등급
투싼 2.0디젤 2WD 8AT 18인치(빌트인캠)(23),현대자동차㈜,승용차,다목적형,14.1,,12.6,16.3,2등급
투싼 2.0디젤 2WD 8AT 18인치(23),현대자동차㈜,승용차,다목적형,14.2,,12.8,16.3,2등급
투싼 2.0디젤 2WD 8AT 17인치(23),현대자동차㈜,승용차,다목적형,14.5,,13,16.8,2등급
투싼 1.6T-GDI 하이브리드 6AT (빌트인캠) (23),현대자동차㈜,승용차,다목적형,15.8,,16.3,15.2,2등급
투싼 1.6T-GDI 하이브리드 6AT 19인치 (빌트인캠)(23),현대자동차㈜,승용차,다목적형,15.3,,16,14.5,2등급
투싼 1.6T-GDI 하이브리드 6AT 19인치 (23),현대자동차㈜,승용차,다목적형,15.8,,16.7,14.8,2등급
투싼 1.6T-GDI HEV 6AT 4WD 17/18인치 빌트인캠 (23),현대자동차㈜,승용차,다목적형,14.9,,15.2,14.6,2등급
투싼 1.6T-GDI HEV 6AT 4WD 17/18인치 (23),현대자동차㈜,승용차,다목적형,15.3,,16,14.6,2등급
투싼 1.6T-GDI HEV 6AT 4WD 19인치 빌트인캠 (23),현대자동차㈜,승용차,다목적형,14.7,,14.9,14.5,2등급
투싼 1.6T-GDI HEV 6AT 4WD 19인치 (23),현대자동차㈜,승용차,다목적형,15.1,,15.6,14.6,2등급
Model Y RWD,테슬라코리아 유한회사,승용차,다목적형,5.1,350,5.3,4.8,2등급
쏘렌토(PE) 2.2디젤 2WD 6인 18인치,기아 주식회사,승용차,다목적형,13.9,,12.3,16.7,2등급
쏘렌토(PE) 2.2디젤 2WD 5인 18인치(빌트인캠),기아 주식회사,승용차,다목적형,14,,12.4,16.8,2등급
쏘렌토(PE) 2.2디젤 2WD 5인 18인치,기아 주식회사,승용차,다목적형,14.3,,12.7,17,2등급
쏘렌토(PE) 2.2디젤 2WD 7인 18인치,기아 주식회사,승용차,다목적형,13.9,,12.3,16.7,2등급
레이 EV 밴 1인승,기아 주식회사,승용차,승용겸화물형,5.1,205,6,4.4,2등급
레이 EV 밴 2인승,기아 주식회사,승용차,승용겸화물형,5.1,205,6,4.4,2등급
레이 EV,기아 주식회사,승용차,일반형,5.1,205,6,4.4,2등급
쏘렌토(PE) 1.6T-GDI 하이브리드 4WD 6인 17인치,기아 주식회사,승용차,다목적형,13.8,,14,13.4,2등급
쏘렌토(PE) 1.6T-GDI 하이브리드 4WD 5인 17인치,기아 주식회사,승용차,다목적형,13.8,,14,13.4,2등급
쏘렌토(PE) 1.6T-GDI 하이브리드 4WD 7인 17인치,기아 주식회사,승용차,다목적형,13.8,,14,13.4,2등급
쏘렌토(PE) 1.6T-GDI 하이브리드 4WD 5인 18인치,기아 주식회사,승용차,다목적형,13.8,,14,13.4,2등급
쏘렌토(PE) 1.6T-GDI 하이브리드 4WD 6인 18인치,기아 주식회사,승용차,다목적형,13.8,,14,13.4,2등급
쏘렌토(PE) 1.6T-GDI 하이브리드 2WD 6인 17인치,기아 주식회사,승용차,다목적형,14.8,,15.2,14.3,2등급
쏘렌토(PE) 1.6T-GDI 하이브리드 2WD 6인 18인치,기아 주식회사,승용차,다목적형,14.8,,15.2,14.3,2등급
쏘렌토(PE) 1.6T-GDI 하이브리드 2WD 5인 18인치,기아 주식회사,승용차,다목적형,15.7,,16.6,14.6,2등급
쏘렌토(PE) 1.6T-GDI 하이브리드 4WD 7인 18인치,기아 주식회사,승용차,다목적형,13.8,,14,13.4,2등급
쏘렌토(PE) 1.6T-GDI 하이브리드 2WD 7인 18인치,기아 주식회사,승용차,다목적형,14.8,,15.2,14.3,2등급
Polestar 2 Long Range Single Motor,폴스타오토모티브코리아 유한회사,승용차,일반형,5.1,449,5.5,4.6,2등급
쏘렌토(PE) 1.6T-GDI 하이브리드 2WD 5인 17인치,기아 주식회사,승용차,다목적형,15.7,,16.6,14.6,2등급
쏘렌토(PE) 1.6T-GDI 하이브리드 2WD 7인 17인치,기아 주식회사,승용차,다목적형,14.8,,15.2,14.3,2등급
쏘렌토(PE) 1.6T-GDI HEV 2WD 5인 18인치(빌트인캠),기아 주식회사,승용차,다목적형,15.3,,15.8,14.7,2등급
BMW 523d xDrive,BMW코리아㈜,승용차,일반형,13.8,,12.7,15.4,2등급
BMW 523d,BMW코리아㈜,승용차,일반형,14.7,,13.5,16.5,2등급
쏘렌토(PE) 1.6T-GDI HEV 2WD 5인 17인치(빌트인캠),기아 주식회사,승용차,다목적형,15.3,,15.8,14.7,2등급
싼타페 HEV 1.6T-GDI 2WD 7인 18인치 (빌트인캠X),현대자동차㈜,승용차,다목적형,15.5,,16.3,14.6,2등급
토레스 EVX 2WD 18인치타이어,케이지모빌리티 주식회사,승용차,기타형,5,433,5.5,4.5,2등급
싼타페 HEV 1.6T-GDI 2WD 7인 18인치 (빌트인캠),현대자동차㈜,승용차,다목적형,15,,15.7,14.2,2등급
싼타페 HEV 1.6T-GDI 2WD 5인 18인치 (빌트인캠X),현대자동차㈜,승용차,다목적형,15.5,,16.3,14.6,2등급
싼타페 HEV 1.6T-GDI 2WD 6인 18인치 (빌트인캠X),현대자동차㈜,승용차,다목적형,15.5,,16.3,14.6,2등급
싼타페 HEV 1.6T-GDI 2WD 5인 18인치 (빌트인캠),현대자동차㈜,승용차,다목적형,15,,15.7,14.2,2등급
싼타페 HEV 1.6T-GDI 2WD 6인 18인치 (빌트인캠),현대자동차㈜,승용차,다목적형,15,,15.7,14.2,2등급
싼타페 HEV 1.6T-GDI 4WD 5인 18인치,현대자동차㈜,승용차,다목적형,14,,14.1,13.8,2등급
Peugeot 508 1.5 BlueHDi,스텔란티스코리아 주식회사,승용차,일반형,15.6,,14.1,18.1,2등급
Mercedes-Benz E 220 d 4MATIC,메르세데스-벤츠코리아(주),승용차,일반형,15.4,,13.6,18.4,2등급
Polestar 2 Standard Range Single Motor,폴스타오토모티브코리아 유한회사,승용차,일반형,5.2,409,5.8,4.7,2등급
Peugeot e208,스텔란티스코리아 주식회사,승용차,일반형,5.7,335,6.2,5.2,2등급
BMW X1 sDrive18d,BMW코리아㈜,승용차,일반형,14.8,,13.6,16.7,2등급
"카니발(KA4 PE) HEV 1.6T-GDI 9인 18""(nC)",기아 주식회사,승용차,기타형,14,,14.6,13.3,2등급
Model Y RWD,테슬라코리아 유한회사,승용차,다목적형,5.1,356,5.4,4.8,2등급
Model Y Performance,테슬라코리아 유한회사,승용차,다목적형,5,449,5.3,4.8,2등급
"투싼 개조 1.6T-GDI 하이브리드 6AT AWD 17""",현대자동차㈜,승용차,다목적형,14.7,,14.7,14.6,2등급
"투싼 개조 1.6T-GDI 하이브리드 6AT 2WD 17"" (C)",현대자동차㈜,승용차,다목적형,15.7,,16.1,15.1,2등급
"투싼 개조 1.6T-GDI 하이브리드 6AT AWD 18""",현대자동차㈜,승용차,다목적형,14.7,,14.7,14.6,2등급
"투싼 개조 1.6T-GDI 하이브리드 6AT AWD 19""",현대자동차㈜,승용차,다목적형,14.3,,14.4,14.1,2등급
"투싼 개조 1.6T-GDI 하이브리드 6AT 2WD 18"" (C)",현대자동차㈜,승용차,다목적형,15.7,,16.1,15.1,2등급
"투싼 개조 1.6T-GDI 하이브리드 6AT 2WD 19""",현대자동차㈜,승용차,다목적형,14.9,,15.1,14.5,2등급
"투싼 개조 2.0 디젤 8AT 2WD 17""",현대자동차㈜,승용차,다목적형,14.3,,12.7,16.7,2등급
"투싼 개조 2.0 디젤 8AT 2WD 18"" (nC)",현대자동차㈜,승용차,다목적형,14.3,,12.7,16.8,2등급
"투싼 개조 2.0 디젤 8AT 2WD 18"" (C)",현대자동차㈜,승용차,다목적형,14.1,,12.4,16.7,2등급
"투싼 개조 2.0 디젤 8AT 2WD 19""",현대자동차㈜,승용차,다목적형,13.9,,12.3,16.4,2등급
BMW X2 sDrive18d,BMW코리아㈜,승용차,일반형,14.2,,12.5,17.1,2등급
Model 3 Long Range,테슬라코리아 유한회사,승용차,일반형,5.5,488,5.7,5.2,2등급
Model 3 RWD,테슬라코리아 유한회사,승용차,일반형,5.7,382,6,5.3,2등급
ID.5 Pro,폭스바겐그룹코리아 주식회사,승용차,다목적형,5,434,5.3,4.6,2등급
아이오닉5 개조 항속형 RWD 19인치(C),현대자동차㈜,승용차,다목적형,5.1,478,5.6,4.5,2등급
아이오닉5 개조 항속형 RWD 19인치(nC),현대자동차㈜,승용차,다목적형,5.2,485,5.8,4.6,2등급
Peugeot e2008,스텔란티스코리아 주식회사,승용차,다목적형,5.2,303,5.6,4.7,2등급
이티밴 프로,제이스모빌리티 주식회사,화물차,밴형,5.3,325,6,4.7,2등급
이티4밴 프로,제이스모빌리티 주식회사,화물차,밴형,5.3,325,6,4.7,2등급
BMW 320d Touring,BMW코리아㈜,승용차,일반형,14.4,,12.9,16.8,2등급
BMW 320d,BMW코리아㈜,승용차,일반형,14.6,,13.5,16.4,2등급
Mercedes-Benz EQA 250,메르세데스-벤츠코리아(주),승용차,다목적형,5,367,5.4,4.6,2등급
MINI Cooper SE,BMW코리아㈜,승용차,일반형,5.3,300,5.6,5,2등급
EV6 항속형 2WD 개조차 19인치(C),기아 주식회사,승용차,다목적형,5.2,492,5.8,4.5,2등급
EV6 항속형 2WD 개조차 19인치(nC),기아 주식회사,승용차,다목적형,5.2,494,5.8,4.5,2등급
이티4밴 미니,제이스모빌리티 주식회사,화물차,밴형,5.3,245,5.8,4.8,2등급
이티밴 미니,제이스모빌리티 주식회사,화물차,밴형,5.3,245,5.8,4.8,2등급
"ARKANA 1.3 (17"" tire) LRRC",르노코리아 주식회사,승용차,기타형,13.8,,12.2,16.3,2등급
Model Y Long Range,테슬라코리아 유한회사,승용차,다목적형,5.2,468,5.5,5,2등급
e-TOVI,(주)루트17,화물차,일반형,5.1,156,5.7,4.5,2등급
EV3 항속형 2WD 19인치,기아 주식회사,승용차,다목적형,5.1,478,5.5,4.6,2등급
EV3 항속형 2WD 17인치(C),기아 주식회사,승용차,다목적형,5.4,500,5.9,4.8,2등급
 EV3 항속형 2WD 17인치(nC),기아 주식회사,승용차,다목적형,5.4,501,5.9,4.8,2등급
BMW 320d xDrive,BMW코리아㈜,승용차,일반형,14.5,,13,16.8,2등급
아반떼(PE) 1.6 가솔린 15인치 타이어(25MY),현대자동차㈜,승용차,일반형,15,,13.4,17.4,2등급
캐스퍼(AX1) EV 항속형 15인치,현대자동차㈜,승용차,일반형,5.6,315,6.2,4.9,2등급
캐스퍼(AX1) EV 항속형 17인치,현대자동차㈜,승용차,일반형,5.2,295,5.7,4.7,2등급
EV3 기본형 2WD 19인치,기아 주식회사,승용차,다목적형,5.2,347,5.6,4.7,2등급
EV3 기본형 2WD 17인치,기아 주식회사,승용차,다목적형,5.2,350,5.6,4.7,2등급
싼타페 HEV 1.6T-GDI 2WD 7인 20인치 (25MY),현대자동차㈜,승용차,다목적형,14.4,,14.9,13.8,2등급
짚 어벤저,스텔란티스코리아 주식회사,승용차,다목적형,5,292,5.4,4.6,2등급
싼타페 HEV 1.6T-GDI 2WD 5인 20인치 (25MY),현대자동차㈜,승용차,다목적형,14.4,,14.9,13.8,2등급
싼타페 HEV 1.6T-GDI 2WD 6인 20인치 (25MY),현대자동차㈜,승용차,다목적형,14.4,,14.9,13.8,2등급
BMW 320d,BMW코리아㈜,승용차,일반형,15.2,,13.5,17.8,2등급
아이오닉5 개조 기본형 RWD,현대자동차㈜,승용차,다목적형,5.1,368,5.7,4.6,2등급
아이오닉5 개조 기본형 RWD,현대자동차㈜,승용차,다목적형,5.1,368,5.7,4.6,2등급
"콜레오스 하이브리드_EAL/E4_ 19""/20""",르노코리아 주식회사,승용차,다목적형,15,,14.8,15.2,2등급
코나(SX2) 일렉트릭(기본형) 17인치,현대자동차㈜,승용차,다목적형,5.5,311,6.1,4.8,2등급
"콜레오스 하이브리드_E2_ 19""",르노코리아 주식회사,승용차,다목적형,15.7,,15.6,15.8,2등급
Mercedes-Benz GLC 220 d 4MATIC,메르세데스-벤츠코리아(주),승용차,다목적형,14.5,,13.8,15.5,2등급
쏘렌토(MQ4 PE) 1.6T-GDI 하이브리드 4WD 7인 18인치 25MY,기아 주식회사,승용차,다목적형,13.8,,14,13.4,2등급
쏘렌토(MQ4 PE) 1.6T-GDI 하이브리드 4WD 7인 17인치 25MY,기아 주식회사,승용차,다목적형,13.8,,14,13.4,2등급
쏘렌토(MQ4 PE) 1.6T-GDI 하이브리드 4WD 6인 18인치 25MY,기아 주식회사,승용차,다목적형,13.8,,14,13.4,2등급
쏘렌토(MQ4 PE) 1.6T-GDI 하이브리드 4WD 6인 17인치 25MY,기아 주식회사,승용차,다목적형,13.8,,14,13.4,2등급
쏘렌토(MQ4 PE) 1.6T-GDI 하이브리드 4WD 5인 18인치 25MY,기아 주식회사,승용차,다목적형,13.8,,14,13.4,2등급
쏘렌토(MQ4 PE) 1.6T-GDI 하이브리드 4WD 5인 17인치 25MY,기아 주식회사,승용차,다목적형,13.8,,14,13.4,2등급
쏘렌토(MQ4 PE) 1.6T-GDI 하이브리드 2WD 7인 18인치 25MY,기아 주식회사,승용차,다목적형,14.8,,15.2,14.3,2등급
쏘렌토(MQ4 PE) 1.6T-GDI 하이브리드 2WD 7인 17인치 25MY,기아 주식회사,승용차,다목적형,14.8,,15.2,14.3,2등급
쏘렌토(MQ4 PE) 1.6T-GDI 하이브리드 2WD 6인 18인치 25MY,기아 주식회사,승용차,다목적형,14.8,,15.2,14.3,2등급
쏘렌토(MQ4 PE) 1.6T-GDI 하이브리드 2WD 6인 17인치 25MY,기아 주식회사,승용차,다목적형,14.8,,15.2,14.3,2등급
쏘렌토(MQ4 PE) 1.6T-GDI 하이브리드 2WD 5인 18인치 빌트인캠 무 25MY,기아 주식회사,승용차,다목적형,15.7,,16.6,14.6,2등급
쏘렌토(MQ4 PE) 1.6T-GDI 하이브리드 2WD 5인 17인치 빌트인캠 무 25MY,기아 주식회사,승용차,다목적형,15.7,,16.6,14.6,2등급
쏘렌토(MQ4 PE) 2.2디젤 2WD 7인 18인치 빌트인캠 무 25MY,기아 주식회사,승용차,다목적형,13.9,,12.3,16.7,2등급
쏘렌토(MQ4 PE) 2.2디젤 2WD 6인 18인치 빌트인캠 무 25MY,기아 주식회사,승용차,다목적형,13.9,,12.3,16.7,2등급
쏘렌토(MQ4 PE) 2.2디젤 2WD 5인 18인치 빌트인캠 유 25MY,기아 주식회사,승용차,다목적형,14,,12.4,16.8,2등급
쏘렌토(MQ4 PE) 2.2디젤 2WD 5인 18인치 빌트인캠 무 25MY,기아 주식회사,승용차,다목적형,14.3,,12.7,17,2등급
쏘렌토(MQ4 PE) 1.6T-GDI 하이브리드 2WD 5인 18인치 빌트인캠 유 25MY,기아 주식회사,승용차,다목적형,15.3,,15.8,14.7,2등급
쏘렌토(MQ4 PE) 1.6T-GDI 하이브리드 2WD 5인 17인치 빌트인캠 유 25MY,기아 주식회사,승용차,다목적형,15.3,,15.8,14.7,2등급
캐스퍼(AX1) EV CROSS 17인치,현대자동차㈜,승용차,일반형,5.1,285,5.7,4.6,2등급
EV6 기본형 2WD 개조차 19인치,기아 주식회사,승용차,다목적형,5.3,382,5.9,4.7,2등급
A5 40 TDI quattro,폭스바겐그룹코리아 주식회사,승용차,일반형,14.5,,13.7,15.6,2등급
스포티지(NQ5) HEV PE 1.6T-GDI 4WD 6AT 18인치,기아 주식회사,승용차,다목적형,14.7,,15,14.2,2등급
스포티지(NQ5) HEV PE 1.6T-GDI 4WD 6AT 19인치,기아 주식회사,승용차,다목적형,14.3,,14.4,14.1,2등급
스포티지(NQ5) HEV PE 1.6T-GDI 2WD 6AT 18인치 빌트인캠 유,기아 주식회사,승용차,다목적형,15.8,,16.2,15.3,2등급
스포티지(NQ5) HEV PE 1.6T-GDI 2WD 6AT 19인치,기아 주식회사,승용차,다목적형,15.6,,16.2,14.8,2등급
Model 3 RWD,테슬라코리아 유한회사,승용차,다목적형,5.4,382,5.7,5.1,2등급
스포티지(NQ5) HEV PE 1.6T-GDI 4WD 6AT 17인치,기아 주식회사,승용차,다목적형,14.7,,15,14.2,2등급
"스포티지(NQ5) HEV PE 1.6T-GDI 2WD 6AT 17인치 빌트인캠 유	",기아 주식회사,승용차,다목적형,15.8,,16.2,15.3,2등급
BMW X3 20d xDrive,BMW코리아㈜,승용차,다목적형,14,,12.9,15.6,2등급
MINI Aceman SE,BMW코리아㈜,승용차,일반형,5.4,312,5.7,5,2등급
Peugeot 308 Hybrid,스텔란티스코리아 주식회사,승용차,일반형,15.2,,14.1,16.7,2등급
MINI John Cooper Works E,BMW코리아㈜,승용차,일반형,5,291,5.3,4.7,2등급
GV60(JW FL) RWD 19인치,현대자동차㈜,승용차,다목적형,5.1,481,5.6,4.6,2등급
렉서스 RX350h,한국토요타자동차㈜,승용차,다목적형,14.7,,15.6,13.8,2등급
MINI Aceman E,BMW코리아㈜,승용차,일반형,5.4,312,5.7,5,2등급
토요타 RAV4 Hybrid AWD,한국토요타자동차㈜,승용차,다목적형,14.1,,14.5,13.7,2등급
토요타 RAV4 Hybrid 2WD,한국토요타자동차㈜,승용차,다목적형,14.5,,15.1,13.9,2등급
팰리세이드(LX3) 2.5T-GDI HEV 2WD 6AT 9인 18인치 빌트인캠 유,현대자동차㈜,승용차,다목적형,13.9,,14,13.7,2등급
팰리세이드(LX3) 2.5T-GDI HEV 2WD 6AT 9인 18인치 빌트인캠 무,현대자동차㈜,승용차,다목적형,14.1,,14.5,13.6,2등급
아반떼 1.6GDI 하이브리드 (16“타이어),현대자동차㈜,승용차,일반형,21.1,,21.4,20.7,1등급
아반떼 1.6GDI 하이브리드 (17“타이어),현대자동차㈜,승용차,일반형,19.5,,20.3,18.6,1등급
Peugeot 2008 1.5 BlueHDi,스텔란티스코리아 주식회사,승용차,다목적형,17.1,,15.7,19,1등급
투싼 1.6T-GDI 하이브리드 6AT,현대자동차㈜,승용차,다목적형,16.2,,16.9,15.3,1등급
쏘나타(DN8) 2.0GDI 하이브리드_18인치타이어,현대자동차㈜,승용차,일반형,18,,18.1,17.8,1등급
쏘나타(DN8) 2.0GDI 하이브리드_18인치(빌트인캠),현대자동차㈜,승용차,일반형,17.6,,17.3,17.8,1등급
K5(DL3) 2.0GDI 하이브리드_18인치(빌트인캠),기아 주식회사,승용차,일반형,17.6,,17.6,17.5,1등급
K5(DL3) 2.0GDI 하이브리드_18인치타이어,기아 주식회사,승용차,일반형,18,,18.1,17.8,1등급
ACCORD HYBRID,혼다코리아(주),승용차,일반형,17.5,,18,17,1등급
토요타 Camry Hybrid,한국토요타자동차㈜,승용차,일반형,17.1,,17.3,16.8,1등급
A4 35 TDI,폭스바겐그룹코리아 주식회사,승용차,일반형,16.9,,15.3,19.4,1등급
토요타 Camry Hybrid LE,한국토요타자동차㈜,승용차,일반형,18.5,,18.8,18.2,1등급
"셀토스 1.6디젤 2WD 18"" 타이어 (21)",기아 주식회사,승용차,다목적형,16.1,,15.3,17.1,1등급
"셀토스 1.6디젤 2WD 17"" 타이어 (21)",기아 주식회사,승용차,다목적형,16.7,,15.9,17.7,1등급
"셀토스 1.6디젤 2WD 16"" 타이어 (21)",기아 주식회사,승용차,다목적형,17.1,,16.1,18.4,1등급
렉서스 UX250h 2WD,한국토요타자동차㈜,승용차,다목적형,16.7,,17.2,16.2,1등급
코란도 1.6 디젤 6MT 2WD SCR Step2,케이지모빌리티 주식회사,승용차,기타형,16,,14.9,17.5,1등급
Mercedes-Benz A200 d,메르세데스-벤츠코리아(주),승용차,일반형,16.1,,14.4,19,1등급
K8 1.6TGDI 하이브리드 18인치 (빌트인캠),기아 주식회사,승용차,일반형,16.8,,16.9,16.6,1등급
K8 1.6TGDI 하이브리드 18인치,기아 주식회사,승용차,일반형,17.1,,17.2,16.9,1등급
K8 1.6TGDI 하이브리드 17인치 (빌트인캠),기아 주식회사,승용차,일반형,17.6,,17.6,17.7,1등급
K8 1.6TGDI 하이브리드 17인치,기아 주식회사,승용차,일반형,18,,18.2,17.7,1등급
Peugeot 508SW 1.5 BlueHDi_(18inch tire),스텔란티스코리아 주식회사,승용차,일반형,17.2,,15.4,20,1등급
쏘나타(DN8) 하이브리드_17인치(빌트인캠)_22MY,현대자동차㈜,승용차,일반형,18.8,,18.4,19.1,1등급
쏘나타(DN8) 2.0GDI 하이브리드_17인치타이어_22MY,현대자동차㈜,승용차,일반형,19.1,,19,19.1,1등급
쏘나타(DN8) 하이브리드_18인치(빌트인캠)_22MY,현대자동차㈜,승용차,일반형,17.6,,17.3,17.8,1등급
쏘나타(DN8) 2.0GDI 하이브리드_18인치타이어_22MY,현대자동차㈜,승용차,일반형,18,,18.1,17.8,1등급
Peugeot 508 1.5 BlueHDi_(18inch tire),스텔란티스코리아 주식회사,승용차,일반형,17.2,,15.4,20,1등급
스포티지 1.6T-GDI 하이브리드 6AT (빌트인캠),기아 주식회사,승용차,다목적형,16.3,,16.6,15.8,1등급
스포티지 1.6T-GDI 하이브리드 6AT,기아 주식회사,승용차,다목적형,16.7,,17.4,15.9,1등급
Golf 2.0TDI,폭스바겐그룹코리아 주식회사,승용차,일반형,17.8,,15.7,21.3,1등급
렉서스 ES300h,한국토요타자동차㈜,승용차,일반형,17.2,,17.3,17.1,1등급
렉서스 ES300h,한국토요타자동차㈜,승용차,일반형,16.8,,17.3,16.3,1등급
Q2 35 TDI,폭스바겐그룹코리아 주식회사,승용차,다목적형,16.7,,15.5,18.5,1등급
니로(SG2) 1.6GDI 하이브리드 18인치,기아 주식회사,승용차,기타형,19.1,,20,18.1,1등급
니로(SG2) 1.6GDI 하이브리드 18인치 빌트인캠,기아 주식회사,승용차,기타형,18.8,,19.8,17.7,1등급
니로(SG2) 1.6GDI 하이브리드 16인치,기아 주식회사,승용차,기타형,20.8,,21.9,19.6,1등급
니로(SG2) 1.6GDI 하이브리드 16인치 빌트인캠,기아 주식회사,승용차,기타형,20.5,,21.4,19.5,1등급
Peugeot 2008 1.5 BlueHDi,스텔란티스코리아 주식회사,승용차,다목적형,17.1,,15.7,19,1등급
아반떼 1.6GDI 하이브리드 (17“타이어)(22MY),현대자동차㈜,승용차,일반형,19.5,,20.3,18.6,1등급
아반떼 1.6GDI 하이브리드 (16“타이어)(22MY),현대자동차㈜,승용차,일반형,21.1,,21.4,20.7,1등급
Peugeot New 308 1.5 BlueHDi,스텔란티스코리아 주식회사,승용차,일반형,17.2,,15.6,19.6,1등급
DS4 Crossback 1.5 BlueHDi,스텔란티스코리아 주식회사,승용차,일반형,16.2,,14.9,18.1,1등급
아이오닉6 기본형 RWD 18인치,현대자동차㈜,승용차,일반형,6.2,367,6.8,5.5,1등급
아이오닉6 항속형 RWD 18인치,현대자동차㈜,승용차,일반형,6,524,6.5,5.5,1등급
렉서스 ES300h,한국토요타자동차㈜,승용차,일반형,16.8,,17.1,16.5,1등급
DS4 Crossback 1.5 BlueHDi,스텔란티스코리아 주식회사,승용차,일반형,16.5,,15.2,18.6,1등급
토요타 Camry Hybrid,한국토요타자동차㈜,승용차,일반형,17.1,,17.3,16.8,1등급
XM3 하이브리드 18인치,르노코리아 주식회사,승용차,기타형,17,,17.4,16.6,1등급
XM3 하이브리드 17인치,르노코리아 주식회사,승용차,기타형,17.4,,17.5,17.3,1등급
Peugeot 5008 1.5 BlueHDi,스텔란티스코리아 주식회사,승용차,다목적형,16.1,,14.6,18.4,1등급
그랜저 1.6T-GDI 하이브리드 6AT 19인치,현대자동차㈜,승용차,일반형,16.7,,16.6,16.8,1등급
그랜저 1.6T-GDI 하이브리드 6AT 18인치,현대자동차㈜,승용차,일반형,18,,18,17.9,1등급
토요타 RAV4 Hybrid 2WD,한국토요타자동차㈜,승용차,다목적형,16.1,,17.1,15.1,1등급
Peugeot 2008 1.5 BlueHDi,스텔란티스코리아 주식회사,승용차,다목적형,17.1,,15.7,19,1등급
코나(SX2) 1.6GDI 하이브리드 17인치(빌트인캠),현대자동차㈜,승용차,다목적형,18.9,,19.4,18.2,1등급
코나(SX2) 1.6GDI 하이브리드 18인치,현대자동차㈜,승용차,다목적형,18.1,,18.6,17.5,1등급
코나(SX2) 1.6GDI 하이브리드 17인치,현대자동차㈜,승용차,다목적형,19.8,,20.8,18.6,1등급
토요타 Camry Hybrid LE,한국토요타자동차㈜,승용차,일반형,18.1,,18.2,17.9,1등급
토요타 Prius AWD,한국토요타자동차㈜,승용차,일반형,20,,20.3,19.7,1등급
아반떼(PE) 1.6GDI하이브리드 16인치 타이어,현대자동차㈜,승용차,일반형,21.1,,21.4,20.7,1등급
아반떼(PE) 1.6GDI하이브리드 16인치타이어(빌트인캠),현대자동차㈜,승용차,일반형,20.9,,20.9,20.8,1등급
아반떼(PE) 1.6GDI하이브리드 17인치타이어,현대자동차㈜,승용차,일반형,19.2,,19.5,18.8,1등급
아반떼(PE) 1.6GDI하이브리드 17인치타이어(빌트인캠),현대자동차㈜,승용차,일반형,18.9,,19,18.8,1등급
쏘나타(DN8) 개조 2.0GDI 하이브리드_18인치타이어,현대자동차㈜,승용차,일반형,17.1,,16.8,17.4,1등급
쏘나타(DN8) 개조 2.0GDI 하이브리드_17인치타이어,현대자동차㈜,승용차,일반형,17.8,,18,17.6,1등급
쏘나타(DN8) 개조 2.0GDI 하이브리드_16인치타이어,현대자동차㈜,승용차,일반형,19.4,,19.8,18.9,1등급
쏘나타(DN8)개조 2.0GDI 하이브리드 16인치(빌트인캠),현대자동차㈜,승용차,일반형,18.8,,18.7,18.8,1등급
토요타 Prius 2WD,한국토요타자동차㈜,승용차,일반형,20.9,,21.5,20.3,1등급
토요타 Crown Hybrid,한국토요타자동차㈜,승용차,일반형,17.2,,17.6,16.6,1등급
스포티지 1.6T-GDI HEV 2WD(빌트인캠)_24MY,기아 주식회사,승용차,다목적형,16.3,,16.6,15.8,1등급
스포티지 1.6T-GDI HEV 2WD_24MY,기아 주식회사,승용차,다목적형,16.7,,17.4,15.9,1등급
아반떼(PE) 1.6GDI하이브리드 18인치타이어,현대자동차㈜,승용차,일반형,18.5,,19,17.9,1등급
투싼 1.6T-GDI 하이브리드 6AT (23),현대자동차㈜,승용차,다목적형,16.2,,16.9,15.3,1등급
DS3 1.5 BlueHDi,스텔란티스코리아 주식회사,승용차,다목적형,16.8,,15.3,19,1등급
ACCORD HYBRID,혼다코리아(주),승용차,일반형,16.7,,17,16.2,1등급
ACCORD HYBRID,혼다코리아(주),승용차,일반형,18.1,,18.7,17.4,1등급
"K5 PE 하이브리드 2.0GDI 18""",기아 주식회사,승용차,일반형,17.1,,16.7,17.6,1등급
"K5 PE 하이브리드 2.0GDI 17""(C)",기아 주식회사,승용차,일반형,18.2,,17.7,18.7,1등급
"K5 PE 하이브리드 2.0GDI 17""(nC)",기아 주식회사,승용차,일반형,18.8,,18.7,18.9,1등급
"K5 PE 하이브리드 2.0GDI 16""(C)",기아 주식회사,승용차,일반형,19.2,,18.7,19.7,1등급
"K5 PE 하이브리드 2.0GDI 16""(nC)",기아 주식회사,승용차,일반형,19.8,,19.7,19.8,1등급
Peugeot 2008 1.5 BlueHDi,스텔란티스코리아 주식회사,승용차,다목적형,17.1,,15.7,19,1등급
"투싼 개조 1.6T-GDI 하이브리드 6AT 2WD 17"" (nC)",현대자동차㈜,승용차,다목적형,16.2,,17,15.2,1등급
"투싼 개조 1.6T-GDI 하이브리드 6AT 2WD 18"" (nC)",현대자동차㈜,승용차,다목적형,16.2,,17,15.2,1등급
ARKANA 하이브리드 17인치,르노코리아 주식회사,승용차,기타형,17.4,,17.5,17.3,1등급
ARKANA 하이브리드 18인치,르노코리아 주식회사,승용차,기타형,17,,17.4,16.6,1등급
K8(GL3 PE) 1.6 T-GDI HEV 19인치,기아 주식회사,승용차,일반형,16.1,,15.8,16.4,1등급
K8(GL3 PE) 1.6 T-GDI HEV 18인치(C),기아 주식회사,승용차,일반형,16.7,,16.3,17.1,1등급
K8(GL3 PE) 1.6 T-GDI HEV 18인치(nC),기아 주식회사,승용차,일반형,17.2,,17.2,17.2,1등급
K8(GL3 PE) 1.6 T-GDI HEV 17인치(nC),기아 주식회사,승용차,일반형,18.1,,17.9,18.2,1등급
렉서스 UX300h 2WD,한국토요타자동차㈜,승용차,다목적형,18,,19.4,16.5,1등급
캐스퍼(AX1) EV 기본형 15인치,현대자동차㈜,승용차,일반형,5.8,278,6.5,5.1,1등급
Mercedes-Benz E 220 d 4MATIC,메르세데스-벤츠코리아(주),승용차,일반형,16,,14.3,18.9,1등급
아이오닉6(CE1) 기본형 RWD 18인치 25MY,현대자동차㈜,승용차,일반형,6.2,367,6.8,5.5,1등급
Golf 2.0 TDI,폭스바겐그룹코리아 주식회사,승용차,일반형,17.3,,15.2,20.8,1등급
BMW 218d Active Tourer,BMW코리아㈜,승용차,일반형,16,,14.3,18.7,1등급
스포티지(NQ5) HEV PE 1.6T-GDI 2WD 6AT 18인치 빌트인캠 무,기아 주식회사,승용차,다목적형,16.3,,16.9,15.5,1등급
스포티지(NQ5) HEV PE 1.6T-GDI 2WD 6AT 17인치 빌트인캠 무,기아 주식회사,승용차,다목적형,16.3,,16.9,15.5,1등급
토요타 Camry,한국토요타자동차㈜,승용차,일반형,17.1,,17.5,16.7,1등급
